customer_id,signup_date,plan_type,plan_tier,monthly_price,acquisition_channel,primary_device,age_group,churned,churn_date,cancel_reason
1,2024-09-11,monthly,basic,12.99,promo_offer,android,45-54,yes,2025-06-29,technical_issues
2,2025-08-14,annual,basic,9.74,promo_offer,web,45-54,no,,
3,2025-01-24,monthly,basic,12.99,referral,ios,55+,no,,
4,2024-08-15,monthly,basic,12.99,paid_social,ios,25-34,yes,2024-08-20,not_using_enough
5,2025-06-24,annual,plus,14.99,paid_social,android,55+,no,,
6,2024-08-11,monthly,plus,19.99,organic,web,55+,yes,2025-03-01,not_using_enough
7,2024-11-05,monthly,plus,19.99,organic,android,25-34,yes,2024-12-28,other
8,2025-10-20,annual,plus,14.99,organic,web,45-54,no,,
9,2024-08-29,annual,basic,9.74,promo_offer,ios,25-34,yes,2025-07-27,too_expensive
10,2025-01-26,annual,basic,9.74,organic,ios,35-44,no,,
11,2025-10-08,monthly,basic,12.99,referral,android,25-34,no,,
12,2025-01-11,monthly,basic,12.99,partner,android,25-34,no,,
13,2024-12-28,monthly,basic,12.99,organic,web,25-34,yes,2025-02-17,not_using_enough
14,2025-06-02,monthly,basic,12.99,paid_social,android,35-44,no,,
15,2025-06-05,monthly,plus,19.99,partner,android,35-44,no,,
16,2025-08-27,annual,basic,9.74,organic,ios,35-44,no,,
17,2025-03-18,annual,basic,9.74,organic,ios,25-34,yes,2025-11-29,not_using_enough
18,2025-06-24,monthly,plus,19.99,promo_offer,ios,55+,yes,2025-06-27,too_expensive
19,2024-12-11,annual,basic,9.74,referral,ios,25-34,no,,
20,2025-01-14,monthly,basic,12.99,paid_social,android,35-44,yes,2025-02-14,found_alternative
21,2024-10-08,annual,basic,9.74,paid_social,android,35-44,no,,
22,2025-10-07,monthly,basic,12.99,paid_social,android,45-54,no,,
23,2025-08-16,annual,plus,14.99,referral,android,45-54,no,,
24,2024-08-10,annual,basic,9.74,promo_offer,ios,25-34,no,,
25,2025-04-08,monthly,basic,12.99,organic,android,18-24,yes,2025-04-11,technical_issues
26,2024-11-06,annual,basic,9.74,organic,ios,18-24,no,,
27,2024-11-01,annual,premium,22.49,paid_social,android,45-54,yes,2025-10-23,technical_issues
28,2025-10-13,monthly,basic,12.99,organic,ios,35-44,no,,
29,2025-06-21,monthly,plus,19.99,partner,web,18-24,yes,2025-09-28,found_alternative
30,2025-10-07,monthly,basic,12.99,referral,android,18-24,no,,
31,2024-12-15,annual,basic,9.74,promo_offer,android,25-34,yes,2025-03-03,not_using_enough
32,2025-01-03,monthly,basic,12.99,paid_social,android,35-44,yes,2025-02-12,not_using_enough
33,2024-10-31,monthly,plus,19.99,referral,ios,18-24,yes,2025-03-27,
34,2024-09-18,annual,premium,22.49,promo_offer,android,25-34,yes,2025-08-27,not_using_enough
35,2025-02-26,annual,premium,22.49,partner,android,35-44,no,,
36,2025-10-13,monthly,basic,12.99,paid_social,android,18-24,yes,2025-12-07,too_expensive
37,2024-12-15,monthly,premium,29.99,paid_social,web,25-34,no,,
38,2025-02-26,monthly,basic,12.99,organic,ios,25-34,yes,2025-08-10,not_using_enough
39,2025-08-07,monthly,basic,12.99,organic,ios,45-54,yes,2025-10-17,too_expensive
40,2025-08-15,annual,plus,14.99,partner,android,25-34,no,,
41,2025-04-07,monthly,plus,19.99,paid_social,ios,25-34,no,,
42,2024-07-13,annual,basic,9.74,promo_offer,web,45-54,yes,2025-06-12,
43,2025-02-16,monthly,basic,12.99,promo_offer,android,35-44,yes,2025-04-04,too_expensive
44,2025-04-03,annual,basic,9.74,paid_social,web,25-34,no,,
45,2025-07-07,monthly,plus,19.99,organic,ios,18-24,no,,
46,2025-02-27,monthly,premium,29.99,paid_social,ios,25-34,no,,
47,2025-01-21,monthly,basic,12.99,organic,ios,18-24,no,,
48,2025-04-24,annual,basic,9.74,promo_offer,ios,35-44,no,,
49,2025-02-24,monthly,basic,12.99,partner,ios,18-24,yes,2025-04-04,not_using_enough
50,2025-10-18,monthly,premium,29.99,promo_offer,android,35-44,yes,2025-11-30,
51,2024-08-02,annual,plus,14.99,organic,ios,18-24,no,,
52,2025-08-29,annual,basic,9.74,referral,ios,35-44,no,,
53,2025-08-07,annual,plus,14.99,partner,ios,45-54,no,,
54,2025-05-22,monthly,basic,12.99,referral,web,45-54,yes,2025-06-05,not_using_enough
55,2024-10-18,annual,plus,14.99,paid_social,ios,35-44,yes,2025-09-11,found_alternative
56,2025-04-24,monthly,basic,12.99,partner,ios,25-34,no,,
57,2024-12-19,monthly,plus,19.99,organic,ios,25-34,no,,
58,2024-11-05,monthly,basic,12.99,referral,ios,25-34,yes,2025-01-11,found_alternative
59,2025-04-11,monthly,basic,12.99,promo_offer,ios,55+,yes,2025-06-12,too_expensive
60,2025-04-07,monthly,plus,19.99,referral,ios,25-34,no,,
61,2025-04-15,monthly,basic,12.99,promo_offer,android,25-34,yes,2025-08-03,not_using_enough
62,2025-10-24,annual,plus,14.99,partner,ios,35-44,no,,
63,2025-04-22,annual,plus,14.99,paid_social,ios,35-44,no,,
64,2025-09-23,monthly,premium,29.99,partner,ios,55+,no,,
65,2024-10-15,monthly,premium,29.99,organic,ios,18-24,yes,2024-10-22,other
66,2024-09-23,annual,plus,14.99,paid_social,android,25-34,no,,
67,2024-09-12,annual,premium,22.49,promo_offer,ios,25-34,yes,2025-08-10,not_using_enough
68,2025-10-22,monthly,basic,12.99,paid_social,android,45-54,yes,2025-11-21,found_alternative
69,2024-12-04,monthly,plus,19.99,organic,ios,55+,yes,2025-03-07,other
70,2025-07-30,annual,plus,14.99,promo_offer,ios,45-54,no,,
71,2025-08-11,annual,basic,9.74,promo_offer,ios,18-24,no,,
72,2025-06-09,annual,basic,9.74,partner,android,45-54,no,,
73,2024-11-18,annual,basic,9.74,organic,android,35-44,yes,2025-10-20,too_expensive
74,2025-09-15,monthly,premium,29.99,partner,ios,25-34,yes,2025-10-15,
75,2025-07-28,annual,plus,14.99,organic,ios,35-44,no,,
76,2025-05-19,monthly,premium,29.99,paid_social,web,45-54,yes,2025-08-26,found_alternative
77,2025-03-09,monthly,basic,12.99,partner,web,45-54,no,,
78,2024-08-04,monthly,premium,29.99,paid_social,android,25-34,yes,2025-03-10,other
79,2024-09-08,monthly,plus,19.99,promo_offer,android,25-34,yes,2025-02-27,too_expensive
80,2025-02-12,monthly,basic,12.99,promo_offer,ios,25-34,no,,
81,2024-10-25,annual,plus,14.99,organic,android,45-54,yes,2025-09-11,other
82,2025-08-23,monthly,plus,19.99,partner,ios,25-34,no,,
83,2025-03-15,annual,plus,14.99,paid_social,ios,18-24,no,,
84,2025-08-15,annual,plus,14.99,partner,ios,18-24,no,,
85,2025-10-24,monthly,basic,12.99,referral,ios,45-54,no,,
86,2025-01-17,monthly,premium,29.99,organic,android,45-54,yes,2025-04-02,too_expensive
87,2025-08-13,monthly,plus,19.99,partner,android,25-34,yes,2025-10-05,technical_issues
88,2025-03-04,monthly,plus,19.99,organic,ios,45-54,yes,2025-03-26,other
89,2024-10-25,annual,plus,14.99,partner,android,35-44,no,,
90,2025-05-06,monthly,basic,12.99,referral,web,18-24,no,,
91,2024-09-20,annual,basic,9.74,partner,ios,25-34,yes,2025-08-10,technical_issues
92,2025-08-25,annual,basic,9.74,paid_social,ios,18-24,no,,
93,2025-09-26,monthly,basic,12.99,promo_offer,ios,35-44,yes,2025-11-10,
94,2025-01-08,monthly,plus,19.99,organic,ios,25-34,yes,2025-04-10,not_using_enough
95,2024-10-09,annual,plus,14.99,partner,android,45-54,yes,2025-09-15,too_expensive
96,2025-07-28,monthly,basic,12.99,organic,ios,25-34,no,,
97,2025-05-05,annual,plus,14.99,paid_social,ios,25-34,no,,
98,2025-09-21,annual,basic,9.74,partner,ios,25-34,no,,
99,2025-06-16,annual,plus,14.99,paid_social,ios,35-44,no,,
100,2025-06-12,monthly,basic,12.99,paid_social,android,18-24,yes,2025-12-16,
101,2025-02-25,annual,basic,9.74,organic,ios,25-34,no,,
102,2025-10-27,monthly,basic,12.99,paid_social,android,55+,yes,2025-12-01,
103,2025-07-18,monthly,plus,19.99,organic,android,35-44,no,,
104,2024-12-30,monthly,plus,19.99,organic,android,45-54,yes,2025-03-28,technical_issues
105,2025-06-27,monthly,plus,19.99,referral,web,45-54,yes,2025-06-28,too_expensive
106,2025-08-06,monthly,plus,19.99,promo_offer,android,25-34,yes,2025-12-16,technical_issues
107,2025-01-16,annual,plus,14.99,organic,android,25-34,no,,
108,2025-10-29,monthly,basic,12.99,organic,ios,18-24,yes,2025-12-17,
109,2025-07-15,annual,basic,9.74,referral,ios,25-34,no,,
110,2024-08-23,monthly,plus,19.99,promo_offer,android,45-54,yes,2024-11-14,
111,2024-09-27,monthly,basic,12.99,promo_offer,ios,55+,yes,2024-12-12,
112,2024-10-31,annual,premium,22.49,organic,ios,45-54,yes,2025-09-13,not_using_enough
113,2025-10-01,annual,plus,14.99,paid_social,web,55+,no,,
114,2025-06-24,annual,basic,9.74,promo_offer,ios,45-54,no,,
115,2024-09-29,monthly,plus,19.99,paid_social,web,25-34,no,,
116,2025-07-18,annual,premium,22.49,organic,ios,35-44,no,,
117,2024-08-16,monthly,basic,12.99,partner,android,35-44,no,,
118,2025-04-28,annual,basic,9.74,organic,ios,35-44,no,,
119,2024-12-15,annual,basic,9.74,organic,android,25-34,no,,
120,2024-10-11,monthly,plus,19.99,partner,android,35-44,yes,2025-04-20,not_using_enough
121,2024-10-15,monthly,premium,29.99,referral,ios,25-34,no,,
122,2025-10-12,monthly,premium,29.99,organic,ios,35-44,no,,
123,2025-10-20,annual,plus,14.99,referral,android,25-34,no,,
124,2025-08-11,annual,basic,9.74,referral,ios,35-44,no,,
125,2025-05-08,annual,basic,9.74,paid_social,ios,55+,no,,
126,2025-01-05,annual,basic,9.74,promo_offer,android,25-34,no,,
127,2025-09-06,monthly,premium,29.99,partner,android,35-44,yes,2025-09-30,not_using_enough
128,2025-02-27,annual,basic,9.74,referral,ios,45-54,no,,
129,2024-08-12,monthly,plus,19.99,organic,web,45-54,yes,2025-03-15,
130,2025-10-03,monthly,basic,12.99,partner,ios,35-44,no,,
131,2024-09-12,monthly,plus,19.99,promo_offer,android,25-34,yes,2025-12-08,
132,2024-12-14,monthly,premium,29.99,paid_social,web,55+,no,,
133,2025-09-14,annual,premium,22.49,organic,ios,35-44,no,,
134,2024-11-04,annual,basic,9.74,partner,ios,25-34,yes,2025-10-06,
135,2025-09-26,monthly,plus,19.99,paid_social,ios,25-34,yes,2025-12-31,not_using_enough
136,2025-03-04,annual,plus,14.99,organic,android,35-44,no,,
137,2025-08-16,monthly,premium,29.99,referral,android,25-34,no,,
138,2025-07-14,annual,basic,9.74,partner,android,35-44,no,,
139,2025-08-28,annual,basic,9.74,organic,android,35-44,no,,
140,2025-10-06,annual,basic,9.74,promo_offer,ios,25-34,no,,
141,2024-10-20,monthly,basic,12.99,organic,ios,25-34,yes,2025-07-08,not_using_enough
142,2024-11-30,annual,plus,14.99,organic,ios,45-54,no,,
143,2025-08-05,annual,plus,14.99,paid_social,ios,35-44,no,,
144,2024-08-17,monthly,plus,19.99,paid_social,web,25-34,no,,
145,2025-02-19,monthly,basic,12.99,organic,ios,35-44,yes,2025-08-05,not_using_enough
146,2024-07-03,monthly,basic,12.99,paid_social,ios,25-34,no,,
147,2024-11-23,monthly,basic,12.99,paid_social,android,25-34,yes,2024-12-07,
148,2025-07-14,annual,basic,9.74,organic,ios,25-34,no,,
149,2025-02-07,monthly,basic,12.99,paid_social,ios,25-34,yes,2025-04-08,
150,2025-04-02,monthly,plus,19.99,promo_offer,ios,35-44,yes,2025-06-10,too_expensive
151,2024-08-10,monthly,plus,19.99,organic,ios,55+,yes,2024-09-20,other
152,2025-03-23,monthly,Premium,29.99,organic,android,55+,no,,
153,2024-11-03,monthly,plus,19.99,partner,ios,25-34,yes,2025-07-09,other
154,2025-05-28,monthly,basic,12.99,partner,android,18-24,no,,
155,2025-01-15,monthly,plus,19.99,promo_offer,android,25-34,yes,2025-04-22,technical_issues
156,2025-09-24,annual,basic,9.74,organic,ios,45-54,no,,
157,2024-11-04,monthly,plus,19.99,organic,web,25-34,yes,2025-03-06,found_alternative
158,2025-07-13,monthly,basic,12.99,organic,android,25-34,yes,2025-09-16,not_using_enough
159,2024-12-12,monthly,basic,12.99,promo_offer,web,55+,no,,
160,2024-11-06,monthly,premium,29.99,referral,android,25-34,yes,2024-12-14,
161,2024-11-27,annual,premium,22.49,paid_social,web,35-44,yes,2025-10-19,other
162,2025-10-17,monthly,premium,29.99,organic,web,25-34,no,,
163,2025-10-16,monthly,basic,12.99,paid_social,android,25-34,no,,
164,2025-09-11,annual,plus,14.99,organic,web,18-24,no,,
165,2024-09-26,monthly,basic,12.99,organic,web,25-34,yes,2025-01-18,not_using_enough
166,2025-10-18,monthly,plus,19.99,partner,android,25-34,no,,
167,2025-02-04,monthly,basic,12.99,referral,ios,25-34,no,,
168,2024-09-15,annual,plus,14.99,paid_social,android,35-44,yes,2025-08-12,not_using_enough
169,2024-10-16,monthly,premium,29.99,referral,ios,25-34,yes,2024-10-17,not_using_enough
170,2024-11-10,annual,premium,22.49,paid_social,android,25-34,no,,
171,2024-12-29,annual,plus,14.99,partner,android,45-54,yes,2025-11-28,technical_issues
172,2024-08-07,monthly,premium,29.99,partner,android,25-34,yes,2025-07-02,other
173,2025-05-06,annual,plus,14.99,referral,ios,25-34,no,,
174,2025-08-10,annual,basic,9.74,referral,android,18-24,no,,
175,2024-08-02,monthly,basic,12.99,organic,web,35-44,yes,2024-09-26,
176,2024-12-02,annual,basic,9.74,partner,ios,25-34,yes,2025-11-25,
177,2025-05-15,annual,plus,14.99,promo_offer,android,55+,no,,
178,2025-02-26,monthly,plus,19.99,promo_offer,ios,55+,no,,
179,2024-12-17,monthly,plus,19.99,referral,web,25-34,no,,
180,2025-05-08,monthly,plus,19.99,promo_offer,android,35-44,yes,2025-07-18,too_expensive
181,2024-08-15,monthly,premium,29.99,organic,ios,18-24,no,,
182,2024-09-18,monthly,plus,19.99,organic,android,35-44,no,,
183,2024-09-28,monthly,plus,19.99,paid_social,ios,45-54,yes,2025-09-01,not_using_enough
184,2025-05-07,monthly,basic,12.99,organic,android,45-54,yes,2025-07-29,technical_issues
185,2025-10-06,monthly,basic,12.99,paid_social,ios,18-24,no,,
186,2025-02-17,monthly,plus,19.99,paid_social,ios,45-54,no,,
187,2025-02-06,monthly,plus,19.99,paid_social,android,45-54,no,,
188,2025-03-08,monthly,plus,19.99,partner,ios,25-34,yes,2025-03-31,found_alternative
189,2025-03-17,annual,basic,9.74,referral,ios,45-54,no,,
190,2025-04-03,monthly,basic,12.99,referral,web,35-44,no,,
191,2025-01-11,monthly,basic,12.99,organic,ios,45-54,no,,
192,2025-08-30,monthly,premium,29.99,organic,android,25-34,no,,
193,2025-08-22,annual,plus,14.99,organic,ios,25-34,no,,
194,2025-03-19,monthly,basic,12.99,referral,ios,25-34,no,,
195,2024-09-17,monthly,basic,12.99,paid_social,android,25-34,yes,2025-11-06,
196,2025-04-26,annual,Premium,22.49,organic,ios,25-34,no,,
197,2024-08-19,annual,basic,9.74,referral,ios,25-34,no,,
198,2025-04-13,monthly,plus,19.99,paid_social,ios,18-24,yes,2025-05-25,not_using_enough
199,2024-09-02,monthly,plus,19.99,organic,ios,25-34,yes,2024-09-16,found_alternative
200,2024-11-25,annual,basic,9.74,paid_social,android,35-44,yes,2025-10-28,not_using_enough
201,2025-04-10,annual,basic,9.74,referral,ios,45-54,no,,
202,2025-10-06,monthly,plus,19.99,promo_offer,ios,25-34,no,,
203,2025-07-28,annual,basic,9.74,paid_social,ios,25-34,no,,
204,2024-07-11,monthly,basic,12.99,promo_offer,android,25-34,yes,2024-09-20,not_using_enough
205,2025-01-11,annual,plus,14.99,organic,android,25-34,no,,
206,2025-10-17,monthly,basic,12.99,organic,web,35-44,no,,
207,2025-09-25,annual,basic,9.74,organic,ios,25-34,no,,
208,2025-04-16,monthly,plus,19.99,promo_offer,ios,25-34,no,,
209,2025-10-06,monthly,plus,19.99,paid_social,ios,35-44,no,,
210,2025-05-04,annual,basic,9.74,promo_offer,web,55+,no,,
211,2024-10-07,annual,basic,9.74,referral,ios,35-44,yes,2025-09-06,other
212,2025-07-03,monthly,premium,29.99,paid_social,ios,18-24,no,,
213,2025-10-15,monthly,basic,12.99,referral,ios,25-34,yes,2025-11-30,not_using_enough
214,2025-07-18,monthly,plus,19.99,partner,android,35-44,yes,2025-11-01,
215,2025-01-06,annual,basic,9.74,promo_offer,web,55+,yes,2025-12-09,not_using_enough
216,2025-02-22,monthly,basic,12.99,referral,android,35-44,no,,
217,2025-05-31,monthly,basic,12.99,paid_social,ios,25-34,yes,2025-06-17,not_using_enough
218,2024-11-05,annual,plus,14.99,paid_social,ios,18-24,no,,
219,2025-08-18,annual,plus,14.99,paid_social,ios,25-34,no,,
220,2024-11-20,annual,basic,9.74,organic,web,55+,no,,
221,2025-09-11,annual,plus,14.99,organic,ios,25-34,no,,
222,2024-07-06,monthly,basic,12.99,organic,web,25-34,yes,2024-09-22,other
223,2025-06-04,annual,basic,9.74,organic,ios,25-34,no,,
224,2024-10-05,monthly,plus,19.99,paid_social,android,45-54,yes,2025-03-17,not_using_enough
225,2025-02-10,monthly,basic,12.99,paid_social,web,45-54,no,,
226,2025-10-12,monthly,premium,29.99,referral,web,25-34,no,,
227,2024-11-05,annual,basic,9.74,paid_social,ios,25-34,no,,
228,2024-10-09,annual,plus,14.99,referral,web,18-24,no,,
229,2025-03-01,annual,plus,14.99,organic,android,35-44,no,,
230,2024-12-18,monthly,basic,12.99,referral,android,45-54,no,,
231,2024-11-27,monthly,plus,19.99,promo_offer,ios,18-24,no,,
232,2024-12-03,monthly,basic,12.99,partner,android,35-44,yes,2025-08-25,
233,2025-03-26,annual,basic,9.74,paid_social,web,25-34,no,,
234,2025-06-27,monthly,basic,12.99,partner,android,35-44,no,,
235,2024-09-30,annual,plus,14.99,partner,android,55+,no,,
236,2024-10-14,monthly,Basic,12.99,paid_social,web,35-44,yes,2025-06-04,other
237,2024-09-12,monthly,plus,19.99,paid_social,android,18-24,yes,2025-02-07,not_using_enough
238,2025-07-21,monthly,plus,19.99,paid_social,android,35-44,no,,
239,2025-02-13,annual,plus,14.99,paid_social,ios,35-44,no,,
240,2025-01-29,monthly,Basic,12.99,promo_offer,android,45-54,yes,2025-03-08,too_expensive
241,2025-04-21,monthly,premium,29.99,paid_social,android,35-44,yes,2025-12-23,too_expensive
242,2024-09-12,monthly,basic,12.99,partner,ios,18-24,no,,
243,2025-08-09,monthly,plus,19.99,promo_offer,ios,35-44,yes,2025-10-31,
244,2025-05-16,monthly,plus,19.99,paid_social,android,35-44,yes,2025-05-18,not_using_enough
245,2025-02-06,annual,Premium,22.49,promo_offer,android,35-44,no,,
246,2025-08-25,monthly,basic,12.99,promo_offer,android,25-34,no,,
247,2025-04-11,annual,basic,9.74,partner,ios,45-54,no,,
248,2024-10-21,annual,plus,14.99,promo_offer,android,45-54,yes,2025-09-29,not_using_enough
249,2024-07-08,monthly,plus,19.99,referral,android,25-34,no,,
250,2025-01-03,annual,premium,22.49,promo_offer,ios,25-34,yes,2025-12-10,not_using_enough
251,2024-12-07,monthly,plus,19.99,organic,ios,35-44,yes,2025-05-16,not_using_enough
252,2024-11-19,monthly,premium,29.99,promo_offer,android,35-44,yes,2025-06-26,too_expensive
253,2025-09-22,annual,basic,9.74,promo_offer,ios,25-34,no,,
254,2024-10-02,monthly,plus,19.99,promo_offer,ios,45-54,yes,2024-10-20,too_expensive
255,2024-10-26,monthly,basic,12.99,partner,web,18-24,no,,
256,2024-12-02,annual,basic,9.74,paid_social,web,18-24,no,,
257,2024-11-04,monthly,plus,19.99,partner,ios,18-24,yes,2025-10-28,other
258,2024-09-22,monthly,basic,12.99,paid_social,android,35-44,yes,2024-12-18,not_using_enough
259,2025-03-20,annual,premium,22.49,organic,android,35-44,no,,
260,2025-10-30,annual,basic,9.74,promo_offer,ios,35-44,no,,
261,2025-04-02,monthly,premium,29.99,referral,web,35-44,yes,2025-07-15,other
262,2024-10-20,monthly,plus,19.99,organic,android,35-44,yes,2025-08-23,
263,2024-12-25,monthly,basic,12.99,paid_social,ios,25-34,no,,
264,2025-01-18,monthly,premium,29.99,promo_offer,ios,55+,no,,
265,2024-08-02,monthly,basic,12.99,promo_offer,ios,35-44,yes,2024-08-12,too_expensive
266,2025-06-16,monthly,plus,19.99,promo_offer,ios,25-34,no,,
267,2025-02-02,annual,plus,14.99,referral,web,25-34,no,,
268,2024-12-03,monthly,basic,12.99,paid_social,ios,25-34,no,,
269,2025-10-11,monthly,plus,19.99,partner,ios,25-34,no,,
270,2025-04-23,annual,basic,9.74,promo_offer,android,55+,no,,
271,2025-08-07,annual,premium,22.49,referral,ios,45-54,no,,
272,2025-03-30,monthly,plus,19.99,organic,web,18-24,no,,
273,2025-05-05,monthly,basic,12.99,promo_offer,android,18-24,yes,2025-07-23,
274,2025-01-11,monthly,basic,12.99,referral,ios,18-24,yes,2025-03-22,not_using_enough
275,2025-06-11,annual,premium,22.49,promo_offer,ios,35-44,no,,
276,2024-07-24,monthly,plus,19.99,paid_social,ios,18-24,yes,2024-12-06,technical_issues
277,2024-08-05,annual,premium,22.49,organic,android,55+,yes,2025-07-05,too_expensive
278,2024-10-18,annual,basic,9.74,organic,ios,18-24,yes,2025-09-06,not_using_enough
279,2025-09-09,monthly,basic,12.99,paid_social,ios,25-34,yes,2025-12-05,not_using_enough
280,2025-03-12,monthly,plus,19.99,organic,ios,45-54,yes,2025-03-21,not_using_enough
281,2025-03-26,monthly,basic,12.99,promo_offer,ios,25-34,yes,2025-07-02,too_expensive
282,2025-09-23,monthly,Premium,29.99,promo_offer,ios,18-24,yes,2025-11-21,other
283,2024-07-25,monthly,plus,19.99,promo_offer,ios,18-24,yes,2024-08-27,
284,2024-12-11,monthly,basic,12.99,partner,web,25-34,no,,
285,2024-09-07,annual,basic,9.74,organic,ios,35-44,no,,
286,2025-09-26,monthly,premium,29.99,paid_social,android,25-34,no,,
287,2024-12-27,monthly,basic,12.99,organic,ios,45-54,yes,2025-03-23,not_using_enough
288,2025-05-10,monthly,basic,12.99,promo_offer,android,35-44,yes,2025-08-23,too_expensive
289,2024-09-06,monthly,basic,12.99,promo_offer,android,18-24,yes,2024-12-28,not_using_enough
290,2024-11-19,monthly,premium,29.99,paid_social,web,45-54,yes,2025-01-25,
291,2024-12-08,monthly,plus,19.99,paid_social,ios,25-34,yes,2025-04-05,not_using_enough
292,2025-03-30,annual,plus,14.99,promo_offer,android,35-44,no,,
293,2025-07-09,monthly,plus,19.99,paid_social,ios,55+,no,,
294,2025-03-15,monthly,basic,12.99,organic,android,35-44,yes,2025-06-19,
295,2025-07-03,annual,plus,14.99,organic,ios,18-24,no,,
296,2024-10-26,annual,basic,9.74,promo_offer,ios,25-34,yes,2025-09-12,
297,2024-09-30,monthly,premium,29.99,referral,android,35-44,no,,
298,2025-02-27,annual,plus,14.99,partner,android,25-34,no,,
299,2025-02-21,annual,basic,9.74,promo_offer,ios,45-54,no,,
300,2024-12-22,monthly,basic,12.99,organic,ios,25-34,no,,
301,2024-08-12,monthly,plus,19.99,promo_offer,web,35-44,yes,2025-04-02,found_alternative
302,2025-05-01,annual,basic,9.74,paid_social,ios,35-44,yes,2025-11-25,found_alternative
303,2025-04-11,annual,basic,9.74,organic,ios,35-44,no,,
304,2024-08-26,monthly,plus,19.99,referral,android,25-34,no,,
305,2025-03-04,monthly,basic,12.99,paid_social,ios,18-24,yes,2025-12-06,
306,2024-08-10,annual,basic,9.74,paid_social,ios,35-44,no,,
307,2025-03-12,monthly,plus,19.99,partner,ios,25-34,no,,
308,2025-10-25,annual,plus,14.99,paid_social,ios,25-34,no,,
309,2025-10-08,monthly,basic,12.99,organic,android,18-24,yes,2025-10-21,not_using_enough
310,2025-08-24,monthly,plus,19.99,paid_social,ios,55+,no,,
311,2025-10-18,monthly,plus,19.99,paid_social,ios,35-44,no,,
312,2024-11-06,monthly,plus,19.99,paid_social,ios,25-34,no,,
313,2024-10-26,annual,premium,22.49,organic,android,25-34,yes,2025-09-23,not_using_enough
314,2025-02-08,monthly,premium,29.99,promo_offer,android,45-54,yes,2025-04-15,not_using_enough
315,2025-08-12,monthly,basic,12.99,organic,web,25-34,yes,2025-09-13,too_expensive
316,2025-06-05,monthly,plus,19.99,paid_social,android,35-44,no,,
317,2025-09-27,monthly,plus,19.99,organic,web,55+,no,,
318,2025-08-14,monthly,plus,19.99,paid_social,web,45-54,no,,
319,2025-03-19,monthly,plus,19.99,referral,android,18-24,yes,2025-12-30,not_using_enough
320,2025-07-23,annual,plus,14.99,referral,android,45-54,no,,
321,2025-07-24,monthly,basic,12.99,paid_social,web,55+,no,,
322,2024-08-02,monthly,basic,12.99,paid_social,web,35-44,yes,2025-03-03,too_expensive
323,2025-05-19,monthly,basic,12.99,promo_offer,android,35-44,yes,2025-06-14,
324,2025-04-28,monthly,plus,19.99,partner,ios,25-34,yes,2025-11-30,too_expensive
325,2024-07-20,annual,plus,14.99,organic,web,35-44,no,,
326,2024-11-25,annual,basic,9.74,organic,android,25-34,yes,2025-10-05,too_expensive
327,2025-10-07,monthly,basic,12.99,paid_social,ios,35-44,no,,
328,2025-09-21,monthly,plus,19.99,paid_social,ios,45-54,no,,
329,2024-10-23,monthly,premium,29.99,paid_social,android,35-44,yes,2025-03-22,not_using_enough
330,2025-09-01,monthly,plus,19.99,referral,android,25-34,yes,2025-10-02,not_using_enough
331,2024-10-24,annual,basic,9.74,partner,android,25-34,yes,2025-03-14,other
332,2025-09-22,annual,plus,14.99,organic,ios,45-54,no,,
333,2025-09-20,monthly,basic,12.99,promo_offer,android,18-24,yes,2025-10-02,too_expensive
334,2024-09-23,monthly,plus,19.99,paid_social,android,45-54,yes,2024-11-03,
335,2025-01-15,monthly,basic,12.99,organic,ios,35-44,yes,2025-05-26,other
336,2024-08-08,monthly,plus,19.99,paid_social,web,25-34,yes,2024-09-30,other
337,2025-02-09,monthly,Basic,12.99,partner,ios,25-34,no,,
338,2025-05-09,monthly,plus,19.99,paid_social,ios,35-44,yes,2025-07-22,not_using_enough
339,2024-11-19,monthly,premium,29.99,paid_social,ios,25-34,yes,2025-04-04,too_expensive
340,2024-09-13,annual,plus,14.99,paid_social,web,35-44,yes,2025-08-13,other
341,2025-03-07,monthly,basic,12.99,partner,ios,25-34,yes,2025-08-11,other
342,2025-08-26,annual,basic,9.74,promo_offer,ios,18-24,no,,
343,2024-12-18,annual,plus,14.99,promo_offer,ios,35-44,no,,
344,2025-01-06,monthly,premium,29.99,organic,android,25-34,no,,
345,2025-02-18,annual,plus,14.99,referral,ios,45-54,no,,
346,2025-01-08,annual,basic,9.74,organic,ios,35-44,no,,
347,2025-01-02,monthly,Basic,12.99,paid_social,android,55+,yes,2025-04-08,found_alternative
348,2025-05-13,annual,premium,22.49,paid_social,android,45-54,no,,
349,2025-03-29,monthly,plus,19.99,promo_offer,android,18-24,no,,
350,2025-08-04,annual,plus,14.99,partner,android,18-24,no,,
351,2025-02-12,monthly,plus,19.99,paid_social,android,18-24,no,,
352,2025-04-23,annual,plus,14.99,promo_offer,web,25-34,no,,
353,2025-02-19,monthly,plus,19.99,organic,android,18-24,yes,2025-08-07,not_using_enough
354,2024-07-16,monthly,plus,19.99,organic,web,35-44,yes,2024-09-10,not_using_enough
355,2025-07-14,annual,plus,14.99,organic,android,35-44,no,,
356,2025-03-29,monthly,basic,12.99,partner,android,55+,no,,
357,2025-08-15,monthly,basic,12.99,partner,web,35-44,no,,
358,2025-10-30,monthly,plus,19.99,promo_offer,android,25-34,yes,2025-12-18,too_expensive
359,2024-10-03,monthly,plus,19.99,paid_social,android,55+,no,,
360,2024-08-10,monthly,plus,19.99,paid_social,android,18-24,yes,2024-12-10,
361,2024-12-22,monthly,premium,29.99,partner,android,35-44,yes,2025-04-28,
362,2024-08-23,annual,Premium,22.49,promo_offer,ios,45-54,no,,
363,2025-05-02,monthly,Basic,12.99,organic,android,25-34,no,,
364,2025-03-03,monthly,plus,19.99,promo_offer,web,25-34,yes,2025-03-25,too_expensive
365,2024-07-06,monthly,basic,12.99,organic,ios,18-24,yes,2025-01-15,technical_issues
366,2024-07-06,annual,premium,22.49,promo_offer,android,55+,yes,2025-06-15,
367,2025-08-29,monthly,basic,12.99,paid_social,web,25-34,no,,
368,2025-04-21,annual,premium,22.49,promo_offer,android,18-24,no,,
369,2025-03-27,monthly,plus,19.99,promo_offer,ios,35-44,yes,2025-05-14,too_expensive
370,2025-06-28,annual,plus,14.99,organic,web,18-24,no,,
371,2024-10-17,monthly,basic,12.99,paid_social,web,18-24,yes,2025-01-02,other
372,2025-03-18,monthly,premium,29.99,partner,ios,45-54,no,,
373,2024-12-06,annual,basic,9.74,organic,web,35-44,yes,2025-11-25,not_using_enough
374,2025-02-17,monthly,basic,12.99,organic,android,25-34,yes,2025-02-20,other
375,2025-04-25,annual,plus,14.99,partner,android,25-34,no,,
376,2025-05-27,monthly,basic,12.99,organic,android,25-34,yes,2025-09-03,not_using_enough
377,2025-01-03,annual,basic,9.74,paid_social,ios,18-24,yes,2025-12-26,
378,2025-10-19,monthly,basic,12.99,partner,web,18-24,no,,
379,2025-04-01,annual,premium,22.49,promo_offer,ios,35-44,no,,
380,2024-11-01,monthly,plus,19.99,paid_social,ios,55+,yes,2024-11-21,not_using_enough
381,2025-03-31,annual,basic,9.74,organic,android,45-54,no,,
382,2024-11-07,monthly,basic,12.99,paid_social,ios,55+,no,,
383,2024-07-31,monthly,plus,19.99,paid_social,ios,35-44,no,,
384,2025-09-14,monthly,plus,19.99,paid_social,web,25-34,no,,
385,2025-05-11,annual,plus,14.99,partner,ios,45-54,yes,2025-05-26,not_using_enough
386,2025-09-02,monthly,plus,19.99,partner,web,45-54,no,,
387,2025-08-26,monthly,plus,19.99,referral,android,25-34,no,,
388,2025-04-07,monthly,plus,19.99,paid_social,web,25-34,yes,2025-07-18,not_using_enough
389,2025-08-26,annual,basic,9.74,promo_offer,ios,25-34,no,,
390,2025-04-08,annual,plus,14.99,organic,ios,35-44,no,,
391,2025-05-05,monthly,plus,19.99,organic,android,45-54,yes,2025-05-19,not_using_enough
392,2025-04-15,monthly,premium,29.99,paid_social,ios,55+,no,,
393,2025-07-29,monthly,basic,12.99,promo_offer,ios,35-44,yes,2025-08-14,not_using_enough
394,2024-07-05,annual,basic,9.74,organic,ios,55+,yes,2025-06-08,
395,2024-12-09,annual,Plus,14.99,promo_offer,android,25-34,yes,2025-11-18,
396,2025-08-11,monthly,basic,12.99,organic,ios,25-34,yes,2025-08-20,
397,2024-09-05,monthly,plus,19.99,paid_social,android,18-24,yes,2024-09-17,not_using_enough
398,2024-12-23,annual,Premium,22.49,organic,android,35-44,yes,2025-11-14,
399,2025-07-20,monthly,basic,12.99,promo_offer,ios,25-34,yes,2025-10-13,too_expensive
400,2025-06-18,annual,plus,14.99,partner,ios,25-34,no,,
401,2024-11-23,monthly,plus,19.99,organic,web,55+,yes,2025-04-13,found_alternative
402,2025-03-12,annual,basic,9.74,paid_social,android,35-44,no,,
403,2025-10-19,annual,basic,9.74,paid_social,web,18-24,no,,
404,2025-06-26,monthly,plus,19.99,promo_offer,ios,25-34,no,,
405,2024-08-09,monthly,basic,12.99,referral,ios,25-34,no,,
406,2024-08-12,monthly,basic,12.99,referral,android,35-44,yes,2025-07-07,technical_issues
407,2024-10-27,monthly,premium,29.99,promo_offer,android,25-34,no,,
408,2025-05-23,monthly,premium,29.99,organic,android,25-34,yes,2025-09-07,not_using_enough
409,2025-08-22,monthly,basic,12.99,promo_offer,android,45-54,no,,
410,2025-10-10,annual,basic,9.74,organic,web,35-44,no,,
411,2025-09-07,annual,basic,9.74,organic,web,25-34,no,,
412,2025-08-19,monthly,plus,19.99,partner,android,55+,no,,
413,2025-05-10,monthly,basic,12.99,organic,ios,18-24,no,,
414,2024-07-14,annual,plus,14.99,organic,web,35-44,yes,2025-06-07,not_using_enough
415,2025-08-04,annual,basic,9.74,paid_social,web,55+,no,,
416,2025-01-08,annual,premium,22.49,paid_social,android,55+,no,,
417,2024-09-24,annual,plus,14.99,promo_offer,ios,18-24,yes,2025-08-17,not_using_enough
418,2025-05-25,annual,premium,22.49,organic,web,35-44,no,,
419,2025-07-04,monthly,premium,29.99,referral,ios,25-34,yes,2025-10-28,not_using_enough
420,2024-07-13,monthly,basic,12.99,promo_offer,android,35-44,yes,2024-10-22,too_expensive
421,2024-07-01,annual,plus,14.99,organic,ios,45-54,no,,
422,2025-08-18,monthly,basic,12.99,organic,ios,25-34,no,,
423,2024-11-09,annual,basic,9.74,paid_social,android,25-34,no,,
424,2024-07-28,monthly,basic,12.99,promo_offer,android,45-54,yes,2024-08-18,too_expensive
425,2025-09-16,monthly,basic,12.99,promo_offer,ios,25-34,yes,2025-12-29,
426,2025-06-14,monthly,plus,19.99,organic,android,25-34,no,,
427,2024-11-06,monthly,basic,12.99,promo_offer,ios,25-34,yes,2025-01-08,
428,2024-12-07,annual,basic,9.74,promo_offer,android,55+,yes,2025-11-02,too_expensive
429,2025-08-09,annual,basic,9.74,paid_social,ios,18-24,no,,
430,2024-12-26,monthly,plus,19.99,promo_offer,android,35-44,no,,
431,2025-08-29,monthly,basic,12.99,referral,android,18-24,no,,
432,2025-05-29,annual,basic,9.74,organic,ios,25-34,yes,2025-09-04,
433,2025-01-10,annual,plus,14.99,organic,ios,35-44,yes,2025-12-08,other
434,2025-10-26,annual,basic,9.74,organic,web,25-34,no,,
435,2024-12-19,monthly,premium,29.99,referral,android,45-54,no,,
436,2025-10-03,annual,premium,22.49,organic,ios,18-24,no,,
437,2025-06-25,annual,plus,14.99,organic,ios,18-24,no,,
438,2024-11-07,annual,plus,14.99,organic,android,45-54,no,,
439,2024-10-19,monthly,basic,12.99,organic,android,45-54,yes,2025-02-18,
440,2025-05-08,monthly,premium,29.99,organic,android,45-54,yes,2025-08-15,
441,2024-07-01,annual,basic,9.74,paid_social,ios,55+,yes,2025-06-20,technical_issues
442,2025-01-25,monthly,plus,19.99,partner,ios,18-24,yes,2025-08-07,technical_issues
443,2024-11-15,monthly,basic,12.99,paid_social,ios,45-54,yes,2025-02-24,
444,2025-06-17,monthly,premium,29.99,organic,ios,35-44,no,,
445,2025-04-26,monthly,basic,12.99,paid_social,ios,18-24,no,,
446,2025-08-25,monthly,basic,12.99,paid_social,ios,18-24,no,,
447,2025-06-16,monthly,plus,19.99,organic,ios,45-54,no,,
448,2024-10-04,annual,basic,9.74,paid_social,web,25-34,yes,2025-09-03,not_using_enough
449,2024-08-26,monthly,premium,29.99,paid_social,ios,35-44,yes,2024-10-25,not_using_enough
450,2025-01-02,monthly,basic,12.99,promo_offer,ios,25-34,yes,2025-04-05,not_using_enough
451,2025-01-28,annual,basic,9.74,organic,ios,18-24,yes,2025-12-11,
452,2025-07-22,monthly,plus,19.99,partner,web,55+,no,,
453,2025-03-10,monthly,plus,19.99,promo_offer,ios,18-24,yes,2025-05-12,too_expensive
454,2025-08-04,annual,basic,9.74,paid_social,ios,25-34,no,,
455,2025-02-07,monthly,premium,29.99,referral,ios,35-44,yes,2025-02-22,
456,2024-12-25,monthly,plus,19.99,organic,android,25-34,no,,
457,2025-08-11,monthly,plus,19.99,organic,android,18-24,no,,
458,2025-06-14,monthly,plus,19.99,promo_offer,ios,25-34,yes,2025-08-27,too_expensive
459,2025-08-09,monthly,premium,29.99,paid_social,ios,25-34,no,,
460,2024-10-31,annual,plus,14.99,referral,ios,25-34,no,,
461,2025-05-05,annual,basic,9.74,promo_offer,android,45-54,no,,
462,2024-09-27,annual,plus,14.99,promo_offer,ios,35-44,no,,
463,2025-07-12,monthly,basic,12.99,partner,ios,55+,yes,2025-07-22,found_alternative
464,2025-08-11,annual,plus,14.99,organic,android,35-44,no,,
465,2025-10-18,monthly,plus,19.99,paid_social,ios,18-24,no,,
466,2025-02-23,monthly,plus,19.99,promo_offer,ios,25-34,yes,2025-04-23,other
467,2025-01-17,annual,basic,9.74,organic,ios,25-34,yes,2025-12-02,
468,2025-03-01,monthly,plus,19.99,partner,android,18-24,yes,2025-12-12,found_alternative
469,2024-12-14,annual,basic,9.74,paid_social,ios,35-44,no,,
470,2025-04-08,monthly,basic,12.99,organic,android,55+,yes,2025-06-23,not_using_enough
471,2024-07-28,monthly,basic,12.99,organic,ios,35-44,no,,
472,2024-10-10,monthly,premium,29.99,promo_offer,ios,18-24,no,,
473,2025-10-05,annual,plus,14.99,partner,android,35-44,no,,
474,2025-01-13,monthly,basic,12.99,paid_social,android,35-44,yes,2025-10-30,not_using_enough
475,2024-09-28,monthly,basic,12.99,partner,ios,35-44,yes,2025-02-05,too_expensive
476,2025-01-10,annual,basic,9.74,promo_offer,ios,25-34,no,,
477,2025-03-06,monthly,basic,12.99,promo_offer,ios,25-34,no,,
478,2025-06-11,monthly,plus,19.99,partner,android,25-34,yes,2025-08-29,technical_issues
479,2025-09-14,monthly,plus,19.99,promo_offer,ios,45-54,yes,2025-12-22,
480,2025-02-01,monthly,basic,12.99,partner,web,25-34,yes,2025-02-02,other
481,2024-11-02,monthly,basic,12.99,promo_offer,ios,25-34,yes,2025-11-07,
482,2025-05-08,monthly,basic,12.99,referral,ios,18-24,no,,
483,2025-05-19,monthly,basic,12.99,paid_social,android,35-44,no,,
484,2024-07-08,monthly,plus,19.99,organic,ios,55+,no,,
485,2025-03-10,annual,plus,14.99,promo_offer,ios,18-24,no,,
486,2024-10-25,annual,basic,9.74,promo_offer,ios,25-34,yes,2025-09-28,not_using_enough
487,2025-06-03,monthly,plus,19.99,organic,android,35-44,yes,2025-08-21,found_alternative
488,2025-05-15,monthly,basic,12.99,partner,android,25-34,yes,2025-05-20,
489,2025-01-31,monthly,plus,19.99,promo_offer,android,45-54,no,,
490,2025-01-10,annual,basic,9.74,promo_offer,web,35-44,no,,
491,2025-04-23,monthly,plus,19.99,organic,web,25-34,no,,
492,2024-12-04,monthly,premium,29.99,partner,ios,18-24,yes,2025-07-22,too_expensive
493,2025-04-12,monthly,plus,19.99,organic,ios,25-34,no,,
494,2025-09-04,annual,plus,14.99,organic,ios,25-34,no,,
495,2025-01-10,annual,basic,9.74,paid_social,ios,35-44,yes,2025-12-22,not_using_enough
496,2025-05-15,monthly,premium,29.99,organic,android,25-34,no,,
497,2024-10-24,monthly,plus,19.99,referral,web,18-24,no,,
498,2025-01-04,monthly,basic,12.99,paid_social,android,18-24,yes,2025-01-08,
499,2024-11-21,monthly,basic,12.99,paid_social,android,25-34,no,,
500,2024-11-11,monthly,basic,12.99,organic,android,25-34,no,,
501,2024-12-11,monthly,plus,19.99,referral,web,25-34,no,,
502,2025-04-25,monthly,premium,29.99,referral,android,18-24,no,,
503,2025-09-14,annual,premium,22.49,organic,web,18-24,no,,
504,2025-03-27,annual,plus,14.99,promo_offer,ios,25-34,no,,
505,2025-07-31,monthly,premium,29.99,promo_offer,android,18-24,no,,
506,2025-10-21,monthly,premium,29.99,partner,web,25-34,no,,
507,2025-05-05,monthly,plus,19.99,organic,android,18-24,yes,2025-12-03,other
508,2024-10-14,monthly,basic,12.99,referral,ios,18-24,no,,
509,2025-07-04,monthly,basic,12.99,promo_offer,android,25-34,no,,
510,2025-09-07,annual,plus,14.99,promo_offer,web,55+,no,,
511,2024-11-16,annual,basic,9.74,promo_offer,ios,55+,yes,2025-10-03,other
512,2025-06-24,monthly,plus,19.99,paid_social,ios,25-34,yes,2025-09-24,too_expensive
513,2025-05-26,monthly,basic,12.99,organic,android,25-34,no,,
514,2025-02-02,monthly,basic,12.99,paid_social,ios,25-34,no,,
515,2024-10-07,annual,basic,9.74,organic,android,35-44,yes,2025-09-05,not_using_enough
516,2025-10-08,monthly,plus,19.99,organic,ios,45-54,no,,
517,2025-04-01,monthly,basic,12.99,organic,ios,55+,no,,
518,2025-07-16,monthly,basic,12.99,promo_offer,android,35-44,no,,
519,2025-01-20,annual,plus,14.99,promo_offer,web,35-44,yes,2025-12-27,not_using_enough
520,2024-10-25,monthly,premium,29.99,organic,ios,25-34,yes,2025-01-15,other
521,2025-03-21,monthly,premium,29.99,paid_social,web,55+,no,,
522,2025-08-31,monthly,basic,12.99,organic,android,18-24,no,,
523,2025-09-06,monthly,plus,19.99,organic,ios,25-34,yes,2025-10-29,not_using_enough
524,2025-02-07,monthly,basic,12.99,promo_offer,ios,18-24,no,,
525,2025-04-23,annual,basic,9.74,organic,ios,45-54,yes,2025-08-12,not_using_enough
526,2025-08-29,annual,basic,9.74,partner,ios,35-44,no,,
527,2025-07-13,monthly,basic,12.99,organic,android,55+,no,,
528,2024-08-13,monthly,basic,12.99,organic,web,35-44,no,,
529,2024-10-02,monthly,premium,29.99,partner,web,45-54,yes,2025-07-19,found_alternative
530,2025-02-08,annual,basic,9.74,paid_social,ios,35-44,no,,
531,2025-10-14,monthly,plus,19.99,paid_social,ios,35-44,no,,
532,2024-11-09,monthly,plus,19.99,promo_offer,android,35-44,yes,2024-11-25,not_using_enough
533,2025-10-12,monthly,basic,12.99,promo_offer,ios,25-34,yes,2025-12-30,not_using_enough
534,2024-09-24,monthly,basic,12.99,organic,android,35-44,yes,2024-10-21,too_expensive
535,2024-09-03,annual,plus,14.99,organic,ios,35-44,no,,
536,2025-03-03,monthly,basic,12.99,organic,web,18-24,yes,2025-03-03,not_using_enough
537,2025-10-13,annual,plus,14.99,organic,web,25-34,no,,
538,2025-03-11,monthly,plus,19.99,paid_social,ios,18-24,yes,2025-06-27,too_expensive
539,2024-08-29,monthly,basic,12.99,partner,android,45-54,yes,2025-07-18,too_expensive
540,2025-01-21,monthly,plus,19.99,promo_offer,android,45-54,yes,2025-04-17,too_expensive
541,2024-11-28,monthly,basic,12.99,organic,android,55+,no,,
542,2025-03-10,annual,basic,9.74,partner,ios,25-34,no,,
543,2024-12-06,monthly,basic,12.99,promo_offer,web,45-54,yes,2025-03-25,too_expensive
544,2025-10-07,monthly,plus,19.99,organic,android,35-44,no,,
545,2025-10-17,monthly,basic,12.99,organic,ios,18-24,no,,
546,2025-05-09,annual,basic,9.74,promo_offer,android,25-34,no,,
547,2024-09-04,monthly,basic,12.99,promo_offer,ios,35-44,no,,
548,2025-04-16,monthly,premium,29.99,paid_social,android,35-44,no,,
549,2024-11-28,monthly,premium,29.99,partner,ios,18-24,no,,
550,2025-04-10,monthly,plus,19.99,promo_offer,ios,25-34,yes,2025-04-12,
551,2024-08-29,annual,plus,14.99,organic,ios,25-34,yes,2025-07-13,technical_issues
552,2024-10-31,annual,basic,9.74,referral,ios,45-54,no,,
553,2025-09-28,monthly,premium,29.99,paid_social,android,25-34,yes,2025-11-03,technical_issues
554,2025-04-09,annual,plus,14.99,paid_social,android,25-34,no,,
555,2025-10-30,monthly,plus,19.99,referral,android,35-44,no,,
556,2024-09-19,monthly,plus,19.99,organic,ios,25-34,no,,
557,2025-01-24,annual,basic,9.74,organic,ios,55+,yes,2025-12-23,not_using_enough
558,2025-08-04,monthly,plus,19.99,referral,android,25-34,yes,2025-10-22,too_expensive
559,2025-05-13,monthly,plus,19.99,partner,ios,45-54,yes,2025-05-16,not_using_enough
560,2025-01-31,monthly,basic,12.99,paid_social,android,55+,yes,2025-07-30,too_expensive
561,2025-02-22,annual,premium,22.49,promo_offer,ios,45-54,no,,
562,2025-03-05,monthly,plus,19.99,paid_social,ios,45-54,no,,
563,2025-09-03,annual,basic,9.74,organic,ios,18-24,no,,
564,2025-01-24,annual,plus,14.99,paid_social,ios,25-34,yes,2025-12-21,too_expensive
565,2025-04-25,monthly,basic,12.99,organic,android,25-34,yes,2025-10-01,other
566,2025-02-15,monthly,Plus,19.99,paid_social,android,35-44,no,,
567,2025-10-17,monthly,plus,19.99,promo_offer,ios,55+,no,,
568,2024-07-01,monthly,basic,12.99,paid_social,android,35-44,no,,
569,2024-10-27,monthly,premium,29.99,referral,web,35-44,no,,
570,2025-02-09,monthly,plus,19.99,organic,ios,25-34,yes,2025-03-18,too_expensive
571,2025-03-15,monthly,plus,19.99,referral,ios,18-24,no,,
572,2025-06-04,monthly,basic,12.99,paid_social,ios,35-44,no,,
573,2024-12-01,monthly,plus,19.99,organic,android,18-24,yes,2024-12-07,too_expensive
574,2025-03-18,annual,premium,22.49,organic,web,25-34,no,,
575,2024-07-12,monthly,basic,12.99,paid_social,web,45-54,yes,2025-04-13,technical_issues
576,2025-08-27,monthly,premium,29.99,promo_offer,web,25-34,yes,2025-10-11,not_using_enough
577,2025-10-27,annual,basic,9.74,partner,android,18-24,no,,
578,2025-09-22,monthly,basic,12.99,organic,android,25-34,no,,
579,2024-07-05,annual,basic,9.74,paid_social,ios,25-34,yes,2025-06-16,
580,2025-03-11,monthly,plus,19.99,promo_offer,ios,18-24,no,,
581,2025-10-16,annual,basic,9.74,promo_offer,ios,25-34,no,,
582,2025-05-29,annual,basic,9.74,organic,ios,25-34,no,,
583,2024-11-06,annual,plus,14.99,paid_social,ios,35-44,yes,2025-10-26,not_using_enough
584,2025-08-05,monthly,plus,19.99,partner,ios,18-24,no,,
585,2025-05-12,monthly,basic,12.99,organic,web,25-34,yes,2025-08-13,not_using_enough
586,2025-05-22,annual,basic,9.74,promo_offer,ios,25-34,no,,
587,2025-08-29,annual,Basic,9.74,organic,android,25-34,no,,
588,2025-02-15,monthly,plus,19.99,organic,ios,35-44,no,,
589,2024-12-09,monthly,basic,12.99,referral,ios,25-34,yes,2025-05-22,too_expensive
590,2025-06-19,monthly,basic,12.99,organic,ios,25-34,yes,2025-11-08,other
591,2024-12-06,annual,basic,9.74,promo_offer,android,45-54,yes,2025-11-11,too_expensive
592,2024-12-17,monthly,premium,29.99,promo_offer,ios,25-34,no,,
593,2024-08-26,annual,basic,9.74,organic,android,35-44,no,,
594,2025-05-07,annual,basic,9.74,organic,ios,18-24,no,,
595,2025-02-13,monthly,basic,12.99,paid_social,ios,35-44,no,,
596,2025-01-03,annual,basic,9.74,organic,ios,45-54,no,,
597,2024-08-24,monthly,premium,29.99,organic,ios,55+,no,,
598,2025-04-09,annual,Basic,9.74,referral,ios,18-24,no,,
599,2025-05-19,monthly,basic,12.99,promo_offer,ios,25-34,no,,
600,2025-09-23,monthly,basic,12.99,promo_offer,android,25-34,yes,2025-12-27,not_using_enough
601,2025-08-03,monthly,plus,19.99,referral,android,25-34,no,,
602,2025-02-05,monthly,Plus,19.99,paid_social,ios,35-44,yes,2025-04-22,
603,2025-03-22,monthly,plus,19.99,organic,web,25-34,yes,2025-11-16,too_expensive
604,2025-03-19,monthly,plus,19.99,paid_social,ios,18-24,no,,
605,2025-05-31,monthly,plus,19.99,partner,android,35-44,yes,2025-09-28,not_using_enough
606,2025-06-08,monthly,basic,12.99,paid_social,web,25-34,no,,
607,2025-07-18,monthly,basic,12.99,referral,ios,35-44,no,,
608,2025-07-07,monthly,basic,12.99,promo_offer,android,18-24,yes,2025-11-26,too_expensive
609,2025-04-12,monthly,basic,12.99,organic,web,25-34,no,,
610,2025-08-01,monthly,basic,12.99,organic,ios,35-44,yes,2025-11-11,
611,2024-08-27,annual,plus,14.99,organic,android,25-34,no,,
612,2024-12-15,monthly,basic,12.99,paid_social,web,35-44,yes,2025-02-02,not_using_enough
613,2025-03-06,monthly,premium,29.99,organic,ios,45-54,no,,
614,2024-09-22,monthly,plus,19.99,partner,ios,45-54,no,,
615,2025-04-13,monthly,plus,19.99,promo_offer,android,25-34,yes,2025-09-14,
616,2024-08-01,annual,premium,22.49,promo_offer,ios,35-44,no,,
617,2025-06-18,annual,plus,14.99,partner,ios,18-24,no,,
618,2025-06-08,monthly,plus,19.99,organic,web,35-44,no,,
619,2025-10-27,monthly,plus,19.99,promo_offer,ios,25-34,yes,2025-12-22,not_using_enough
620,2025-05-02,monthly,plus,19.99,partner,web,35-44,no,,
621,2025-09-30,monthly,basic,12.99,organic,ios,25-34,no,,
622,2025-10-14,monthly,premium,29.99,paid_social,android,55+,no,,
623,2025-10-26,annual,plus,14.99,organic,android,45-54,no,,
624,2024-12-29,monthly,premium,29.99,partner,web,35-44,yes,2025-04-25,too_expensive
625,2024-12-17,monthly,plus,19.99,referral,ios,45-54,no,,
626,2025-05-19,monthly,plus,19.99,organic,android,45-54,yes,2025-05-27,not_using_enough
627,2025-07-09,annual,basic,9.74,organic,android,25-34,no,,
628,2024-10-08,monthly,plus,19.99,promo_offer,android,45-54,yes,2024-12-16,not_using_enough
629,2025-01-05,monthly,basic,12.99,organic,android,18-24,no,,
630,2024-10-24,monthly,plus,19.99,partner,web,18-24,no,,
631,2025-09-23,annual,basic,9.74,organic,ios,25-34,no,,
632,2025-04-12,annual,plus,14.99,promo_offer,web,45-54,no,,
633,2025-04-12,monthly,basic,12.99,promo_offer,web,35-44,yes,2025-08-26,too_expensive
634,2024-09-21,monthly,plus,19.99,referral,web,18-24,no,,
635,2025-01-25,monthly,basic,12.99,organic,ios,25-34,no,,
636,2024-12-17,annual,basic,9.74,referral,android,25-34,yes,2025-11-22,too_expensive
637,2025-04-16,monthly,plus,19.99,referral,ios,25-34,no,,
638,2024-12-14,monthly,premium,29.99,organic,ios,25-34,no,,
639,2024-08-15,monthly,basic,12.99,referral,ios,25-34,yes,2024-12-03,
640,2024-08-23,monthly,basic,12.99,paid_social,ios,45-54,no,,
641,2025-02-27,monthly,basic,12.99,organic,ios,35-44,no,,
642,2024-08-28,annual,premium,22.49,promo_offer,ios,25-34,yes,2025-07-30,not_using_enough
643,2025-09-21,monthly,basic,12.99,paid_social,android,25-34,no,,
644,2025-08-17,annual,plus,14.99,paid_social,ios,35-44,no,,
645,2025-02-25,monthly,plus,19.99,promo_offer,android,18-24,no,,
646,2025-03-01,monthly,basic,12.99,organic,ios,25-34,no,,
647,2024-12-31,monthly,premium,29.99,organic,android,45-54,yes,2025-07-23,not_using_enough
648,2024-12-10,annual,plus,14.99,organic,android,45-54,no,,
649,2025-05-21,monthly,basic,12.99,promo_offer,android,55+,yes,2025-07-16,technical_issues
650,2025-04-29,monthly,premium,29.99,paid_social,android,45-54,no,,
651,2025-03-15,monthly,plus,19.99,referral,android,25-34,yes,2025-10-10,too_expensive
652,2025-04-10,monthly,basic,12.99,referral,android,35-44,yes,2025-07-26,
653,2025-05-19,annual,plus,14.99,paid_social,web,35-44,no,,
654,2025-09-19,monthly,plus,19.99,organic,web,18-24,no,,
655,2025-07-05,annual,premium,22.49,referral,ios,25-34,no,,
656,2024-07-16,annual,plus,14.99,partner,android,18-24,yes,2025-02-04,not_using_enough
657,2025-09-23,annual,basic,9.74,partner,ios,35-44,no,,
658,2024-12-19,annual,basic,9.74,promo_offer,ios,18-24,yes,2025-11-17,technical_issues
659,2025-09-04,annual,basic,9.74,promo_offer,android,25-34,no,,
660,2025-03-25,monthly,plus,19.99,paid_social,ios,55+,no,,
661,2025-09-16,annual,basic,9.74,promo_offer,android,45-54,no,,
662,2025-01-21,monthly,premium,29.99,organic,web,25-34,yes,2025-04-14,found_alternative
663,2025-10-04,monthly,basic,12.99,promo_offer,ios,35-44,no,,
664,2024-10-12,monthly,plus,19.99,organic,ios,35-44,yes,2025-02-17,too_expensive
665,2025-02-14,monthly,plus,19.99,organic,android,18-24,no,,
666,2025-04-11,annual,plus,14.99,organic,web,18-24,no,,
667,2025-03-11,monthly,basic,12.99,paid_social,android,25-34,yes,2025-03-17,
668,2024-12-29,monthly,plus,19.99,promo_offer,ios,45-54,no,,
669,2024-09-20,annual,plus,14.99,paid_social,ios,25-34,no,,
670,2025-01-16,monthly,basic,12.99,promo_offer,ios,18-24,no,,
671,2024-12-13,annual,premium,22.49,promo_offer,ios,35-44,yes,2025-11-07,not_using_enough
672,2025-10-13,annual,premium,22.49,promo_offer,web,55+,no,,
673,2025-05-27,annual,basic,9.74,referral,ios,25-34,yes,2025-07-07,not_using_enough
674,2025-09-25,annual,plus,14.99,partner,ios,18-24,no,,
675,2025-08-25,annual,basic,9.74,referral,ios,35-44,no,,
676,2025-06-17,monthly,premium,29.99,promo_offer,ios,25-34,yes,2025-08-07,
677,2024-11-20,monthly,plus,19.99,paid_social,ios,25-34,yes,2025-03-08,not_using_enough
678,2024-08-01,monthly,plus,19.99,promo_offer,android,35-44,yes,2024-10-19,
679,2024-12-25,monthly,plus,19.99,organic,android,18-24,yes,2025-02-02,
680,2025-03-20,monthly,basic,12.99,promo_offer,ios,35-44,no,,
681,2024-12-30,monthly,basic,12.99,organic,android,45-54,no,,
682,2025-02-10,monthly,plus,19.99,promo_offer,ios,25-34,yes,2025-08-18,too_expensive
683,2025-02-17,monthly,plus,19.99,organic,web,45-54,no,,
684,2025-08-14,annual,basic,9.74,partner,android,18-24,no,,
685,2024-10-09,monthly,plus,19.99,paid_social,android,45-54,no,,
686,2025-03-27,monthly,basic,12.99,paid_social,android,35-44,yes,2025-04-28,found_alternative
687,2025-06-12,annual,basic,9.74,promo_offer,ios,45-54,no,,
688,2025-04-18,monthly,premium,29.99,paid_social,ios,25-34,no,,
689,2025-06-04,annual,basic,9.74,promo_offer,android,35-44,no,,
690,2025-01-11,monthly,basic,12.99,promo_offer,web,35-44,yes,2025-03-10,not_using_enough
691,2024-11-27,monthly,premium,29.99,paid_social,web,18-24,no,,
692,2025-01-25,monthly,plus,19.99,organic,android,25-34,yes,2025-06-18,technical_issues
693,2025-09-17,annual,plus,14.99,paid_social,android,35-44,no,,
694,2025-10-14,annual,premium,22.49,paid_social,ios,25-34,no,,
695,2025-04-25,monthly,premium,29.99,partner,android,35-44,yes,2025-05-03,not_using_enough
696,2025-06-23,monthly,plus,19.99,promo_offer,android,18-24,no,,
697,2024-11-24,annual,premium,22.49,paid_social,android,45-54,no,,
698,2025-08-30,annual,plus,14.99,promo_offer,android,18-24,no,,
699,2025-05-05,monthly,premium,29.99,referral,web,35-44,yes,2025-11-27,technical_issues
700,2025-03-05,monthly,plus,19.99,paid_social,web,45-54,no,,
701,2024-09-27,monthly,plus,19.99,organic,android,45-54,no,,
702,2024-12-11,monthly,premium,29.99,organic,ios,18-24,no,,
703,2025-02-27,annual,basic,9.74,referral,android,18-24,no,,
704,2025-08-31,monthly,premium,29.99,promo_offer,web,35-44,yes,2025-10-22,
705,2025-03-21,monthly,plus,19.99,paid_social,android,35-44,no,,
706,2025-06-12,monthly,premium,29.99,paid_social,ios,55+,no,,
707,2024-09-27,monthly,basic,12.99,promo_offer,ios,55+,no,,
708,2024-10-29,monthly,basic,12.99,paid_social,android,35-44,no,,
709,2025-06-11,annual,premium,22.49,organic,ios,45-54,no,,
710,2024-07-19,monthly,basic,12.99,organic,ios,45-54,yes,2024-09-04,too_expensive
711,2025-01-08,annual,premium,22.49,referral,web,55+,no,,
712,2025-02-10,annual,plus,14.99,organic,web,35-44,no,,
713,2025-07-13,monthly,basic,12.99,organic,android,55+,no,,
714,2025-10-08,monthly,basic,12.99,partner,ios,45-54,yes,2025-11-27,
715,2025-10-17,monthly,premium,29.99,promo_offer,android,25-34,no,,
716,2025-05-05,monthly,basic,12.99,paid_social,ios,18-24,yes,2025-06-17,too_expensive
717,2025-07-15,annual,basic,9.74,organic,web,45-54,no,,
718,2025-10-25,monthly,plus,19.99,organic,android,45-54,yes,2025-12-17,other
719,2025-04-01,monthly,basic,12.99,promo_offer,ios,18-24,no,,
720,2024-12-30,monthly,plus,19.99,referral,android,25-34,yes,2025-02-18,
721,2024-08-06,monthly,plus,19.99,organic,android,25-34,no,,
722,2025-10-02,annual,plus,14.99,paid_social,ios,25-34,no,,
723,2025-07-09,annual,plus,14.99,referral,android,25-34,no,,
724,2025-08-22,monthly,basic,12.99,paid_social,ios,25-34,yes,2025-09-26,
725,2024-09-24,monthly,premium,29.99,promo_offer,android,35-44,yes,2024-11-06,
726,2024-12-30,annual,premium,22.49,partner,ios,25-34,yes,2025-11-15,
727,2024-07-05,annual,basic,9.74,paid_social,ios,18-24,no,,
728,2025-03-01,monthly,plus,19.99,promo_offer,android,35-44,no,,
729,2025-06-10,monthly,Plus,19.99,paid_social,ios,25-34,no,,
730,2025-09-08,monthly,basic,12.99,organic,ios,55+,no,,
731,2024-08-31,annual,premium,22.49,promo_offer,android,25-34,yes,2024-09-20,not_using_enough
732,2025-02-18,annual,plus,14.99,paid_social,ios,18-24,yes,2025-04-30,found_alternative
733,2025-07-25,monthly,plus,19.99,organic,ios,25-34,yes,2025-11-12,too_expensive
734,2025-03-17,monthly,plus,19.99,organic,ios,35-44,yes,2025-05-14,not_using_enough
735,2025-10-06,monthly,plus,19.99,paid_social,android,18-24,yes,2025-12-28,too_expensive
736,2025-04-08,annual,plus,14.99,organic,android,18-24,no,,
737,2025-10-10,monthly,basic,12.99,paid_social,ios,45-54,yes,2025-11-25,too_expensive
738,2024-12-31,monthly,premium,29.99,organic,android,18-24,no,,
739,2024-10-18,monthly,basic,12.99,organic,android,25-34,yes,2024-11-17,other
740,2025-05-09,monthly,premium,29.99,organic,ios,18-24,yes,2025-05-14,
741,2025-08-29,monthly,basic,12.99,promo_offer,android,25-34,yes,2025-10-28,too_expensive
742,2025-02-18,monthly,premium,29.99,promo_offer,android,25-34,no,,
743,2024-08-28,annual,premium,22.49,promo_offer,web,25-34,no,,
744,2025-08-14,monthly,premium,29.99,promo_offer,android,35-44,yes,2025-10-07,not_using_enough
745,2025-08-17,annual,premium,22.49,promo_offer,ios,25-34,no,,
746,2024-07-29,monthly,plus,19.99,paid_social,android,35-44,no,,
747,2025-09-20,annual,plus,14.99,promo_offer,web,45-54,no,,
748,2025-03-23,monthly,plus,19.99,partner,android,35-44,yes,2025-06-12,not_using_enough
749,2025-01-23,monthly,basic,12.99,organic,ios,25-34,yes,2025-03-08,not_using_enough
750,2025-08-25,annual,Basic,9.74,paid_social,android,25-34,no,,
751,2024-10-24,monthly,plus,19.99,organic,android,18-24,yes,2024-10-30,
752,2024-09-27,monthly,premium,29.99,paid_social,ios,35-44,yes,2024-09-27,not_using_enough
753,2025-06-09,monthly,basic,12.99,organic,web,45-54,no,,
754,2025-08-25,monthly,Basic,12.99,paid_social,ios,45-54,no,,
755,2025-07-24,monthly,basic,12.99,paid_social,android,25-34,no,,
756,2024-09-14,monthly,plus,19.99,organic,android,35-44,no,,
757,2025-07-27,monthly,basic,12.99,paid_social,android,35-44,no,,
758,2025-09-06,annual,premium,22.49,promo_offer,web,35-44,no,,
759,2025-01-30,monthly,basic,12.99,organic,web,35-44,no,,
760,2024-08-12,annual,basic,9.74,organic,android,55+,yes,2024-09-05,too_expensive
761,2024-09-03,annual,basic,9.74,promo_offer,ios,45-54,yes,2025-08-01,
762,2025-10-04,monthly,basic,12.99,promo_offer,android,25-34,yes,2025-12-31,
763,2025-05-21,monthly,basic,12.99,organic,ios,18-24,no,,
764,2025-03-21,annual,basic,9.74,organic,ios,25-34,no,,
765,2025-02-11,annual,plus,14.99,promo_offer,android,18-24,no,,
766,2025-03-01,monthly,plus,19.99,promo_offer,android,45-54,yes,2025-05-15,not_using_enough
767,2025-03-19,monthly,premium,29.99,referral,android,25-34,yes,2025-12-13,too_expensive
768,2025-01-17,monthly,plus,19.99,organic,android,18-24,yes,2025-02-05,technical_issues
769,2025-06-02,monthly,premium,29.99,organic,web,55+,yes,2025-10-27,found_alternative
770,2025-08-30,monthly,premium,29.99,referral,ios,45-54,yes,2025-12-13,other
771,2024-10-21,monthly,plus,19.99,partner,ios,45-54,yes,2025-08-31,not_using_enough
772,2024-08-25,monthly,basic,12.99,partner,android,35-44,yes,2024-10-29,not_using_enough
773,2025-03-22,monthly,basic,12.99,partner,ios,25-34,no,,
774,2024-10-22,monthly,basic,12.99,organic,ios,25-34,no,,
775,2025-01-17,annual,basic,9.74,organic,android,18-24,no,,
776,2025-10-16,annual,premium,22.49,organic,web,55+,no,,
777,2024-12-13,annual,plus,14.99,paid_social,web,25-34,no,,
778,2024-12-15,annual,plus,14.99,organic,android,35-44,yes,2025-11-14,technical_issues
779,2025-03-15,monthly,basic,12.99,paid_social,android,55+,yes,2025-07-09,
780,2024-12-01,monthly,Plus,19.99,promo_offer,android,18-24,yes,2025-02-12,
781,2025-06-25,monthly,basic,12.99,organic,web,25-34,no,,
782,2024-10-29,monthly,plus,19.99,referral,ios,45-54,yes,2024-12-29,other
783,2025-07-31,monthly,basic,12.99,promo_offer,android,25-34,yes,2025-10-09,not_using_enough
784,2025-04-30,annual,plus,14.99,paid_social,ios,25-34,no,,
785,2025-09-12,monthly,plus,19.99,promo_offer,web,45-54,no,,
786,2025-08-08,monthly,plus,19.99,organic,ios,35-44,yes,2025-11-09,found_alternative
787,2025-07-16,annual,basic,9.74,promo_offer,android,35-44,no,,
788,2025-10-20,annual,basic,9.74,organic,ios,25-34,no,,
789,2025-08-18,monthly,plus,19.99,paid_social,web,45-54,no,,
790,2025-01-18,monthly,basic,12.99,promo_offer,android,45-54,yes,2025-02-28,too_expensive
791,2025-08-15,monthly,plus,19.99,partner,ios,35-44,no,,
792,2025-06-27,monthly,premium,29.99,paid_social,ios,55+,no,,
793,2024-12-28,annual,plus,14.99,organic,android,35-44,yes,2025-08-24,technical_issues
794,2025-04-15,annual,basic,9.74,promo_offer,web,18-24,no,,
795,2025-10-24,annual,plus,14.99,organic,ios,25-34,no,,
796,2024-09-06,annual,plus,14.99,referral,ios,25-34,yes,2025-11-21,other
797,2025-02-11,monthly,basic,12.99,promo_offer,ios,45-54,yes,2025-11-10,too_expensive
798,2024-09-17,monthly,plus,19.99,paid_social,android,18-24,yes,2025-09-11,not_using_enough
799,2025-01-26,annual,premium,22.49,organic,web,25-34,yes,2025-12-19,
800,2025-02-08,monthly,plus,19.99,referral,android,35-44,no,,
801,2025-09-08,annual,basic,9.74,paid_social,ios,25-34,no,,
802,2025-01-06,annual,basic,9.74,organic,ios,55+,yes,2025-12-11,
803,2025-10-06,annual,basic,9.74,promo_offer,android,35-44,no,,
804,2024-10-07,annual,basic,9.74,organic,ios,35-44,yes,2025-09-10,not_using_enough
805,2025-01-27,monthly,basic,12.99,paid_social,android,35-44,yes,2025-05-07,too_expensive
806,2025-02-11,monthly,plus,19.99,organic,android,18-24,no,,
807,2025-05-31,annual,Plus,14.99,organic,ios,35-44,no,,
808,2025-04-26,monthly,premium,29.99,organic,android,25-34,no,,
809,2025-02-15,monthly,premium,29.99,promo_offer,android,18-24,no,,
810,2025-10-15,monthly,basic,12.99,organic,web,18-24,no,,
811,2025-10-04,annual,basic,9.74,promo_offer,ios,55+,no,,
812,2025-07-11,annual,basic,9.74,promo_offer,ios,25-34,no,,
813,2025-09-08,annual,premium,22.49,organic,ios,35-44,no,,
814,2024-09-02,monthly,plus,19.99,organic,ios,25-34,no,,
815,2025-06-24,monthly,basic,12.99,organic,ios,35-44,no,,
816,2025-07-09,monthly,basic,12.99,promo_offer,ios,35-44,yes,2025-09-16,
817,2024-08-06,monthly,plus,19.99,paid_social,ios,55+,yes,2025-05-28,too_expensive
818,2024-11-17,monthly,basic,12.99,referral,android,45-54,no,,
819,2025-05-23,annual,premium,22.49,paid_social,ios,45-54,no,,
820,2025-05-03,annual,premium,22.49,promo_offer,ios,45-54,no,,
821,2025-07-11,monthly,premium,29.99,referral,android,35-44,no,,
822,2025-07-07,monthly,basic,12.99,paid_social,android,35-44,no,,
823,2025-05-08,annual,plus,14.99,organic,ios,25-34,no,,
824,2024-10-06,monthly,basic,12.99,referral,ios,25-34,yes,2025-03-20,not_using_enough
825,2025-01-08,monthly,plus,19.99,referral,ios,18-24,no,,
826,2025-05-09,monthly,plus,19.99,organic,web,55+,no,,
827,2024-12-11,monthly,plus,19.99,referral,android,35-44,yes,2025-01-13,not_using_enough
828,2025-04-04,monthly,basic,12.99,organic,android,35-44,no,,
829,2025-06-05,annual,premium,22.49,organic,ios,35-44,no,,
830,2024-11-15,annual,basic,9.74,partner,android,55+,no,,
831,2025-05-12,annual,plus,14.99,paid_social,ios,35-44,no,,
832,2025-09-30,monthly,plus,19.99,organic,android,35-44,yes,2025-11-13,technical_issues
833,2025-08-06,monthly,plus,19.99,promo_offer,ios,35-44,yes,2025-10-18,not_using_enough
834,2025-03-28,monthly,basic,12.99,organic,web,25-34,yes,2025-09-20,found_alternative
835,2025-08-09,monthly,plus,19.99,paid_social,android,45-54,no,,
836,2025-08-24,annual,basic,9.74,partner,web,45-54,no,,
837,2024-07-24,monthly,basic,12.99,organic,web,25-34,no,,
838,2025-01-25,annual,plus,14.99,promo_offer,ios,35-44,yes,2025-12-27,technical_issues
839,2025-08-25,annual,basic,9.74,promo_offer,android,25-34,no,,
840,2025-03-24,monthly,basic,12.99,promo_offer,android,55+,yes,2025-06-10,
841,2025-08-22,annual,basic,9.74,organic,ios,55+,no,,
842,2025-08-16,monthly,premium,29.99,partner,ios,25-34,no,,
843,2025-10-06,annual,plus,14.99,paid_social,android,45-54,no,,
844,2025-05-17,monthly,premium,29.99,referral,android,55+,yes,2025-12-21,found_alternative
845,2024-12-07,annual,basic,9.74,paid_social,ios,18-24,yes,2025-11-06,found_alternative
846,2025-09-02,monthly,premium,29.99,partner,ios,35-44,yes,2025-09-13,
847,2024-12-04,annual,plus,14.99,organic,web,25-34,no,,
848,2025-06-07,monthly,basic,12.99,paid_social,android,35-44,yes,2025-06-13,found_alternative
849,2025-01-26,annual,basic,9.74,paid_social,ios,18-24,yes,2025-12-17,not_using_enough
850,2024-11-11,monthly,plus,19.99,paid_social,ios,45-54,no,,
851,2025-02-23,monthly,basic,12.99,promo_offer,android,25-34,no,,
852,2025-09-11,annual,plus,14.99,partner,android,45-54,no,,
853,2024-09-21,monthly,plus,19.99,promo_offer,ios,35-44,yes,2024-11-12,
854,2024-12-31,monthly,Premium,29.99,organic,ios,35-44,no,,
855,2025-07-13,monthly,basic,12.99,promo_offer,web,25-34,no,,
856,2025-03-01,monthly,premium,29.99,promo_offer,android,25-34,yes,2025-04-23,
857,2024-08-26,monthly,basic,12.99,organic,ios,25-34,no,,
858,2025-07-22,monthly,basic,12.99,organic,android,18-24,no,,
859,2025-02-26,monthly,plus,19.99,organic,android,55+,yes,2025-12-22,
860,2024-12-31,monthly,basic,12.99,organic,ios,55+,no,,
861,2025-02-20,monthly,basic,12.99,organic,web,25-34,no,,
862,2025-04-24,annual,plus,14.99,promo_offer,ios,25-34,yes,2025-09-01,
863,2025-07-13,annual,premium,22.49,referral,android,35-44,no,,
864,2024-11-04,monthly,basic,12.99,partner,android,45-54,no,,
865,2024-09-07,monthly,basic,12.99,paid_social,android,25-34,yes,2025-07-26,
866,2024-08-01,monthly,premium,29.99,promo_offer,ios,25-34,yes,2024-09-08,too_expensive
867,2025-08-23,monthly,plus,19.99,organic,ios,35-44,no,,
868,2025-05-07,annual,basic,9.74,organic,android,45-54,no,,
869,2025-01-12,monthly,basic,12.99,referral,ios,18-24,yes,2025-04-30,
870,2025-09-19,annual,premium,22.49,organic,web,45-54,no,,
871,2025-10-04,annual,plus,14.99,organic,android,25-34,no,,
872,2025-09-10,monthly,basic,12.99,organic,ios,18-24,no,,
873,2025-09-30,monthly,plus,19.99,promo_offer,ios,18-24,yes,2025-12-25,not_using_enough
874,2025-10-13,monthly,plus,19.99,organic,ios,25-34,no,,
875,2025-01-11,monthly,plus,19.99,promo_offer,android,25-34,no,,
876,2025-02-13,monthly,plus,19.99,organic,ios,18-24,no,,
877,2025-01-16,monthly,premium,29.99,organic,ios,35-44,no,,
878,2025-01-05,annual,plus,14.99,partner,ios,18-24,yes,2025-12-01,too_expensive
879,2025-06-04,annual,premium,22.49,organic,web,25-34,no,,
880,2025-09-06,monthly,plus,19.99,promo_offer,android,45-54,no,,
881,2025-07-16,annual,plus,14.99,partner,ios,35-44,no,,
882,2025-02-18,monthly,Basic,12.99,paid_social,android,45-54,yes,2025-08-20,too_expensive
883,2025-01-29,monthly,basic,12.99,partner,android,55+,yes,2025-02-19,not_using_enough
884,2025-10-20,annual,plus,14.99,promo_offer,ios,25-34,no,,
885,2024-12-08,monthly,plus,19.99,organic,web,45-54,yes,2025-11-29,too_expensive
886,2025-03-31,monthly,plus,19.99,paid_social,android,18-24,yes,2025-09-28,too_expensive
887,2025-03-02,monthly,basic,12.99,paid_social,ios,18-24,no,,
888,2024-08-04,monthly,plus,19.99,organic,web,25-34,no,,
889,2025-03-19,monthly,plus,19.99,partner,ios,18-24,yes,2025-06-12,found_alternative
890,2025-08-28,annual,basic,9.74,promo_offer,web,35-44,no,,
891,2024-12-14,monthly,basic,12.99,referral,ios,25-34,yes,2025-05-24,other
892,2024-12-31,monthly,premium,29.99,organic,ios,35-44,yes,2025-05-21,found_alternative
893,2025-10-17,monthly,plus,19.99,promo_offer,ios,18-24,no,,
894,2025-03-28,monthly,plus,19.99,partner,ios,55+,yes,2025-08-31,technical_issues
895,2025-08-28,monthly,plus,19.99,organic,android,55+,no,,
896,2024-10-02,annual,plus,14.99,referral,ios,35-44,yes,2025-09-19,
897,2024-12-11,monthly,basic,12.99,organic,ios,35-44,yes,2025-01-06,found_alternative
898,2025-05-05,annual,premium,22.49,partner,android,25-34,no,,
899,2024-12-01,annual,basic,9.74,paid_social,android,25-34,yes,2025-11-22,not_using_enough
900,2025-08-31,monthly,premium,29.99,paid_social,ios,35-44,yes,2025-09-25,found_alternative
901,2025-01-16,annual,plus,14.99,partner,android,55+,yes,2025-12-10,too_expensive
902,2025-10-01,annual,plus,14.99,promo_offer,android,25-34,no,,
903,2025-05-27,monthly,basic,12.99,paid_social,android,35-44,no,,
904,2025-09-01,monthly,basic,12.99,promo_offer,ios,45-54,yes,2025-10-26,not_using_enough
905,2024-11-22,monthly,plus,19.99,paid_social,android,35-44,no,,
906,2025-10-27,annual,basic,9.74,organic,web,18-24,no,,
907,2025-08-25,monthly,plus,19.99,referral,ios,55+,no,,
908,2025-04-16,monthly,premium,29.99,paid_social,android,35-44,no,,
909,2025-05-01,annual,basic,9.74,promo_offer,web,25-34,no,,
910,2025-01-25,monthly,basic,12.99,partner,android,45-54,no,,
911,2024-11-12,monthly,plus,19.99,paid_social,android,25-34,yes,2025-02-18,
912,2025-04-24,monthly,plus,19.99,organic,web,25-34,no,,
913,2025-08-27,monthly,plus,19.99,promo_offer,ios,45-54,yes,2025-11-27,not_using_enough
914,2025-10-04,monthly,basic,12.99,referral,android,18-24,no,,
915,2025-08-06,monthly,basic,12.99,organic,android,35-44,yes,2025-08-30,other
916,2025-07-31,annual,plus,14.99,organic,android,35-44,no,,
917,2025-02-12,monthly,basic,12.99,paid_social,web,35-44,no,,
918,2025-10-23,monthly,Basic,12.99,paid_social,android,55+,no,,
919,2024-10-26,monthly,plus,19.99,paid_social,web,18-24,yes,2025-04-23,technical_issues
920,2024-11-12,annual,plus,14.99,promo_offer,android,25-34,yes,2025-10-24,too_expensive
921,2024-10-10,annual,premium,22.49,paid_social,android,35-44,yes,2025-09-05,
922,2025-05-24,annual,basic,9.74,paid_social,android,18-24,no,,
923,2024-12-31,annual,plus,14.99,paid_social,android,25-34,yes,2025-11-19,
924,2024-12-14,monthly,plus,19.99,promo_offer,android,35-44,yes,2025-01-04,
925,2024-10-08,annual,premium,22.49,promo_offer,android,35-44,no,,
926,2025-07-18,annual,basic,9.74,promo_offer,ios,25-34,no,,
927,2025-09-18,annual,basic,9.74,paid_social,ios,25-34,no,,
928,2024-07-12,annual,plus,14.99,paid_social,ios,35-44,yes,2025-06-01,technical_issues
929,2025-08-25,annual,basic,9.74,referral,web,25-34,no,,
930,2024-07-13,annual,Premium,22.49,partner,android,18-24,no,,
931,2024-12-31,annual,basic,9.74,partner,ios,35-44,yes,2025-11-30,technical_issues
932,2025-03-19,monthly,premium,29.99,promo_offer,ios,35-44,no,,
933,2025-09-06,monthly,premium,29.99,organic,android,35-44,no,,
934,2024-07-26,monthly,basic,12.99,referral,ios,25-34,yes,2025-01-10,
935,2025-01-09,monthly,basic,12.99,referral,web,45-54,yes,2025-02-22,other
936,2024-10-24,monthly,premium,29.99,promo_offer,ios,25-34,no,,
937,2024-07-04,monthly,plus,19.99,organic,ios,55+,no,,
938,2024-10-19,monthly,basic,12.99,promo_offer,android,18-24,yes,2025-05-22,
939,2024-08-17,monthly,basic,12.99,paid_social,web,45-54,yes,2025-08-29,found_alternative
940,2024-10-28,monthly,plus,19.99,promo_offer,android,35-44,yes,2025-01-03,
941,2025-06-29,monthly,basic,12.99,paid_social,ios,25-34,no,,
942,2024-07-18,annual,basic,9.74,organic,android,45-54,yes,2025-06-05,
943,2025-08-12,annual,plus,14.99,organic,android,45-54,yes,2025-08-15,other
944,2025-04-26,annual,plus,14.99,organic,android,35-44,no,,
945,2025-04-23,annual,basic,9.74,promo_offer,web,45-54,no,,
946,2024-11-28,annual,premium,22.49,paid_social,ios,18-24,yes,2025-10-26,found_alternative
947,2025-02-28,annual,basic,9.74,referral,ios,35-44,no,,
948,2025-08-04,annual,plus,14.99,organic,ios,25-34,no,,
949,2025-07-22,monthly,basic,12.99,paid_social,ios,25-34,no,,
950,2025-04-07,monthly,basic,12.99,organic,ios,25-34,no,,
951,2024-10-02,monthly,basic,12.99,paid_social,ios,18-24,no,,
952,2025-03-22,monthly,basic,12.99,promo_offer,android,35-44,no,,
953,2024-09-27,monthly,plus,19.99,promo_offer,ios,35-44,yes,2024-12-14,not_using_enough
954,2024-08-01,monthly,premium,29.99,paid_social,web,25-34,yes,2025-02-08,
955,2024-11-19,monthly,basic,12.99,paid_social,android,45-54,yes,2024-12-29,found_alternative
956,2025-06-23,annual,plus,14.99,referral,android,18-24,no,,
957,2024-08-18,monthly,plus,19.99,organic,ios,35-44,no,,
958,2025-03-08,annual,basic,9.74,organic,ios,25-34,no,,
959,2025-06-21,monthly,plus,19.99,organic,ios,35-44,no,,
960,2025-05-31,annual,plus,14.99,partner,web,25-34,no,,
961,2025-02-15,monthly,plus,19.99,partner,android,35-44,yes,2025-02-22,not_using_enough
962,2025-07-14,annual,premium,22.49,promo_offer,ios,35-44,no,,
963,2025-08-31,monthly,plus,19.99,referral,android,35-44,yes,2025-10-10,
964,2025-07-17,annual,basic,9.74,paid_social,android,25-34,no,,
965,2025-07-17,annual,plus,14.99,promo_offer,ios,45-54,no,,
966,2025-08-31,monthly,plus,19.99,promo_offer,android,35-44,yes,2025-10-20,too_expensive
967,2025-02-07,annual,premium,22.49,organic,ios,25-34,no,,
968,2025-09-13,monthly,basic,12.99,organic,android,18-24,yes,2025-10-24,technical_issues
969,2025-06-15,annual,premium,22.49,partner,ios,55+,no,,
970,2024-09-11,monthly,plus,19.99,organic,android,35-44,yes,2024-09-19,not_using_enough
971,2025-08-20,annual,basic,9.74,partner,ios,35-44,no,,
972,2024-12-16,annual,plus,14.99,organic,ios,55+,yes,2025-11-09,not_using_enough
973,2025-05-24,annual,premium,22.49,organic,android,45-54,no,,
974,2024-07-19,annual,plus,14.99,organic,ios,18-24,yes,2025-06-29,not_using_enough
975,2024-07-11,monthly,premium,29.99,referral,web,55+,yes,2024-08-25,
976,2025-10-04,annual,basic,9.74,paid_social,android,35-44,no,,
977,2025-01-28,monthly,plus,19.99,paid_social,web,55+,no,,
978,2025-06-13,annual,plus,14.99,organic,android,35-44,no,,
979,2024-11-25,annual,plus,14.99,paid_social,android,18-24,no,,
980,2025-10-20,monthly,basic,12.99,organic,ios,55+,no,,
981,2025-03-16,monthly,basic,12.99,organic,ios,25-34,yes,2025-05-02,not_using_enough
982,2025-03-09,annual,basic,9.74,organic,ios,25-34,no,,
983,2025-04-10,annual,plus,14.99,organic,android,25-34,no,,
984,2025-02-16,annual,plus,14.99,promo_offer,ios,18-24,no,,
985,2025-02-14,monthly,Basic,12.99,promo_offer,android,18-24,yes,2025-04-08,too_expensive
986,2024-11-14,monthly,basic,12.99,paid_social,ios,18-24,no,,
987,2024-11-28,monthly,basic,12.99,organic,android,55+,yes,2024-12-25,found_alternative
988,2025-03-31,monthly,plus,19.99,promo_offer,web,45-54,yes,2025-04-23,
989,2024-11-04,annual,basic,9.74,organic,ios,35-44,yes,2025-10-24,not_using_enough
990,2024-10-28,annual,plus,14.99,partner,ios,35-44,yes,2025-09-22,
991,2025-04-11,annual,plus,14.99,organic,web,25-34,no,,
992,2025-10-04,monthly,premium,29.99,paid_social,ios,35-44,no,,
993,2024-10-31,monthly,basic,12.99,organic,android,25-34,no,,
994,2024-08-05,annual,plus,14.99,organic,android,45-54,yes,2025-07-24,technical_issues
995,2025-09-11,monthly,premium,29.99,paid_social,android,25-34,no,,
996,2025-01-18,monthly,premium,29.99,referral,web,18-24,no,,
997,2024-09-25,monthly,premium,29.99,paid_social,android,45-54,yes,2024-11-16,
998,2024-08-06,annual,plus,14.99,partner,ios,35-44,yes,2025-07-21,not_using_enough
999,2025-04-16,monthly,basic,12.99,paid_social,ios,25-34,yes,2025-07-12,found_alternative
1000,2025-08-21,monthly,plus,19.99,paid_social,android,25-34,no,,
1001,2024-12-08,monthly,basic,12.99,promo_offer,web,25-34,yes,2025-04-12,not_using_enough
1002,2025-06-06,monthly,basic,12.99,promo_offer,ios,45-54,no,,
1003,2024-11-13,annual,basic,9.74,promo_offer,android,55+,yes,2025-10-19,technical_issues
1004,2025-09-22,monthly,basic,12.99,organic,ios,45-54,no,,
1005,2024-10-29,monthly,plus,19.99,promo_offer,ios,25-34,yes,2024-12-02,other
1006,2025-09-30,annual,plus,14.99,promo_offer,android,18-24,no,,
1007,2025-06-11,monthly,basic,12.99,referral,ios,35-44,yes,2025-08-14,found_alternative
1008,2025-04-15,monthly,premium,29.99,paid_social,ios,25-34,yes,2025-08-18,found_alternative
1009,2025-05-06,monthly,basic,12.99,promo_offer,android,55+,no,,
1010,2025-10-21,monthly,basic,12.99,partner,ios,18-24,no,,
1011,2024-09-10,monthly,plus,19.99,paid_social,web,45-54,yes,2025-01-24,too_expensive
1012,2024-12-28,monthly,plus,19.99,organic,ios,35-44,yes,2025-03-11,
1013,2025-08-03,monthly,plus,19.99,paid_social,ios,25-34,no,,
1014,2025-01-05,annual,plus,14.99,paid_social,ios,35-44,yes,2025-12-17,technical_issues
1015,2024-08-23,monthly,plus,19.99,paid_social,ios,55+,no,,
1016,2025-08-05,annual,basic,9.74,referral,ios,35-44,no,,
1017,2024-08-16,monthly,premium,29.99,organic,android,35-44,yes,2024-09-21,
1018,2025-04-20,annual,plus,14.99,referral,web,25-34,no,,
1019,2024-09-27,monthly,plus,19.99,paid_social,web,45-54,yes,2025-02-01,found_alternative
1020,2025-01-08,monthly,plus,19.99,organic,web,25-34,yes,2025-03-08,not_using_enough
1021,2024-10-01,annual,plus,14.99,partner,web,35-44,no,,
1022,2024-08-07,annual,plus,14.99,partner,ios,25-34,no,,
1023,2025-01-07,monthly,premium,29.99,referral,android,35-44,yes,2025-07-22,
1024,2025-05-30,monthly,premium,29.99,paid_social,ios,35-44,no,,
1025,2024-10-13,monthly,basic,12.99,promo_offer,ios,25-34,yes,2024-12-22,not_using_enough
1026,2024-12-11,annual,plus,14.99,promo_offer,ios,18-24,yes,2025-11-01,technical_issues
1027,2024-11-15,annual,plus,14.99,partner,web,55+,no,,
1028,2024-10-12,monthly,Plus,19.99,referral,android,55+,no,,
1029,2025-08-09,monthly,basic,12.99,paid_social,ios,25-34,no,,
1030,2025-01-02,monthly,plus,19.99,partner,ios,35-44,yes,2025-01-14,other
1031,2025-01-01,annual,plus,14.99,partner,android,18-24,no,,
1032,2025-07-13,monthly,basic,12.99,partner,ios,35-44,no,,
1033,2024-08-25,monthly,basic,12.99,promo_offer,android,25-34,yes,2024-10-19,too_expensive
1034,2025-05-18,monthly,basic,12.99,referral,android,18-24,no,,
1035,2025-03-25,monthly,plus,19.99,referral,ios,25-34,no,,
1036,2024-10-11,monthly,basic,12.99,referral,ios,45-54,yes,2025-02-19,other
1037,2024-11-12,monthly,premium,29.99,paid_social,ios,35-44,yes,2025-12-13,found_alternative
1038,2024-11-22,monthly,plus,19.99,promo_offer,ios,18-24,yes,2025-01-21,not_using_enough
1039,2025-05-11,monthly,basic,12.99,referral,ios,35-44,yes,2025-05-27,too_expensive
1040,2025-05-16,monthly,basic,12.99,paid_social,web,25-34,yes,2025-08-27,found_alternative
1041,2024-11-01,monthly,basic,12.99,paid_social,web,45-54,yes,2025-10-21,not_using_enough
1042,2025-01-03,monthly,basic,12.99,paid_social,ios,55+,no,,
1043,2024-12-05,monthly,plus,19.99,promo_offer,web,35-44,yes,2025-02-13,too_expensive
1044,2024-07-19,monthly,premium,29.99,paid_social,ios,35-44,no,,
1045,2025-03-28,monthly,basic,12.99,organic,web,35-44,no,,
1046,2025-05-20,monthly,plus,19.99,partner,android,45-54,yes,2025-09-05,
1047,2024-12-31,monthly,basic,12.99,partner,web,25-34,no,,
1048,2024-12-02,annual,plus,14.99,organic,ios,25-34,yes,2025-11-21,not_using_enough
1049,2025-01-27,monthly,basic,12.99,organic,web,25-34,no,,
1050,2025-07-26,annual,basic,9.74,promo_offer,android,18-24,yes,2025-08-31,not_using_enough
1051,2025-06-13,monthly,basic,12.99,organic,web,25-34,yes,2025-10-24,
1052,2025-08-05,monthly,plus,19.99,partner,android,35-44,no,,
1053,2025-02-18,monthly,plus,19.99,paid_social,android,18-24,yes,2025-12-07,other
1054,2025-02-24,monthly,premium,29.99,promo_offer,ios,55+,yes,2025-11-28,
1055,2024-10-27,monthly,plus,19.99,referral,ios,45-54,no,,
1056,2024-10-28,monthly,plus,19.99,partner,web,25-34,yes,2025-02-20,not_using_enough
1057,2024-10-07,monthly,basic,12.99,organic,ios,25-34,no,,
1058,2025-01-11,monthly,basic,12.99,promo_offer,android,45-54,no,,
1059,2024-12-17,monthly,premium,29.99,partner,ios,35-44,no,,
1060,2024-07-28,monthly,plus,19.99,promo_offer,web,18-24,yes,2024-10-07,too_expensive
1061,2025-08-13,annual,basic,9.74,promo_offer,android,18-24,no,,
1062,2025-02-16,monthly,plus,19.99,promo_offer,android,25-34,yes,2025-04-10,not_using_enough
1063,2025-04-18,annual,basic,9.74,paid_social,ios,35-44,no,,
1064,2024-11-13,monthly,plus,19.99,organic,ios,18-24,yes,2025-01-18,found_alternative
1065,2024-07-19,monthly,basic,12.99,organic,android,45-54,no,,
1066,2025-02-09,annual,basic,9.74,promo_offer,android,55+,no,,
1067,2025-09-23,annual,basic,9.74,partner,ios,35-44,no,,
1068,2025-10-07,annual,plus,14.99,paid_social,ios,35-44,no,,
1069,2025-09-23,monthly,plus,19.99,organic,ios,18-24,no,,
1070,2024-09-30,monthly,basic,12.99,organic,ios,55+,no,,
1071,2024-11-01,annual,basic,9.74,paid_social,ios,35-44,yes,2025-10-09,too_expensive
1072,2024-07-15,annual,plus,14.99,referral,android,35-44,no,,
1073,2024-12-10,monthly,plus,19.99,referral,ios,55+,yes,2025-06-04,not_using_enough
1074,2025-08-05,monthly,plus,19.99,paid_social,android,25-34,no,,
1075,2025-01-03,monthly,plus,19.99,organic,android,25-34,no,,
1076,2025-10-22,monthly,plus,19.99,paid_social,android,45-54,no,,
1077,2025-03-26,monthly,basic,12.99,referral,ios,25-34,no,,
1078,2024-12-16,annual,plus,14.99,organic,android,35-44,yes,2025-11-01,technical_issues
1079,2024-08-20,monthly,basic,12.99,organic,android,35-44,yes,2025-07-05,
1080,2025-08-09,monthly,basic,12.99,paid_social,web,25-34,no,,
1081,2024-11-27,monthly,basic,12.99,organic,ios,25-34,yes,2025-08-23,too_expensive
1082,2025-07-17,monthly,plus,19.99,organic,ios,25-34,yes,2025-08-18,not_using_enough
1083,2024-12-03,monthly,basic,12.99,paid_social,android,55+,no,,
1084,2025-01-03,monthly,plus,19.99,referral,ios,18-24,no,,
1085,2025-09-15,monthly,plus,19.99,paid_social,android,35-44,no,,
1086,2024-10-05,monthly,basic,12.99,organic,android,25-34,no,,
1087,2024-12-26,monthly,plus,19.99,promo_offer,web,25-34,yes,2025-06-16,too_expensive
1088,2025-04-08,annual,basic,9.74,promo_offer,android,25-34,no,,
1089,2025-08-24,monthly,basic,12.99,paid_social,ios,25-34,yes,2025-10-12,found_alternative
1090,2025-10-03,monthly,basic,12.99,organic,android,35-44,no,,
1091,2025-06-12,monthly,basic,12.99,paid_social,android,35-44,no,,
1092,2025-09-21,monthly,premium,29.99,organic,ios,35-44,no,,
1093,2025-05-17,annual,plus,14.99,paid_social,ios,45-54,no,,
1094,2024-10-23,monthly,premium,29.99,referral,ios,18-24,no,,
1095,2025-01-23,annual,plus,14.99,organic,ios,45-54,yes,2025-12-29,too_expensive
1096,2024-08-20,annual,plus,14.99,organic,ios,25-34,no,,
1097,2025-06-10,monthly,basic,12.99,promo_offer,android,18-24,yes,2025-08-18,not_using_enough
1098,2024-07-07,monthly,basic,12.99,organic,android,25-34,yes,2024-08-23,not_using_enough
1099,2025-02-21,monthly,basic,12.99,promo_offer,android,55+,no,,
1100,2025-07-25,annual,basic,9.74,partner,web,35-44,no,,
1101,2024-08-03,annual,basic,9.74,organic,android,35-44,no,,
1102,2025-06-30,monthly,premium,29.99,partner,ios,25-34,no,,
1103,2025-10-05,monthly,plus,19.99,referral,android,55+,no,,
1104,2024-12-06,monthly,premium,29.99,organic,android,25-34,yes,2024-12-14,not_using_enough
1105,2024-09-11,annual,basic,9.74,partner,ios,18-24,yes,2025-08-24,
1106,2024-11-26,annual,basic,9.74,organic,android,35-44,yes,2025-11-15,not_using_enough
1107,2025-10-10,annual,basic,9.74,organic,ios,55+,no,,
1108,2024-11-11,monthly,basic,12.99,partner,android,25-34,yes,2025-02-08,too_expensive
1109,2025-04-23,annual,basic,9.74,organic,ios,25-34,yes,2025-05-03,
1110,2025-10-12,monthly,plus,19.99,partner,android,25-34,no,,
1111,2025-06-22,monthly,plus,19.99,paid_social,ios,55+,no,,
1112,2025-04-21,monthly,basic,12.99,organic,web,35-44,no,,
1113,2025-08-10,annual,plus,14.99,paid_social,ios,18-24,no,,
1114,2025-01-23,monthly,basic,12.99,paid_social,ios,35-44,no,,
1115,2024-08-14,monthly,basic,12.99,paid_social,android,45-54,no,,
1116,2025-10-22,annual,plus,14.99,paid_social,android,18-24,no,,
1117,2025-09-26,monthly,plus,19.99,organic,ios,55+,no,,
1118,2025-06-01,monthly,premium,29.99,promo_offer,ios,55+,yes,2025-07-27,too_expensive
1119,2024-11-21,monthly,plus,19.99,organic,ios,25-34,no,,
1120,2024-08-03,monthly,premium,29.99,organic,android,35-44,yes,2025-02-13,too_expensive
1121,2025-02-23,monthly,basic,12.99,organic,android,35-44,no,,
1122,2025-02-05,monthly,premium,29.99,organic,ios,55+,no,,
1123,2025-08-08,annual,premium,22.49,paid_social,android,55+,no,,
1124,2024-09-22,monthly,premium,29.99,organic,ios,35-44,yes,2024-09-30,
1125,2025-04-09,annual,premium,22.49,paid_social,ios,45-54,no,,
1126,2024-10-27,annual,plus,14.99,promo_offer,ios,18-24,no,,
1127,2025-10-29,annual,plus,14.99,organic,android,45-54,no,,
1128,2025-09-24,monthly,premium,29.99,organic,ios,25-34,no,,
1129,2024-12-14,monthly,plus,19.99,organic,ios,55+,yes,2025-06-25,not_using_enough
1130,2025-01-12,monthly,basic,12.99,paid_social,ios,35-44,yes,2025-06-15,too_expensive
1131,2025-10-04,monthly,premium,29.99,organic,ios,25-34,no,,
1132,2025-09-13,monthly,plus,19.99,partner,web,25-34,no,,
1133,2025-05-17,annual,plus,14.99,organic,web,25-34,no,,
1134,2025-06-06,monthly,premium,29.99,organic,ios,45-54,no,,
1135,2025-08-18,annual,basic,9.74,paid_social,ios,55+,no,,
1136,2025-06-29,monthly,plus,19.99,referral,ios,35-44,no,,
1137,2024-11-25,monthly,basic,12.99,organic,android,35-44,yes,2025-10-27,
1138,2025-09-03,monthly,basic,12.99,organic,android,18-24,no,,
1139,2025-02-24,monthly,basic,12.99,organic,web,55+,yes,2025-05-18,too_expensive
1140,2025-01-29,annual,premium,22.49,organic,ios,55+,yes,2025-12-01,too_expensive
1141,2024-09-25,monthly,basic,12.99,partner,android,18-24,no,,
1142,2025-01-07,monthly,plus,19.99,partner,android,35-44,yes,2025-07-23,found_alternative
1143,2025-02-10,monthly,basic,12.99,promo_offer,android,25-34,yes,2025-09-07,not_using_enough
1144,2025-01-22,annual,plus,14.99,paid_social,ios,45-54,no,,
1145,2025-09-22,monthly,basic,12.99,referral,ios,35-44,no,,
1146,2025-10-08,monthly,plus,19.99,organic,web,45-54,no,,
1147,2025-02-21,monthly,plus,19.99,paid_social,ios,45-54,yes,2025-05-26,not_using_enough
1148,2024-10-14,monthly,basic,12.99,referral,web,55+,yes,2025-04-07,not_using_enough
1149,2025-08-31,monthly,premium,29.99,organic,ios,35-44,no,,
1150,2025-06-09,monthly,basic,12.99,promo_offer,ios,18-24,yes,2025-06-16,
1151,2024-07-04,annual,premium,22.49,organic,android,45-54,no,,
1152,2025-04-15,annual,basic,9.74,promo_offer,ios,35-44,no,,
1153,2024-12-13,monthly,Plus,19.99,paid_social,web,25-34,yes,2025-08-25,technical_issues
1154,2025-09-17,monthly,plus,19.99,organic,android,35-44,yes,2025-09-19,
1155,2025-02-09,annual,premium,22.49,organic,ios,35-44,yes,2025-11-28,not_using_enough
1156,2025-10-10,monthly,basic,12.99,partner,android,18-24,yes,2025-12-01,not_using_enough
1157,2025-07-13,annual,basic,9.74,promo_offer,ios,25-34,yes,2025-08-02,too_expensive
1158,2025-08-29,monthly,basic,12.99,paid_social,android,25-34,no,,
1159,2025-04-19,monthly,plus,19.99,partner,ios,45-54,yes,2025-05-13,not_using_enough
1160,2025-10-19,annual,basic,9.74,referral,android,18-24,no,,
1161,2025-03-28,monthly,basic,12.99,paid_social,ios,45-54,no,,
1162,2025-06-22,monthly,basic,12.99,promo_offer,web,25-34,yes,2025-07-29,
1163,2024-11-23,annual,premium,22.49,promo_offer,web,45-54,yes,2025-10-14,not_using_enough
1164,2025-10-20,annual,plus,14.99,organic,android,25-34,no,,
1165,2024-11-23,monthly,Plus,19.99,promo_offer,web,55+,no,,
1166,2025-09-27,monthly,plus,19.99,organic,ios,25-34,no,,
1167,2025-04-18,monthly,premium,29.99,promo_offer,ios,25-34,yes,2025-06-11,
1168,2025-09-08,monthly,basic,12.99,organic,web,35-44,yes,2025-11-17,not_using_enough
1169,2025-03-02,monthly,basic,12.99,organic,android,55+,yes,2025-12-15,not_using_enough
1170,2025-09-12,monthly,premium,29.99,organic,ios,18-24,no,,
1171,2025-03-05,monthly,premium,29.99,referral,android,35-44,no,,
1172,2025-06-02,monthly,premium,29.99,paid_social,android,55+,yes,2025-08-10,not_using_enough
1173,2025-06-12,annual,premium,22.49,organic,ios,55+,no,,
1174,2024-10-02,monthly,premium,29.99,partner,ios,35-44,yes,2025-01-04,not_using_enough
1175,2024-09-05,monthly,premium,29.99,paid_social,android,35-44,no,,
1176,2024-11-11,monthly,basic,12.99,paid_social,android,25-34,yes,2025-06-22,
1177,2025-05-25,annual,plus,14.99,organic,ios,55+,no,,
1178,2024-08-25,annual,basic,9.74,paid_social,android,45-54,no,,
1179,2025-06-06,monthly,basic,12.99,referral,ios,35-44,no,,
1180,2024-11-26,annual,basic,9.74,promo_offer,ios,35-44,yes,2025-10-09,not_using_enough
1181,2025-03-08,annual,basic,9.74,promo_offer,ios,25-34,no,,
1182,2025-05-26,annual,basic,9.74,referral,android,25-34,no,,
1183,2025-07-08,annual,premium,22.49,paid_social,web,35-44,no,,
1184,2024-10-06,annual,basic,9.74,paid_social,android,25-34,no,,
1185,2025-01-24,annual,premium,22.49,organic,ios,25-34,no,,
1186,2025-01-08,monthly,plus,19.99,organic,web,18-24,yes,2025-12-09,not_using_enough
1187,2025-10-29,monthly,basic,12.99,paid_social,web,25-34,no,,
1188,2024-11-06,monthly,basic,12.99,promo_offer,android,45-54,yes,2024-11-20,
1189,2025-07-18,monthly,plus,19.99,paid_social,android,18-24,no,,
1190,2024-08-05,monthly,plus,19.99,paid_social,ios,55+,yes,2025-06-20,other
1191,2024-09-09,monthly,basic,12.99,referral,ios,55+,yes,2025-12-17,found_alternative
1192,2025-05-29,monthly,plus,19.99,partner,android,35-44,yes,2025-08-29,
1193,2025-09-01,monthly,plus,19.99,paid_social,android,25-34,yes,2025-10-10,other
1194,2025-03-09,monthly,basic,12.99,paid_social,web,25-34,no,,
1195,2025-01-03,monthly,basic,12.99,paid_social,android,45-54,yes,2025-10-04,found_alternative
1196,2024-08-11,monthly,basic,12.99,paid_social,android,35-44,yes,2025-07-29,technical_issues
1197,2024-12-29,monthly,plus,19.99,organic,ios,55+,no,,
1198,2025-10-05,annual,basic,9.74,paid_social,android,35-44,no,,
1199,2025-06-07,annual,basic,9.74,promo_offer,ios,18-24,no,,
1200,2024-09-29,monthly,basic,12.99,referral,ios,35-44,yes,2025-07-04,
1201,2025-10-25,monthly,premium,29.99,paid_social,android,35-44,no,,
1202,2025-02-13,annual,plus,14.99,organic,android,45-54,no,,
1203,2025-04-25,monthly,basic,12.99,paid_social,android,35-44,no,,
1204,2025-01-30,monthly,premium,29.99,promo_offer,android,35-44,yes,2025-04-19,
1205,2025-06-01,monthly,plus,19.99,promo_offer,ios,25-34,yes,2025-06-05,too_expensive
1206,2025-07-16,monthly,basic,12.99,partner,android,25-34,yes,2025-09-12,too_expensive
1207,2024-08-06,monthly,premium,29.99,organic,android,35-44,yes,2024-08-09,not_using_enough
1208,2025-08-28,annual,plus,14.99,referral,ios,55+,no,,
1209,2024-09-05,annual,plus,14.99,referral,ios,18-24,no,,
1210,2024-07-07,monthly,basic,12.99,referral,android,35-44,no,,
1211,2025-04-26,annual,plus,14.99,paid_social,ios,35-44,no,,
1212,2024-08-24,monthly,basic,12.99,paid_social,ios,35-44,no,,
1213,2025-02-11,monthly,basic,12.99,partner,ios,55+,yes,2025-08-15,too_expensive
1214,2024-12-07,monthly,plus,19.99,organic,android,55+,yes,2025-01-03,not_using_enough
1215,2025-09-14,monthly,basic,12.99,organic,ios,45-54,no,,
1216,2025-02-28,annual,basic,9.74,referral,android,25-34,no,,
1217,2024-07-25,monthly,premium,29.99,referral,ios,55+,yes,2025-01-10,too_expensive
1218,2025-03-27,monthly,basic,12.99,paid_social,web,18-24,yes,2025-05-11,
1219,2024-12-09,monthly,plus,19.99,promo_offer,ios,25-34,yes,2025-05-23,not_using_enough
1220,2025-07-02,monthly,basic,12.99,organic,ios,18-24,no,,
1221,2025-02-28,monthly,plus,19.99,organic,android,35-44,no,,
1222,2025-08-10,monthly,plus,19.99,paid_social,ios,18-24,no,,
1223,2025-05-15,annual,plus,14.99,partner,android,45-54,no,,
1224,2024-11-19,monthly,basic,12.99,promo_offer,android,25-34,yes,2025-01-08,too_expensive
1225,2025-01-29,monthly,premium,29.99,organic,ios,25-34,no,,
1226,2025-08-21,monthly,plus,19.99,promo_offer,ios,35-44,yes,2025-11-14,
1227,2025-03-15,monthly,plus,19.99,organic,ios,35-44,yes,2025-10-04,
1228,2025-07-09,annual,basic,9.74,paid_social,ios,25-34,no,,
1229,2024-08-18,monthly,plus,19.99,organic,ios,18-24,yes,2025-05-14,not_using_enough
1230,2024-10-16,annual,premium,22.49,paid_social,web,55+,no,,
1231,2025-07-12,annual,plus,14.99,organic,ios,55+,no,,
1232,2025-09-12,monthly,premium,29.99,promo_offer,ios,18-24,no,,
1233,2025-07-27,monthly,premium,29.99,organic,android,25-34,no,,
1234,2025-09-04,monthly,basic,12.99,paid_social,android,45-54,no,,
1235,2024-08-25,monthly,basic,12.99,promo_offer,android,25-34,no,,
1236,2024-08-15,monthly,basic,12.99,partner,android,18-24,yes,2025-03-18,other
1237,2025-07-06,monthly,basic,12.99,paid_social,ios,18-24,no,,
1238,2024-11-14,monthly,plus,19.99,referral,ios,45-54,no,,
1239,2025-08-12,annual,basic,9.74,referral,ios,25-34,no,,
1240,2025-01-15,monthly,basic,12.99,organic,ios,18-24,yes,2025-04-12,found_alternative
1241,2024-12-12,monthly,basic,12.99,organic,web,45-54,yes,2025-09-18,not_using_enough
1242,2025-01-25,monthly,basic,12.99,promo_offer,android,35-44,yes,2025-03-25,
1243,2025-04-13,monthly,basic,12.99,organic,android,25-34,no,,
1244,2025-04-20,annual,plus,14.99,partner,android,25-34,yes,2025-04-20,other
1245,2025-05-01,annual,plus,14.99,paid_social,ios,35-44,no,,
1246,2025-02-28,annual,premium,22.49,organic,ios,35-44,no,,
1247,2025-09-21,annual,plus,14.99,organic,ios,25-34,no,,
1248,2025-08-25,monthly,plus,19.99,paid_social,android,25-34,no,,
1249,2025-07-29,monthly,basic,12.99,paid_social,android,45-54,yes,2025-10-17,found_alternative
1250,2024-12-24,annual,basic,9.74,promo_offer,ios,18-24,yes,2025-11-12,
1251,2025-02-02,monthly,basic,12.99,promo_offer,android,55+,no,,
1252,2025-10-17,monthly,basic,12.99,promo_offer,ios,25-34,yes,2025-12-14,not_using_enough
1253,2024-11-24,annual,basic,9.74,paid_social,ios,18-24,no,,
1254,2025-09-04,monthly,premium,29.99,partner,android,55+,no,,
1255,2024-09-18,monthly,basic,12.99,partner,ios,35-44,yes,2024-09-24,
1256,2024-12-30,monthly,plus,19.99,paid_social,ios,18-24,no,,
1257,2025-04-25,monthly,plus,19.99,paid_social,web,35-44,yes,2025-08-17,not_using_enough
1258,2025-10-05,annual,plus,14.99,partner,web,45-54,no,,
1259,2025-03-27,monthly,basic,12.99,organic,ios,45-54,yes,2025-06-17,
1260,2024-11-12,annual,plus,14.99,organic,ios,35-44,yes,2025-10-27,not_using_enough
1261,2025-05-25,annual,plus,14.99,paid_social,android,25-34,no,,
1262,2025-10-11,monthly,plus,19.99,organic,ios,25-34,yes,2025-10-26,
1263,2024-07-03,monthly,basic,12.99,paid_social,android,35-44,yes,2024-10-30,not_using_enough
1264,2025-02-10,monthly,basic,12.99,organic,ios,25-34,no,,
1265,2024-10-12,monthly,basic,12.99,organic,android,25-34,yes,2024-12-14,
1266,2025-07-11,monthly,basic,12.99,organic,ios,45-54,yes,2025-07-26,not_using_enough
1267,2025-07-12,monthly,basic,12.99,referral,ios,25-34,yes,2025-08-04,other
1268,2025-07-19,monthly,basic,12.99,organic,ios,55+,no,,
1269,2025-10-25,annual,basic,9.74,partner,ios,45-54,no,,
1270,2025-07-10,monthly,premium,29.99,organic,ios,25-34,yes,2025-07-29,found_alternative
1271,2025-06-02,monthly,premium,29.99,organic,android,35-44,no,,
1272,2025-08-24,monthly,basic,12.99,organic,ios,25-34,no,,
1273,2025-06-20,annual,basic,9.74,paid_social,ios,35-44,no,,
1274,2024-12-17,monthly,basic,12.99,paid_social,ios,25-34,yes,2025-03-30,found_alternative
1275,2024-08-16,annual,basic,9.74,paid_social,ios,35-44,yes,2025-07-01,
1276,2025-01-10,monthly,premium,29.99,organic,ios,18-24,yes,2025-09-01,too_expensive
1277,2024-10-17,annual,premium,22.49,partner,ios,25-34,yes,2025-09-12,too_expensive
1278,2025-06-14,monthly,Plus,19.99,paid_social,ios,25-34,yes,2025-12-16,not_using_enough
1279,2025-08-03,monthly,plus,19.99,referral,ios,35-44,no,,
1280,2025-03-28,annual,plus,14.99,paid_social,ios,25-34,no,,
1281,2025-07-05,monthly,basic,12.99,organic,android,25-34,yes,2025-08-25,not_using_enough
1282,2025-05-15,monthly,premium,29.99,organic,android,25-34,yes,2025-10-05,other
1283,2025-03-29,monthly,plus,19.99,promo_offer,ios,18-24,no,,
1284,2025-10-24,annual,plus,14.99,paid_social,ios,18-24,no,,
1285,2025-01-20,monthly,plus,19.99,paid_social,android,35-44,no,,
1286,2025-01-25,monthly,basic,12.99,organic,ios,25-34,yes,2025-03-14,not_using_enough
1287,2025-08-07,monthly,plus,19.99,organic,android,55+,no,,
1288,2025-03-13,monthly,plus,19.99,referral,ios,55+,no,,
1289,2024-11-22,monthly,premium,29.99,paid_social,web,25-34,no,,
1290,2024-09-08,monthly,basic,12.99,referral,ios,25-34,yes,2024-09-27,not_using_enough
1291,2025-02-07,monthly,basic,12.99,organic,ios,35-44,yes,2025-02-26,not_using_enough
1292,2025-07-09,monthly,premium,29.99,organic,ios,18-24,no,,
1293,2025-06-10,monthly,basic,12.99,organic,ios,25-34,yes,2025-10-19,
1294,2025-09-29,annual,plus,14.99,promo_offer,web,35-44,no,,
1295,2025-06-28,monthly,basic,12.99,organic,web,18-24,no,,
1296,2025-05-27,annual,plus,14.99,paid_social,ios,25-34,no,,
1297,2024-10-14,annual,basic,9.74,referral,android,25-34,yes,2025-09-15,found_alternative
1298,2025-06-15,monthly,premium,29.99,paid_social,web,35-44,yes,2025-09-16,not_using_enough
1299,2025-03-08,monthly,basic,12.99,paid_social,ios,18-24,no,,
1300,2025-07-28,monthly,plus,19.99,referral,android,18-24,no,,
1301,2025-02-22,annual,premium,22.49,partner,ios,18-24,no,,
1302,2025-09-05,annual,basic,9.74,organic,android,25-34,yes,2025-09-24,too_expensive
1303,2024-10-09,monthly,premium,29.99,organic,android,18-24,yes,2025-03-02,found_alternative
1304,2025-08-24,monthly,plus,19.99,promo_offer,ios,35-44,yes,2025-11-21,other
1305,2024-11-18,monthly,premium,29.99,organic,ios,18-24,yes,2024-11-22,
1306,2024-07-16,annual,basic,9.74,referral,ios,18-24,yes,2025-06-19,
1307,2025-06-25,monthly,plus,19.99,organic,android,25-34,no,,
1308,2024-09-08,monthly,basic,12.99,referral,ios,45-54,yes,2025-06-10,not_using_enough
1309,2024-11-19,monthly,plus,19.99,organic,android,45-54,yes,2025-08-24,
1310,2025-03-14,monthly,plus,19.99,paid_social,ios,45-54,yes,2025-06-17,not_using_enough
1311,2025-10-17,annual,basic,9.74,organic,android,45-54,no,,
1312,2024-10-02,annual,plus,14.99,promo_offer,ios,35-44,yes,2025-09-04,too_expensive
1313,2024-07-24,monthly,premium,29.99,organic,ios,25-34,yes,2025-02-18,
1314,2024-10-11,annual,premium,22.49,organic,android,25-34,no,,
1315,2025-07-16,monthly,plus,19.99,referral,android,45-54,no,,
1316,2024-07-25,annual,basic,9.74,promo_offer,ios,45-54,yes,2025-06-03,found_alternative
1317,2024-09-29,annual,premium,22.49,organic,android,35-44,yes,2025-08-09,
1318,2024-09-15,monthly,basic,12.99,organic,android,18-24,no,,
1319,2025-03-11,monthly,basic,12.99,organic,ios,55+,no,,
1320,2024-08-28,annual,premium,22.49,partner,android,25-34,yes,2025-07-29,too_expensive
1321,2025-03-05,annual,plus,14.99,organic,web,25-34,no,,
1322,2025-04-08,monthly,basic,12.99,paid_social,ios,25-34,yes,2025-11-20,found_alternative
1323,2024-09-20,annual,basic,9.74,organic,android,18-24,no,,
1324,2024-12-01,annual,plus,14.99,paid_social,android,25-34,yes,2025-11-12,other
1325,2024-07-20,monthly,plus,19.99,organic,web,35-44,yes,2025-08-30,technical_issues
1326,2025-02-18,monthly,plus,19.99,organic,ios,25-34,no,,
1327,2025-10-08,monthly,plus,19.99,promo_offer,android,25-34,no,,
1328,2024-11-11,monthly,plus,19.99,paid_social,web,45-54,yes,2025-08-09,not_using_enough
1329,2025-08-04,monthly,premium,29.99,promo_offer,ios,55+,no,,
1330,2024-07-23,monthly,premium,29.99,referral,android,18-24,yes,2025-12-06,technical_issues
1331,2025-03-11,annual,premium,22.49,promo_offer,ios,35-44,no,,
1332,2024-10-29,monthly,plus,19.99,promo_offer,ios,35-44,yes,2024-11-11,technical_issues
1333,2025-04-12,monthly,basic,12.99,promo_offer,ios,25-34,no,,
1334,2025-09-15,monthly,plus,19.99,referral,android,45-54,no,,
1335,2024-11-11,annual,basic,9.74,partner,android,35-44,no,,
1336,2025-05-07,monthly,plus,19.99,referral,ios,18-24,no,,
1337,2024-07-08,monthly,premium,29.99,paid_social,android,25-34,yes,2025-05-24,not_using_enough
1338,2025-10-21,annual,plus,14.99,paid_social,web,45-54,no,,
1339,2025-03-31,annual,premium,22.49,organic,ios,45-54,no,,
1340,2024-11-21,monthly,plus,19.99,promo_offer,ios,35-44,no,,
1341,2025-02-05,annual,premium,22.49,organic,android,25-34,no,,
1342,2025-04-22,monthly,premium,29.99,referral,ios,55+,no,,
1343,2025-08-07,monthly,basic,12.99,promo_offer,web,25-34,yes,2025-11-05,other
1344,2025-04-28,annual,basic,9.74,partner,ios,18-24,no,,
1345,2024-11-06,annual,basic,9.74,referral,ios,25-34,no,,
1346,2025-01-30,annual,basic,9.74,paid_social,ios,18-24,yes,2025-12-17,not_using_enough
1347,2024-09-24,annual,plus,14.99,organic,ios,25-34,no,,
1348,2024-12-28,monthly,basic,12.99,paid_social,android,35-44,yes,2025-03-11,too_expensive
1349,2025-02-05,annual,Basic,9.74,partner,web,18-24,yes,2025-07-14,not_using_enough
1350,2025-08-06,monthly,basic,12.99,referral,android,25-34,no,,
1351,2024-08-31,annual,basic,9.74,paid_social,ios,25-34,no,,
1352,2024-12-29,annual,basic,9.74,promo_offer,ios,35-44,no,,
1353,2024-12-14,annual,basic,9.74,paid_social,ios,35-44,yes,2025-09-29,technical_issues
1354,2025-10-05,monthly,basic,12.99,paid_social,android,35-44,no,,
1355,2025-05-11,annual,plus,14.99,paid_social,ios,35-44,yes,2025-06-12,technical_issues
1356,2024-11-16,annual,basic,9.74,referral,android,25-34,yes,2025-10-04,
1357,2025-07-16,monthly,plus,19.99,referral,web,55+,no,,
1358,2025-08-27,monthly,plus,19.99,organic,android,25-34,no,,
1359,2025-03-26,monthly,basic,12.99,organic,android,35-44,no,,
1360,2024-11-03,monthly,basic,12.99,organic,ios,25-34,yes,2025-03-05,too_expensive
1361,2025-03-12,monthly,premium,29.99,organic,web,35-44,no,,
1362,2024-11-17,monthly,plus,19.99,paid_social,android,25-34,yes,2025-08-09,technical_issues
1363,2024-07-04,monthly,basic,12.99,partner,android,25-34,yes,2024-07-21,found_alternative
1364,2025-07-25,monthly,plus,19.99,paid_social,ios,25-34,no,,
1365,2024-09-15,annual,plus,14.99,paid_social,android,45-54,yes,2025-04-30,too_expensive
1366,2025-08-16,annual,premium,22.49,partner,ios,55+,no,,
1367,2025-01-30,annual,basic,9.74,referral,ios,25-34,no,,
1368,2024-12-11,annual,plus,14.99,promo_offer,ios,35-44,no,,
1369,2025-06-19,annual,premium,22.49,partner,web,18-24,no,,
1370,2025-02-23,monthly,basic,12.99,promo_offer,android,25-34,no,,
1371,2025-04-18,monthly,basic,12.99,paid_social,ios,25-34,no,,
1372,2025-09-22,monthly,premium,29.99,paid_social,ios,55+,yes,2025-11-22,other
1373,2024-10-09,monthly,basic,12.99,paid_social,android,45-54,yes,2024-12-09,found_alternative
1374,2024-09-06,annual,basic,9.74,referral,ios,35-44,no,,
1375,2025-04-24,monthly,plus,19.99,organic,ios,55+,yes,2025-05-31,
1376,2024-09-18,monthly,plus,19.99,referral,web,35-44,no,,
1377,2024-09-25,monthly,plus,19.99,paid_social,web,35-44,no,,
1378,2025-10-30,monthly,basic,12.99,promo_offer,ios,18-24,no,,
1379,2025-09-22,annual,plus,14.99,paid_social,android,35-44,no,,
1380,2025-06-09,monthly,premium,29.99,referral,android,35-44,no,,
1381,2025-04-16,annual,basic,9.74,organic,android,25-34,no,,
1382,2025-01-30,annual,basic,9.74,referral,android,55+,yes,2025-12-24,
1383,2025-06-16,monthly,plus,19.99,organic,ios,25-34,yes,2025-12-14,
1384,2024-09-22,monthly,basic,12.99,organic,ios,18-24,yes,2025-04-10,
1385,2025-01-16,annual,Basic,9.74,paid_social,web,35-44,yes,2025-12-19,other
1386,2025-06-28,monthly,basic,12.99,organic,web,45-54,no,,
1387,2025-06-14,annual,Basic,9.74,referral,android,25-34,no,,
1388,2025-07-04,monthly,premium,29.99,promo_offer,web,25-34,no,,
1389,2025-09-17,monthly,plus,19.99,referral,ios,18-24,no,,
1390,2025-02-16,annual,plus,14.99,referral,ios,45-54,no,,
1391,2025-08-18,monthly,basic,12.99,paid_social,ios,25-34,no,,
1392,2025-09-02,monthly,plus,19.99,organic,android,35-44,no,,
1393,2025-04-27,monthly,premium,29.99,organic,ios,25-34,yes,2025-06-01,not_using_enough
1394,2025-09-30,monthly,premium,29.99,referral,ios,18-24,yes,2025-10-03,too_expensive
1395,2024-09-13,annual,plus,14.99,referral,android,25-34,no,,
1396,2024-09-29,monthly,basic,12.99,promo_offer,ios,25-34,yes,2024-12-15,
1397,2025-05-04,monthly,plus,19.99,partner,ios,18-24,yes,2025-06-29,too_expensive
1398,2025-10-07,annual,premium,22.49,organic,ios,25-34,no,,
1399,2024-11-18,monthly,basic,12.99,paid_social,ios,45-54,no,,
1400,2025-08-16,monthly,basic,12.99,organic,web,18-24,no,,
1401,2025-03-13,monthly,premium,29.99,organic,ios,35-44,no,,
1402,2024-09-13,annual,premium,22.49,paid_social,ios,18-24,no,,
1403,2025-06-24,monthly,basic,12.99,paid_social,web,55+,yes,2025-10-20,not_using_enough
1404,2024-09-04,annual,basic,9.74,organic,ios,18-24,yes,2025-08-29,
1405,2024-11-12,monthly,plus,19.99,organic,ios,25-34,yes,2025-12-10,not_using_enough
1406,2025-01-14,annual,basic,9.74,promo_offer,ios,25-34,yes,2025-12-03,not_using_enough
1407,2025-08-22,monthly,basic,12.99,organic,ios,35-44,yes,2025-12-21,found_alternative
1408,2025-08-02,annual,plus,14.99,paid_social,web,25-34,no,,
1409,2025-04-30,monthly,basic,12.99,organic,ios,25-34,no,,
1410,2025-08-09,annual,plus,14.99,paid_social,ios,35-44,no,,
1411,2024-11-26,monthly,premium,29.99,organic,ios,55+,yes,2025-01-04,not_using_enough
1412,2025-10-19,monthly,basic,12.99,partner,ios,35-44,yes,2025-11-08,
1413,2025-02-09,monthly,basic,12.99,organic,android,25-34,no,,
1414,2024-12-28,monthly,basic,12.99,paid_social,web,55+,yes,2025-04-13,other
1415,2025-05-29,annual,premium,22.49,promo_offer,ios,55+,no,,
1416,2024-10-09,monthly,basic,12.99,promo_offer,ios,25-34,yes,2025-03-12,too_expensive
1417,2025-09-15,monthly,plus,19.99,partner,web,35-44,no,,
1418,2025-10-06,monthly,basic,12.99,promo_offer,android,25-34,yes,2025-12-21,not_using_enough
1419,2025-09-19,annual,plus,14.99,paid_social,ios,35-44,no,,
1420,2025-04-15,monthly,premium,29.99,promo_offer,android,18-24,no,,
1421,2025-07-16,annual,basic,9.74,paid_social,ios,25-34,yes,2025-09-25,
1422,2025-01-26,monthly,plus,19.99,promo_offer,ios,45-54,yes,2025-03-26,too_expensive
1423,2025-05-19,monthly,basic,12.99,referral,android,55+,yes,2025-08-28,not_using_enough
1424,2025-10-04,annual,plus,14.99,paid_social,android,35-44,no,,
1425,2025-01-08,monthly,basic,12.99,organic,android,35-44,no,,
1426,2024-12-11,annual,basic,9.74,paid_social,ios,18-24,yes,2025-11-14,too_expensive
1427,2025-06-26,monthly,plus,19.99,promo_offer,ios,35-44,yes,2025-08-20,
1428,2025-05-03,monthly,plus,19.99,organic,web,18-24,no,,
1429,2025-07-18,annual,basic,9.74,promo_offer,ios,18-24,no,,
1430,2025-04-30,annual,plus,14.99,organic,ios,25-34,no,,
1431,2025-06-08,monthly,plus,19.99,paid_social,android,25-34,yes,2025-06-19,not_using_enough
1432,2025-09-14,monthly,basic,12.99,promo_offer,android,18-24,yes,2025-12-10,found_alternative
1433,2025-04-01,monthly,plus,19.99,referral,android,55+,yes,2025-07-24,not_using_enough
1434,2025-04-10,monthly,plus,19.99,partner,web,35-44,yes,2025-09-15,technical_issues
1435,2025-04-04,monthly,basic,12.99,organic,android,45-54,yes,2025-04-25,not_using_enough
1436,2025-02-12,annual,basic,9.74,promo_offer,android,45-54,yes,2025-12-10,
1437,2025-04-09,annual,basic,9.74,partner,ios,35-44,no,,
1438,2024-12-14,monthly,basic,12.99,referral,web,35-44,no,,
1439,2025-10-09,monthly,premium,29.99,organic,android,25-34,no,,
1440,2024-08-21,monthly,plus,19.99,organic,ios,35-44,yes,2025-01-14,other
1441,2025-01-21,monthly,plus,19.99,organic,android,45-54,no,,
1442,2025-03-07,annual,plus,14.99,organic,ios,18-24,no,,
1443,2024-11-05,annual,plus,14.99,paid_social,ios,25-34,yes,2024-11-06,not_using_enough
1444,2025-02-10,annual,basic,9.74,referral,android,25-34,no,,
1445,2024-10-26,annual,plus,14.99,paid_social,android,25-34,yes,2025-09-26,technical_issues
1446,2024-09-17,monthly,basic,12.99,organic,ios,18-24,no,,
1447,2025-03-08,monthly,premium,29.99,organic,ios,35-44,yes,2025-05-23,too_expensive
1448,2024-08-12,monthly,basic,12.99,promo_offer,android,18-24,yes,2025-05-23,technical_issues
1449,2024-12-21,monthly,basic,12.99,organic,web,35-44,yes,2024-12-25,too_expensive
1450,2024-10-05,annual,basic,9.74,organic,ios,25-34,yes,2025-02-06,other
1451,2025-02-02,monthly,premium,29.99,organic,ios,18-24,yes,2025-04-07,too_expensive
1452,2024-10-18,annual,plus,14.99,organic,web,25-34,no,,
1453,2025-05-19,annual,basic,9.74,promo_offer,ios,35-44,no,,
1454,2025-01-14,monthly,basic,12.99,referral,ios,45-54,yes,2025-02-26,too_expensive
1455,2025-07-08,monthly,basic,12.99,promo_offer,ios,18-24,yes,2025-07-19,not_using_enough
1456,2024-07-15,annual,plus,14.99,paid_social,android,25-34,yes,2024-12-04,too_expensive
1457,2024-12-02,monthly,plus,19.99,partner,android,18-24,no,,
1458,2024-11-02,monthly,basic,12.99,organic,android,18-24,no,,
1459,2025-09-20,monthly,plus,19.99,referral,android,25-34,yes,2025-10-25,not_using_enough
1460,2025-01-11,monthly,basic,12.99,referral,android,25-34,yes,2025-03-28,found_alternative
1461,2025-10-10,annual,plus,14.99,referral,android,18-24,no,,
1462,2025-02-12,monthly,premium,29.99,organic,android,18-24,no,,
1463,2025-07-25,monthly,basic,12.99,referral,web,35-44,yes,2025-11-14,other
1464,2025-05-15,monthly,plus,19.99,referral,ios,25-34,no,,
1465,2025-10-01,monthly,plus,19.99,paid_social,web,45-54,no,,
1466,2025-09-26,monthly,premium,29.99,promo_offer,web,25-34,no,,
1467,2025-03-25,monthly,plus,19.99,organic,ios,55+,yes,2025-04-07,found_alternative
1468,2025-07-30,monthly,plus,19.99,referral,android,25-34,yes,2025-11-16,not_using_enough
1469,2025-05-04,monthly,premium,29.99,organic,android,45-54,no,,
1470,2025-06-19,annual,plus,14.99,promo_offer,web,35-44,no,,
1471,2025-01-26,monthly,basic,12.99,promo_offer,android,35-44,yes,2025-02-22,too_expensive
1472,2025-10-16,annual,basic,9.74,promo_offer,android,25-34,no,,
1473,2024-12-07,monthly,plus,19.99,referral,android,35-44,no,,
1474,2024-10-05,monthly,plus,19.99,organic,ios,35-44,yes,2024-11-21,not_using_enough
1475,2025-09-27,monthly,basic,12.99,organic,web,25-34,no,,
1476,2025-05-14,annual,basic,9.74,promo_offer,ios,25-34,no,,
1477,2024-12-02,monthly,basic,12.99,promo_offer,ios,18-24,yes,2025-03-31,
1478,2025-01-01,monthly,plus,19.99,promo_offer,ios,35-44,no,,
1479,2025-07-31,monthly,premium,29.99,referral,web,35-44,no,,
1480,2025-09-19,monthly,premium,29.99,promo_offer,ios,45-54,yes,2025-11-02,too_expensive
1481,2025-04-03,annual,basic,9.74,promo_offer,web,25-34,no,,
1482,2025-09-05,monthly,plus,19.99,organic,web,45-54,no,,
1483,2025-08-22,monthly,premium,29.99,organic,ios,25-34,no,,
1484,2025-06-13,monthly,premium,29.99,promo_offer,android,55+,yes,2025-11-18,not_using_enough
1485,2024-09-29,annual,premium,22.49,promo_offer,ios,55+,yes,2024-12-05,not_using_enough
1486,2025-06-30,annual,plus,14.99,paid_social,ios,45-54,no,,
1487,2025-01-03,monthly,premium,29.99,organic,android,25-34,no,,
1488,2025-02-10,monthly,plus,19.99,partner,ios,25-34,yes,2025-12-21,not_using_enough
1489,2025-10-03,monthly,basic,12.99,promo_offer,ios,18-24,no,,
1490,2025-01-25,monthly,plus,19.99,organic,android,25-34,yes,2025-11-09,other
1491,2025-01-01,annual,basic,9.74,organic,android,45-54,no,,
1492,2025-07-22,monthly,premium,29.99,organic,ios,25-34,yes,2025-09-06,found_alternative
1493,2025-09-19,annual,plus,14.99,paid_social,android,18-24,no,,
1494,2025-01-06,monthly,plus,19.99,partner,ios,18-24,yes,2025-01-20,not_using_enough
1495,2025-01-05,monthly,premium,29.99,organic,ios,55+,yes,2025-01-23,other
1496,2025-02-02,monthly,premium,29.99,promo_offer,ios,25-34,yes,2025-04-12,not_using_enough
1497,2025-04-21,annual,plus,14.99,paid_social,web,55+,no,,
1498,2025-07-29,monthly,basic,12.99,organic,ios,35-44,no,,
1499,2025-09-10,monthly,plus,19.99,organic,ios,25-34,yes,2025-09-27,not_using_enough
1500,2024-11-30,annual,plus,14.99,paid_social,android,25-34,yes,2025-06-12,not_using_enough
1501,2025-02-28,monthly,plus,19.99,paid_social,ios,25-34,no,,
1502,2025-08-30,annual,basic,9.74,paid_social,ios,55+,no,,
1503,2025-07-24,annual,plus,14.99,organic,android,25-34,no,,
1504,2024-12-05,annual,basic,9.74,partner,ios,25-34,yes,2025-11-17,too_expensive
1505,2024-09-23,monthly,premium,29.99,paid_social,ios,45-54,no,,
1506,2025-07-11,monthly,basic,12.99,promo_offer,ios,35-44,no,,
1507,2025-06-17,monthly,basic,12.99,promo_offer,ios,35-44,no,,
1508,2025-08-14,monthly,basic,12.99,promo_offer,android,55+,no,,
1509,2024-12-25,monthly,plus,19.99,paid_social,ios,35-44,no,,
1510,2024-12-02,annual,plus,14.99,paid_social,android,35-44,yes,2025-11-27,other
1511,2025-09-22,monthly,basic,12.99,paid_social,android,18-24,no,,
1512,2025-09-19,annual,plus,14.99,promo_offer,android,35-44,no,,
1513,2025-10-17,monthly,basic,12.99,paid_social,android,45-54,no,,
1514,2024-11-07,monthly,premium,29.99,organic,android,25-34,no,,
1515,2024-08-16,monthly,basic,12.99,paid_social,ios,45-54,no,,
1516,2024-10-26,monthly,plus,19.99,promo_offer,ios,18-24,yes,2025-08-08,technical_issues
1517,2025-09-23,monthly,plus,19.99,paid_social,ios,45-54,no,,
1518,2025-05-26,monthly,plus,19.99,paid_social,android,18-24,yes,2025-08-08,
1519,2024-07-21,monthly,basic,12.99,organic,android,18-24,no,,
1520,2025-06-06,annual,plus,14.99,referral,ios,25-34,no,,
1521,2024-08-24,monthly,premium,29.99,partner,ios,35-44,yes,2025-01-16,
1522,2025-05-19,annual,plus,14.99,promo_offer,ios,45-54,no,,
1523,2024-07-02,monthly,basic,12.99,promo_offer,android,35-44,no,,
1524,2025-09-26,annual,basic,9.74,promo_offer,ios,18-24,no,,
1525,2025-02-08,monthly,premium,29.99,promo_offer,web,18-24,yes,2025-03-28,too_expensive
1526,2024-09-17,monthly,basic,12.99,promo_offer,ios,35-44,no,,
1527,2025-10-22,monthly,plus,19.99,promo_offer,ios,25-34,yes,2025-12-20,too_expensive
1528,2025-05-04,monthly,basic,12.99,promo_offer,ios,25-34,yes,2025-07-05,
1529,2025-06-28,monthly,basic,12.99,promo_offer,ios,25-34,yes,2025-08-22,too_expensive
1530,2025-09-29,monthly,Plus,19.99,promo_offer,ios,35-44,yes,2025-11-18,not_using_enough
1531,2024-11-04,annual,plus,14.99,promo_offer,ios,35-44,yes,2025-10-28,too_expensive
1532,2025-06-13,monthly,basic,12.99,partner,ios,25-34,no,,
1533,2024-10-19,monthly,basic,12.99,promo_offer,web,18-24,yes,2025-12-21,not_using_enough
1534,2025-04-05,annual,basic,9.74,referral,web,18-24,no,,
1535,2025-03-27,monthly,basic,12.99,promo_offer,ios,35-44,no,,
1536,2025-07-12,annual,basic,9.74,paid_social,web,35-44,no,,
1537,2025-04-14,monthly,basic,12.99,organic,android,55+,no,,
1538,2025-01-17,monthly,basic,12.99,organic,ios,35-44,yes,2025-06-29,other
1539,2025-06-26,monthly,plus,19.99,referral,ios,45-54,no,,
1540,2025-07-26,monthly,plus,19.99,paid_social,ios,45-54,yes,2025-11-20,
1541,2025-03-20,annual,basic,9.74,promo_offer,android,25-34,no,,
1542,2025-05-15,monthly,premium,29.99,referral,android,55+,yes,2025-12-02,not_using_enough
1543,2025-09-08,monthly,plus,19.99,paid_social,web,35-44,yes,2025-10-05,found_alternative
1544,2024-07-13,monthly,basic,12.99,promo_offer,android,45-54,no,,
1545,2025-09-13,monthly,premium,29.99,promo_offer,ios,18-24,no,,
1546,2025-08-26,monthly,basic,12.99,organic,ios,35-44,no,,
1547,2024-09-22,monthly,plus,19.99,paid_social,ios,45-54,yes,2024-11-02,too_expensive
1548,2025-10-22,monthly,basic,12.99,paid_social,ios,18-24,no,,
1549,2025-09-29,annual,plus,14.99,partner,android,18-24,no,,
1550,2025-08-07,monthly,basic,12.99,organic,ios,25-34,no,,
1551,2025-05-28,monthly,basic,12.99,paid_social,android,25-34,no,,
1552,2025-07-24,monthly,plus,19.99,paid_social,web,35-44,yes,2025-12-26,not_using_enough
1553,2025-05-24,monthly,basic,12.99,partner,ios,55+,no,,
1554,2024-11-22,monthly,plus,19.99,organic,android,35-44,yes,2025-06-23,other
1555,2024-08-18,monthly,basic,12.99,paid_social,ios,35-44,yes,2024-10-08,not_using_enough
1556,2025-08-20,annual,plus,14.99,partner,ios,45-54,no,,
1557,2024-09-23,monthly,premium,29.99,promo_offer,android,55+,yes,2024-11-14,found_alternative
1558,2025-07-16,monthly,plus,19.99,referral,web,45-54,no,,
1559,2025-07-20,monthly,basic,12.99,organic,android,18-24,yes,2025-10-17,
1560,2025-05-17,monthly,basic,12.99,promo_offer,android,25-34,yes,2025-07-25,not_using_enough
1561,2025-06-12,annual,plus,14.99,paid_social,web,18-24,no,,
1562,2025-06-20,annual,Plus,14.99,paid_social,web,25-34,yes,2025-12-30,not_using_enough
1563,2024-07-12,monthly,basic,12.99,promo_offer,android,45-54,yes,2024-07-22,too_expensive
1564,2024-10-28,monthly,plus,19.99,partner,android,55+,no,,
1565,2025-08-21,monthly,basic,12.99,organic,ios,18-24,no,,
1566,2025-09-26,annual,basic,9.74,organic,android,18-24,no,,
1567,2025-02-07,monthly,premium,29.99,paid_social,android,35-44,no,,
1568,2025-06-26,annual,plus,14.99,paid_social,android,55+,no,,
1569,2025-05-12,monthly,premium,29.99,organic,ios,45-54,yes,2025-06-03,not_using_enough
1570,2025-03-27,monthly,plus,19.99,referral,android,35-44,yes,2025-05-18,other
1571,2024-08-01,annual,basic,9.74,organic,ios,25-34,no,,
1572,2025-06-27,monthly,basic,12.99,organic,web,25-34,no,,
1573,2025-05-08,monthly,plus,19.99,organic,android,55+,no,,
1574,2025-07-29,monthly,premium,29.99,partner,android,35-44,no,,
1575,2024-07-30,monthly,basic,12.99,paid_social,ios,25-34,yes,2025-05-10,too_expensive
1576,2025-05-20,monthly,premium,29.99,paid_social,android,35-44,no,,
1577,2025-07-05,monthly,basic,12.99,paid_social,ios,45-54,no,,
1578,2024-07-27,monthly,basic,12.99,promo_offer,android,35-44,yes,2025-03-20,technical_issues
1579,2025-03-17,monthly,plus,19.99,organic,ios,25-34,yes,2025-09-11,not_using_enough
1580,2024-12-26,annual,premium,22.49,promo_offer,ios,25-34,yes,2025-11-19,
1581,2024-11-27,monthly,basic,12.99,paid_social,ios,55+,yes,2025-09-30,
1582,2025-06-04,annual,plus,14.99,referral,web,25-34,no,,
1583,2025-09-04,annual,premium,22.49,paid_social,ios,35-44,no,,
1584,2025-07-05,annual,premium,22.49,paid_social,android,45-54,no,,
1585,2025-03-29,monthly,basic,12.99,organic,android,25-34,yes,2025-11-14,other
1586,2025-06-15,monthly,basic,12.99,promo_offer,android,35-44,no,,
1587,2025-07-03,annual,plus,14.99,paid_social,android,35-44,no,,
1588,2025-09-13,annual,plus,14.99,promo_offer,ios,18-24,no,,
1589,2024-11-17,monthly,plus,19.99,promo_offer,web,35-44,yes,2025-01-06,not_using_enough
1590,2024-12-18,monthly,basic,12.99,organic,ios,35-44,no,,
1591,2024-12-16,annual,basic,9.74,paid_social,ios,55+,yes,2025-11-07,not_using_enough
1592,2025-02-20,monthly,basic,12.99,organic,ios,18-24,yes,2025-10-06,
1593,2024-12-25,monthly,premium,29.99,promo_offer,ios,25-34,no,,
1594,2024-10-21,annual,basic,9.74,referral,ios,25-34,yes,2025-09-07,
1595,2024-10-12,monthly,plus,19.99,organic,ios,25-34,yes,2024-10-28,not_using_enough
1596,2025-10-08,monthly,basic,12.99,paid_social,android,25-34,no,,
1597,2025-03-02,monthly,plus,19.99,paid_social,ios,25-34,no,,
1598,2025-07-29,annual,premium,22.49,promo_offer,ios,25-34,no,,
1599,2025-09-24,monthly,basic,12.99,promo_offer,ios,45-54,no,,
1600,2024-10-17,monthly,basic,12.99,organic,ios,35-44,yes,2025-06-26,
1601,2025-03-25,monthly,plus,19.99,organic,ios,25-34,no,,
1602,2025-09-07,annual,plus,14.99,referral,android,35-44,no,,
1603,2025-08-23,monthly,basic,12.99,paid_social,ios,35-44,yes,2025-11-03,too_expensive
1604,2025-05-14,annual,premium,22.49,promo_offer,android,25-34,no,,
1605,2025-07-09,monthly,basic,12.99,organic,ios,18-24,yes,2025-08-18,too_expensive
1606,2025-05-23,annual,basic,9.74,promo_offer,web,25-34,no,,
1607,2025-05-05,monthly,plus,19.99,promo_offer,ios,25-34,yes,2025-06-12,not_using_enough
1608,2025-10-24,annual,basic,9.74,referral,web,25-34,no,,
1609,2025-09-15,monthly,plus,19.99,organic,ios,35-44,yes,2025-10-04,not_using_enough
1610,2025-09-15,annual,basic,9.74,paid_social,ios,25-34,no,,
1611,2025-08-23,monthly,premium,29.99,promo_offer,ios,18-24,no,,
1612,2024-07-21,annual,basic,9.74,organic,ios,45-54,yes,2025-06-09,not_using_enough
1613,2025-07-23,monthly,plus,19.99,paid_social,web,45-54,yes,2025-08-29,not_using_enough
1614,2025-10-21,monthly,plus,19.99,organic,android,35-44,yes,2025-10-28,
1615,2025-06-27,monthly,plus,19.99,promo_offer,web,25-34,yes,2025-12-17,too_expensive
1616,2025-01-15,monthly,plus,19.99,partner,ios,35-44,yes,2025-04-29,not_using_enough
1617,2025-10-02,monthly,basic,12.99,organic,android,25-34,no,,
1618,2025-05-13,monthly,plus,19.99,referral,web,25-34,no,,
1619,2024-07-26,monthly,plus,19.99,organic,web,55+,yes,2025-02-10,not_using_enough
1620,2024-11-09,annual,plus,14.99,paid_social,ios,25-34,yes,2025-10-17,found_alternative
1621,2025-04-04,annual,plus,14.99,promo_offer,android,45-54,no,,
1622,2025-09-21,monthly,basic,12.99,organic,android,45-54,no,,
1623,2025-03-28,annual,basic,9.74,organic,ios,35-44,yes,2025-06-25,not_using_enough
1624,2025-07-29,annual,basic,9.74,paid_social,ios,25-34,no,,
1625,2024-10-25,annual,basic,9.74,organic,ios,25-34,yes,2025-09-10,technical_issues
1626,2024-10-08,monthly,plus,19.99,paid_social,android,55+,yes,2025-03-08,found_alternative
1627,2025-02-28,monthly,basic,12.99,paid_social,android,18-24,yes,2025-03-15,found_alternative
1628,2025-07-28,monthly,plus,19.99,paid_social,ios,55+,no,,
1629,2025-06-27,monthly,basic,12.99,paid_social,ios,45-54,yes,2025-08-02,not_using_enough
1630,2025-03-25,annual,basic,9.74,promo_offer,android,18-24,no,,
1631,2024-11-30,monthly,plus,19.99,organic,ios,55+,yes,2025-01-29,not_using_enough
1632,2024-10-24,annual,plus,14.99,promo_offer,web,35-44,yes,2025-09-06,not_using_enough
1633,2024-09-10,annual,plus,14.99,paid_social,web,25-34,yes,2025-08-08,technical_issues
1634,2025-10-20,annual,basic,9.74,referral,ios,35-44,no,,
1635,2024-07-12,monthly,basic,12.99,promo_offer,web,25-34,yes,2024-10-25,other
1636,2024-07-29,monthly,basic,12.99,referral,web,45-54,yes,2025-03-08,not_using_enough
1637,2025-06-18,annual,basic,9.74,organic,ios,25-34,no,,
1638,2025-10-06,monthly,basic,12.99,promo_offer,web,35-44,no,,
1639,2025-03-13,annual,basic,9.74,partner,android,35-44,no,,
1640,2024-10-30,annual,plus,14.99,paid_social,android,35-44,yes,2025-09-05,too_expensive
1641,2025-03-08,annual,basic,9.74,paid_social,android,35-44,no,,
1642,2025-08-08,monthly,basic,12.99,paid_social,android,35-44,no,,
1643,2025-08-02,annual,plus,14.99,paid_social,android,55+,yes,2025-09-26,not_using_enough
1644,2025-05-29,annual,basic,9.74,organic,android,18-24,no,,
1645,2024-07-27,monthly,basic,12.99,partner,ios,45-54,yes,2024-08-09,
1646,2024-07-09,annual,basic,9.74,promo_offer,ios,35-44,yes,2025-06-20,not_using_enough
1647,2025-04-08,monthly,basic,12.99,paid_social,android,25-34,yes,2025-11-10,not_using_enough
1648,2024-07-27,monthly,plus,19.99,partner,android,25-34,yes,2025-02-10,too_expensive
1649,2025-06-22,monthly,plus,19.99,paid_social,android,18-24,yes,2025-08-14,not_using_enough
1650,2025-10-27,monthly,basic,12.99,organic,ios,35-44,no,,
1651,2025-01-19,monthly,basic,12.99,partner,ios,25-34,yes,2025-04-17,not_using_enough
1652,2025-05-31,monthly,basic,12.99,promo_offer,android,55+,yes,2025-07-07,too_expensive
1653,2024-12-19,monthly,plus,19.99,partner,android,25-34,yes,2025-05-15,too_expensive
1654,2024-08-17,monthly,plus,19.99,partner,ios,45-54,no,,
1655,2025-03-11,monthly,premium,29.99,organic,ios,45-54,no,,
1656,2025-02-28,monthly,basic,12.99,promo_offer,ios,18-24,no,,
1657,2025-06-07,annual,basic,9.74,organic,ios,25-34,no,,
1658,2025-06-20,monthly,basic,12.99,paid_social,ios,45-54,no,,
1659,2025-05-16,monthly,basic,12.99,promo_offer,android,45-54,yes,2025-06-20,
1660,2025-09-16,annual,plus,14.99,partner,android,35-44,no,,
1661,2025-06-22,monthly,basic,12.99,organic,web,45-54,no,,
1662,2024-12-27,annual,plus,14.99,paid_social,ios,45-54,yes,2025-11-07,not_using_enough
1663,2024-12-04,monthly,basic,12.99,organic,ios,35-44,no,,
1664,2025-01-07,annual,plus,14.99,partner,ios,45-54,no,,
1665,2025-09-14,monthly,premium,29.99,referral,ios,45-54,no,,
1666,2024-11-26,monthly,basic,12.99,organic,ios,18-24,yes,2024-12-06,not_using_enough
1667,2024-11-10,monthly,basic,12.99,organic,ios,25-34,yes,2025-06-27,too_expensive
1668,2025-09-09,monthly,basic,12.99,organic,ios,18-24,no,,
1669,2025-01-01,monthly,premium,29.99,organic,android,18-24,yes,2025-03-16,
1670,2025-01-08,monthly,basic,12.99,paid_social,android,25-34,yes,2025-05-19,not_using_enough
1671,2024-11-26,annual,basic,9.74,paid_social,ios,35-44,no,,
1672,2024-09-20,monthly,premium,29.99,paid_social,android,35-44,yes,2024-11-24,not_using_enough
1673,2025-04-14,annual,premium,22.49,promo_offer,android,45-54,no,,
1674,2025-10-24,monthly,plus,19.99,partner,ios,35-44,no,,
1675,2025-03-17,monthly,premium,29.99,organic,ios,45-54,no,,
1676,2025-05-15,monthly,basic,12.99,referral,android,25-34,no,,
1677,2025-05-30,monthly,plus,19.99,promo_offer,android,35-44,yes,2025-06-14,too_expensive
1678,2025-08-23,monthly,basic,12.99,partner,web,25-34,no,,
1679,2025-09-19,monthly,basic,12.99,partner,android,45-54,no,,
1680,2025-10-07,monthly,plus,19.99,promo_offer,web,25-34,no,,
1681,2024-09-17,monthly,basic,12.99,organic,ios,45-54,yes,2024-11-03,not_using_enough
1682,2024-11-17,monthly,premium,29.99,partner,ios,35-44,no,,
1683,2025-05-30,monthly,premium,29.99,organic,web,55+,no,,
1684,2025-09-04,monthly,plus,19.99,organic,web,25-34,no,,
1685,2024-10-18,annual,basic,9.74,organic,android,45-54,no,,
1686,2024-07-02,monthly,premium,29.99,promo_offer,android,25-34,yes,2024-07-02,not_using_enough
1687,2025-03-30,monthly,plus,19.99,organic,ios,35-44,yes,2025-11-26,other
1688,2025-05-15,annual,basic,9.74,promo_offer,web,25-34,yes,2025-08-18,other
1689,2025-08-09,monthly,premium,29.99,organic,ios,45-54,yes,2025-09-10,found_alternative
1690,2025-10-02,monthly,basic,12.99,partner,ios,35-44,no,,
1691,2025-03-22,monthly,plus,19.99,partner,web,25-34,yes,2025-06-04,
1692,2024-08-28,annual,plus,14.99,paid_social,ios,35-44,no,,
1693,2025-06-23,annual,basic,9.74,promo_offer,web,25-34,no,,
1694,2024-12-08,annual,plus,14.99,referral,android,18-24,no,,
1695,2024-12-05,monthly,basic,12.99,promo_offer,web,18-24,yes,2025-02-20,not_using_enough
1696,2024-12-31,monthly,basic,12.99,promo_offer,ios,35-44,yes,2025-02-08,
1697,2024-07-09,annual,plus,14.99,partner,android,25-34,no,,
1698,2025-04-13,monthly,basic,12.99,organic,web,35-44,yes,2025-09-10,not_using_enough
1699,2025-07-28,annual,premium,22.49,promo_offer,ios,35-44,no,,
1700,2025-07-14,monthly,basic,12.99,promo_offer,web,25-34,yes,2025-07-24,not_using_enough
1701,2024-11-15,monthly,basic,12.99,promo_offer,web,35-44,no,,
1702,2024-12-11,monthly,plus,19.99,paid_social,ios,25-34,yes,2025-01-21,
1703,2025-08-07,monthly,plus,19.99,organic,android,55+,no,,
1704,2025-06-19,annual,basic,9.74,referral,android,25-34,no,,
1705,2024-09-20,monthly,premium,29.99,promo_offer,android,25-34,yes,2025-07-24,too_expensive
1706,2025-09-15,monthly,basic,12.99,promo_offer,web,25-34,no,,
1707,2024-11-07,monthly,plus,19.99,organic,android,35-44,yes,2025-06-25,
1708,2024-09-09,monthly,plus,19.99,paid_social,ios,35-44,yes,2025-04-26,not_using_enough
1709,2025-10-03,monthly,plus,19.99,paid_social,ios,35-44,yes,2025-11-29,
1710,2025-01-04,monthly,premium,29.99,organic,ios,25-34,no,,
1711,2024-11-22,annual,premium,22.49,referral,android,25-34,yes,2025-08-21,found_alternative
1712,2025-01-11,monthly,plus,19.99,paid_social,android,25-34,yes,2025-06-30,too_expensive
1713,2024-11-17,annual,basic,9.74,organic,ios,25-34,yes,2025-10-29,
1714,2025-06-18,annual,premium,22.49,promo_offer,ios,35-44,no,,
1715,2025-02-27,monthly,premium,29.99,paid_social,ios,18-24,yes,2025-05-01,not_using_enough
1716,2025-06-12,monthly,basic,12.99,paid_social,ios,45-54,yes,2025-11-01,not_using_enough
1717,2025-07-15,annual,basic,9.74,partner,android,45-54,yes,2025-11-12,not_using_enough
1718,2025-08-24,annual,premium,22.49,organic,ios,35-44,no,,
1719,2025-04-04,monthly,basic,12.99,partner,android,45-54,yes,2025-07-04,not_using_enough
1720,2025-02-13,annual,basic,9.74,paid_social,ios,45-54,no,,
1721,2025-06-22,monthly,basic,12.99,promo_offer,android,25-34,no,,
1722,2025-08-01,annual,basic,9.74,paid_social,android,45-54,no,,
1723,2025-06-12,monthly,basic,12.99,paid_social,android,55+,no,,
1724,2025-05-13,monthly,plus,19.99,organic,ios,35-44,yes,2025-09-23,technical_issues
1725,2025-08-12,monthly,basic,12.99,organic,ios,55+,no,,
1726,2025-07-04,annual,basic,9.74,organic,android,45-54,no,,
1727,2025-04-27,annual,plus,14.99,partner,android,18-24,no,,
1728,2025-06-25,annual,premium,22.49,referral,android,18-24,no,,
1729,2025-03-04,annual,plus,14.99,organic,ios,55+,no,,
1730,2024-09-25,annual,plus,14.99,organic,ios,18-24,no,,
1731,2024-07-29,monthly,basic,12.99,referral,ios,25-34,yes,2024-11-20,not_using_enough
1732,2025-10-09,monthly,basic,12.99,paid_social,ios,45-54,no,,
1733,2025-03-15,monthly,basic,12.99,promo_offer,ios,45-54,yes,2025-03-18,other
1734,2025-09-04,monthly,premium,29.99,paid_social,ios,35-44,yes,2025-12-04,
1735,2025-05-08,annual,plus,14.99,referral,ios,25-34,no,,
1736,2024-09-22,monthly,premium,29.99,promo_offer,ios,35-44,no,,
1737,2025-02-06,annual,basic,9.74,promo_offer,android,25-34,no,,
1738,2024-11-05,monthly,basic,12.99,paid_social,ios,25-34,yes,2025-03-11,too_expensive
1739,2025-04-08,annual,plus,14.99,paid_social,ios,45-54,no,,
1740,2025-07-13,monthly,basic,12.99,paid_social,android,35-44,yes,2025-09-17,other
1741,2024-07-20,monthly,Plus,19.99,referral,android,35-44,yes,2025-08-30,
1742,2024-09-11,monthly,basic,12.99,organic,android,25-34,yes,2025-07-29,too_expensive
1743,2024-07-28,monthly,basic,12.99,partner,web,35-44,yes,2025-07-22,other
1744,2024-12-10,annual,basic,9.74,paid_social,ios,55+,no,,
1745,2024-09-02,annual,basic,9.74,paid_social,ios,25-34,yes,2025-03-23,
1746,2024-08-15,annual,basic,9.74,organic,ios,25-34,no,,
1747,2025-01-23,annual,plus,14.99,promo_offer,ios,25-34,yes,2025-12-03,technical_issues
1748,2025-05-19,monthly,basic,12.99,promo_offer,ios,18-24,no,,
1749,2024-11-07,monthly,basic,12.99,paid_social,android,45-54,yes,2024-11-28,other
1750,2025-02-10,annual,basic,9.74,promo_offer,android,35-44,no,,
1751,2025-01-11,annual,premium,22.49,organic,android,35-44,no,,
1752,2024-11-23,monthly,basic,12.99,organic,web,55+,no,,
1753,2025-06-04,monthly,plus,19.99,organic,android,45-54,yes,2025-09-01,not_using_enough
1754,2024-12-06,monthly,premium,29.99,organic,ios,35-44,yes,2025-11-19,too_expensive
1755,2024-10-08,annual,basic,9.74,paid_social,ios,35-44,yes,2025-09-26,too_expensive
1756,2025-02-04,annual,basic,9.74,organic,ios,35-44,no,,
1757,2025-04-02,monthly,premium,29.99,partner,ios,45-54,no,,
1758,2025-05-03,annual,premium,22.49,organic,ios,18-24,yes,2025-08-26,not_using_enough
1759,2025-04-17,monthly,basic,12.99,paid_social,ios,18-24,no,,
1760,2024-10-30,monthly,premium,29.99,organic,ios,18-24,yes,2025-04-16,found_alternative
1761,2025-04-17,monthly,plus,19.99,referral,android,55+,no,,
1762,2024-08-16,annual,basic,9.74,paid_social,ios,25-34,yes,2025-07-16,found_alternative
1763,2025-02-16,annual,plus,14.99,referral,ios,25-34,no,,
1764,2025-08-15,monthly,basic,12.99,partner,ios,18-24,yes,2025-11-11,not_using_enough
1765,2025-05-22,annual,plus,14.99,organic,android,18-24,no,,
1766,2025-05-06,annual,plus,14.99,organic,android,25-34,no,,
1767,2024-12-22,monthly,basic,12.99,organic,ios,25-34,yes,2025-03-21,not_using_enough
1768,2025-03-13,monthly,basic,12.99,paid_social,android,25-34,no,,
1769,2025-03-04,annual,premium,22.49,organic,ios,45-54,no,,
1770,2025-10-14,annual,plus,14.99,organic,ios,25-34,no,,
1771,2025-10-16,annual,basic,9.74,paid_social,ios,18-24,no,,
1772,2025-08-10,monthly,basic,12.99,promo_offer,web,25-34,yes,2025-08-19,not_using_enough
1773,2025-10-22,annual,plus,14.99,promo_offer,ios,25-34,no,,
1774,2025-10-18,annual,plus,14.99,organic,ios,18-24,no,,
1775,2025-01-25,monthly,Basic,12.99,promo_offer,web,25-34,yes,2025-03-22,too_expensive
1776,2024-11-16,annual,plus,14.99,partner,android,25-34,no,,
1777,2024-09-05,monthly,plus,19.99,organic,ios,25-34,yes,2024-10-25,not_using_enough
1778,2025-07-21,monthly,plus,19.99,organic,android,45-54,yes,2025-10-09,not_using_enough
1779,2025-02-19,annual,basic,9.74,paid_social,android,25-34,no,,
1780,2024-08-18,monthly,basic,12.99,paid_social,ios,35-44,yes,2025-01-29,too_expensive
1781,2025-01-12,monthly,plus,19.99,paid_social,web,18-24,yes,2025-09-18,not_using_enough
1782,2025-08-23,annual,plus,14.99,organic,ios,25-34,yes,2025-08-30,too_expensive
1783,2024-10-09,monthly,plus,19.99,partner,android,25-34,yes,2025-02-04,
1784,2025-04-24,annual,premium,22.49,paid_social,ios,25-34,no,,
1785,2025-09-18,monthly,Basic,12.99,promo_offer,ios,45-54,no,,
1786,2024-10-08,monthly,basic,12.99,referral,ios,18-24,no,,
1787,2025-02-18,monthly,plus,19.99,partner,ios,25-34,yes,2025-08-09,too_expensive
1788,2024-09-30,annual,basic,9.74,promo_offer,ios,18-24,yes,2025-08-01,too_expensive
1789,2025-10-13,monthly,basic,12.99,paid_social,android,25-34,no,,
1790,2024-11-17,monthly,basic,12.99,organic,ios,35-44,yes,2025-09-19,
1791,2024-08-25,monthly,basic,12.99,promo_offer,ios,35-44,yes,2025-09-24,technical_issues
1792,2025-04-07,annual,basic,9.74,referral,ios,25-34,no,,
1793,2025-01-22,monthly,basic,12.99,referral,ios,55+,no,,
1794,2025-04-29,monthly,basic,12.99,paid_social,android,35-44,no,,
1795,2025-09-15,annual,plus,14.99,referral,web,35-44,no,,
1796,2024-12-26,monthly,plus,19.99,organic,ios,25-34,no,,
1797,2025-10-06,monthly,plus,19.99,paid_social,ios,25-34,no,,
1798,2025-02-22,annual,basic,9.74,promo_offer,ios,35-44,no,,
1799,2024-12-21,annual,premium,22.49,organic,android,25-34,no,,
1800,2024-07-29,monthly,basic,12.99,organic,android,18-24,yes,2025-04-04,other
1801,2025-05-25,monthly,plus,19.99,organic,android,35-44,no,,
1802,2024-12-22,annual,basic,9.74,referral,android,35-44,no,,
1803,2025-03-25,annual,basic,9.74,organic,web,35-44,no,,
1804,2025-03-27,monthly,basic,12.99,referral,web,25-34,no,,
1805,2024-09-23,monthly,basic,12.99,promo_offer,android,25-34,yes,2024-11-23,too_expensive
1806,2025-05-12,monthly,plus,19.99,promo_offer,ios,55+,yes,2025-05-20,not_using_enough
1807,2025-07-05,annual,plus,14.99,partner,ios,55+,no,,
1808,2025-07-22,annual,basic,9.74,partner,android,35-44,no,,
1809,2024-10-19,annual,plus,14.99,organic,android,25-34,yes,2025-09-25,
1810,2025-07-26,monthly,basic,12.99,partner,android,25-34,no,,
1811,2024-10-02,monthly,basic,12.99,referral,ios,45-54,no,,
1812,2024-10-10,monthly,plus,19.99,organic,android,35-44,yes,2024-11-23,not_using_enough
1813,2025-05-19,annual,basic,9.74,organic,ios,35-44,no,,
1814,2025-10-15,monthly,Basic,12.99,paid_social,android,35-44,no,,
1815,2025-04-02,monthly,premium,29.99,promo_offer,ios,35-44,yes,2025-10-03,
1816,2024-09-23,monthly,plus,19.99,organic,android,35-44,no,,
1817,2025-10-28,annual,premium,22.49,paid_social,ios,25-34,no,,
1818,2024-12-20,monthly,plus,19.99,referral,web,25-34,no,,
1819,2025-09-08,monthly,premium,29.99,partner,ios,25-34,no,,
1820,2025-01-30,monthly,basic,12.99,promo_offer,android,45-54,no,,
1821,2024-11-27,monthly,premium,29.99,promo_offer,android,35-44,no,,
1822,2025-05-15,annual,plus,14.99,organic,ios,35-44,no,,
1823,2024-11-23,monthly,basic,12.99,paid_social,ios,35-44,no,,
1824,2025-05-08,annual,premium,22.49,organic,ios,55+,no,,
1825,2024-09-06,annual,basic,9.74,promo_offer,ios,55+,yes,2025-08-15,not_using_enough
1826,2025-05-18,monthly,plus,19.99,paid_social,android,35-44,no,,
1827,2025-06-27,monthly,plus,19.99,organic,ios,35-44,no,,
1828,2025-05-09,monthly,premium,29.99,paid_social,ios,25-34,yes,2025-09-02,not_using_enough
1829,2025-05-20,annual,basic,9.74,referral,ios,25-34,no,,
1830,2024-12-12,monthly,basic,12.99,referral,web,55+,yes,2025-06-15,not_using_enough
1831,2025-03-19,monthly,basic,12.99,promo_offer,ios,45-54,yes,2025-05-07,
1832,2024-11-16,monthly,plus,19.99,organic,ios,45-54,yes,2024-11-28,too_expensive
1833,2025-01-16,monthly,premium,29.99,promo_offer,ios,25-34,yes,2025-05-11,other
1834,2025-08-13,monthly,basic,12.99,referral,web,55+,no,,
1835,2025-08-12,monthly,premium,29.99,paid_social,ios,35-44,no,,
1836,2025-03-07,monthly,plus,19.99,promo_offer,android,45-54,yes,2025-05-01,too_expensive
1837,2025-10-18,monthly,basic,12.99,partner,ios,25-34,no,,
1838,2024-09-08,monthly,plus,19.99,paid_social,ios,35-44,yes,2024-11-04,
1839,2024-12-17,monthly,Basic,12.99,paid_social,android,45-54,yes,2024-12-21,other
1840,2025-02-04,annual,basic,9.74,paid_social,android,25-34,no,,
1841,2025-08-07,monthly,basic,12.99,referral,android,25-34,no,,
1842,2024-10-11,monthly,plus,19.99,promo_offer,ios,18-24,yes,2025-10-26,too_expensive
1843,2025-03-10,monthly,basic,12.99,promo_offer,ios,55+,no,,
1844,2024-11-15,monthly,plus,19.99,partner,android,35-44,yes,2025-07-05,not_using_enough
1845,2024-10-05,monthly,plus,19.99,organic,ios,35-44,yes,2025-11-04,not_using_enough
1846,2025-01-27,annual,Basic,9.74,promo_offer,android,45-54,yes,2025-12-31,
1847,2025-03-13,monthly,basic,12.99,paid_social,ios,35-44,no,,
1848,2025-06-20,annual,plus,14.99,organic,ios,35-44,no,,
1849,2025-02-16,annual,basic,9.74,organic,android,45-54,no,,
1850,2025-03-15,monthly,plus,19.99,organic,android,35-44,yes,2025-10-19,not_using_enough
1851,2025-09-14,annual,basic,9.74,partner,android,35-44,no,,
1852,2025-10-22,monthly,Basic,12.99,paid_social,ios,25-34,no,,
1853,2024-08-08,annual,plus,14.99,referral,android,25-34,yes,2025-07-01,
1854,2025-01-29,monthly,basic,12.99,organic,ios,35-44,no,,
1855,2025-10-27,annual,basic,9.74,promo_offer,ios,25-34,no,,
1856,2025-10-07,monthly,plus,19.99,promo_offer,web,18-24,no,,
1857,2025-10-20,monthly,plus,19.99,promo_offer,ios,25-34,yes,2025-11-01,too_expensive
1858,2024-09-03,annual,premium,22.49,organic,ios,45-54,yes,2025-08-05,not_using_enough
1859,2024-10-13,monthly,plus,19.99,partner,android,35-44,yes,2025-08-10,not_using_enough
1860,2025-03-18,monthly,basic,12.99,referral,android,35-44,yes,2025-08-31,not_using_enough
1861,2025-10-18,monthly,plus,19.99,referral,ios,25-34,no,,
1862,2024-07-21,annual,basic,9.74,promo_offer,ios,25-34,no,,
1863,2024-11-28,annual,plus,14.99,paid_social,android,25-34,yes,2025-10-29,technical_issues
1864,2024-09-12,monthly,premium,29.99,partner,ios,18-24,yes,2024-09-19,not_using_enough
1865,2024-11-09,annual,basic,9.74,organic,android,18-24,no,,
1866,2024-11-22,monthly,basic,12.99,paid_social,android,55+,yes,2025-03-26,not_using_enough
1867,2025-07-04,annual,plus,14.99,promo_offer,android,18-24,no,,
1868,2025-05-17,monthly,plus,19.99,promo_offer,web,25-34,yes,2025-07-03,too_expensive
1869,2025-07-25,monthly,plus,19.99,referral,android,25-34,yes,2025-11-12,other
1870,2025-05-25,monthly,basic,12.99,organic,ios,25-34,no,,
1871,2025-03-27,monthly,premium,29.99,partner,web,45-54,yes,2025-06-15,other
1872,2024-09-30,monthly,premium,29.99,organic,ios,55+,yes,2025-01-15,not_using_enough
1873,2025-04-19,monthly,basic,12.99,partner,ios,25-34,no,,
1874,2025-03-15,monthly,plus,19.99,paid_social,ios,25-34,yes,2025-05-17,too_expensive
1875,2024-10-03,annual,basic,9.74,organic,android,35-44,no,,
1876,2025-10-23,monthly,premium,29.99,partner,ios,55+,no,,
1877,2025-04-23,monthly,basic,12.99,paid_social,ios,45-54,yes,2025-10-14,
1878,2025-03-03,monthly,plus,19.99,organic,android,45-54,yes,2025-11-12,other
1879,2024-12-25,annual,basic,9.74,paid_social,ios,45-54,yes,2025-07-19,not_using_enough
1880,2025-04-08,annual,basic,9.74,paid_social,ios,25-34,no,,
1881,2025-09-10,monthly,plus,19.99,paid_social,android,18-24,no,,
1882,2024-10-11,monthly,basic,12.99,referral,android,35-44,no,,
1883,2025-03-31,annual,plus,14.99,organic,android,25-34,no,,
1884,2025-02-17,monthly,basic,12.99,partner,ios,25-34,yes,2025-05-24,
1885,2025-06-13,monthly,basic,12.99,promo_offer,android,18-24,no,,
1886,2024-10-10,annual,plus,14.99,promo_offer,android,35-44,no,,
1887,2025-10-29,monthly,basic,12.99,paid_social,web,35-44,no,,
1888,2025-08-22,annual,basic,9.74,paid_social,ios,25-34,no,,
1889,2025-01-01,monthly,plus,19.99,organic,android,35-44,no,,
1890,2024-08-26,annual,basic,9.74,organic,ios,45-54,no,,
1891,2025-10-25,monthly,plus,19.99,partner,ios,25-34,yes,2025-11-25,not_using_enough
1892,2025-07-20,monthly,premium,29.99,promo_offer,ios,55+,yes,2025-12-10,not_using_enough
1893,2024-11-26,annual,plus,14.99,organic,ios,25-34,yes,2025-10-18,
1894,2025-09-25,monthly,premium,29.99,organic,android,45-54,no,,
1895,2025-10-22,annual,plus,14.99,paid_social,ios,18-24,no,,
1896,2025-07-03,annual,basic,9.74,promo_offer,android,18-24,no,,
1897,2024-10-25,annual,plus,14.99,organic,android,25-34,yes,2025-09-22,
1898,2025-01-11,annual,basic,9.74,referral,android,25-34,yes,2025-12-19,too_expensive
1899,2025-03-06,monthly,plus,19.99,partner,android,35-44,no,,
1900,2024-10-13,monthly,basic,12.99,referral,android,18-24,yes,2025-02-05,too_expensive
1901,2025-02-23,monthly,basic,12.99,partner,android,55+,yes,2025-03-26,found_alternative
1902,2025-02-17,monthly,premium,29.99,organic,ios,25-34,yes,2025-09-04,not_using_enough
1903,2025-08-22,annual,plus,14.99,paid_social,android,45-54,no,,
1904,2024-12-13,annual,basic,9.74,organic,android,18-24,yes,2025-11-07,found_alternative
1905,2025-10-24,monthly,plus,19.99,promo_offer,web,25-34,no,,
1906,2025-04-01,monthly,basic,12.99,promo_offer,ios,25-34,yes,2025-04-03,found_alternative
1907,2025-04-08,monthly,premium,29.99,organic,ios,25-34,no,,
1908,2025-07-20,monthly,basic,12.99,partner,ios,45-54,no,,
1909,2025-04-19,annual,premium,22.49,promo_offer,ios,35-44,no,,
1910,2025-06-09,monthly,premium,29.99,referral,ios,18-24,yes,2025-12-28,other
1911,2025-07-11,monthly,plus,19.99,organic,ios,45-54,yes,2025-08-08,other
1912,2025-04-28,monthly,basic,12.99,organic,android,25-34,no,,
1913,2025-09-10,annual,plus,14.99,organic,web,25-34,no,,
1914,2025-06-07,monthly,basic,12.99,paid_social,ios,18-24,no,,
1915,2025-02-24,monthly,basic,12.99,organic,ios,35-44,yes,2025-03-02,not_using_enough
1916,2025-03-05,annual,basic,9.74,organic,web,25-34,no,,
1917,2025-09-08,annual,basic,9.74,promo_offer,ios,35-44,no,,
1918,2024-09-13,monthly,basic,12.99,promo_offer,android,25-34,yes,2025-01-02,not_using_enough
1919,2025-06-27,monthly,basic,12.99,promo_offer,web,55+,no,,
1920,2025-06-17,monthly,plus,19.99,promo_offer,ios,55+,yes,2025-09-06,
1921,2025-04-13,monthly,premium,29.99,promo_offer,ios,45-54,no,,
1922,2025-06-17,monthly,basic,12.99,promo_offer,ios,45-54,yes,2025-08-19,too_expensive
1923,2024-08-09,annual,plus,14.99,referral,web,35-44,yes,2025-02-28,not_using_enough
1924,2025-04-26,annual,basic,9.74,paid_social,ios,45-54,no,,
1925,2025-09-23,annual,basic,9.74,promo_offer,ios,35-44,no,,
1926,2024-08-20,monthly,basic,12.99,referral,web,35-44,yes,2025-09-17,technical_issues
1927,2024-10-24,annual,plus,14.99,paid_social,ios,35-44,no,,
1928,2024-09-11,annual,basic,9.74,promo_offer,ios,25-34,yes,2025-08-01,technical_issues
1929,2025-04-13,monthly,premium,29.99,partner,web,25-34,no,,
1930,2025-09-17,monthly,plus,19.99,paid_social,web,18-24,no,,
1931,2025-02-10,annual,basic,9.74,partner,ios,55+,no,,
1932,2024-11-01,monthly,plus,19.99,paid_social,web,18-24,yes,2025-04-06,technical_issues
1933,2025-08-06,annual,basic,9.74,organic,ios,45-54,no,,
1934,2024-12-16,monthly,premium,29.99,organic,ios,35-44,no,,
1935,2024-10-30,monthly,plus,19.99,organic,android,25-34,no,,
1936,2025-10-04,monthly,plus,19.99,organic,android,25-34,no,,
1937,2025-07-05,annual,plus,14.99,organic,android,45-54,no,,
1938,2024-10-31,monthly,basic,12.99,partner,ios,45-54,yes,2025-01-28,found_alternative
1939,2025-05-26,annual,premium,22.49,paid_social,android,35-44,no,,
1940,2025-05-05,monthly,basic,12.99,organic,android,55+,no,,
1941,2025-08-02,monthly,plus,19.99,paid_social,web,18-24,yes,2025-08-16,not_using_enough
1942,2025-06-06,monthly,plus,19.99,partner,ios,45-54,yes,2025-10-11,not_using_enough
1943,2024-08-31,annual,basic,9.74,promo_offer,android,35-44,yes,2025-07-23,too_expensive
1944,2025-02-02,annual,basic,9.74,paid_social,web,25-34,yes,2025-03-08,too_expensive
1945,2024-12-20,monthly,basic,12.99,paid_social,ios,35-44,yes,2025-04-14,
1946,2025-03-21,annual,basic,9.74,organic,web,25-34,no,,
1947,2025-06-20,annual,basic,9.74,promo_offer,ios,25-34,no,,
1948,2025-05-31,annual,basic,9.74,organic,ios,35-44,no,,
1949,2025-08-28,monthly,basic,12.99,promo_offer,android,35-44,no,,
1950,2024-12-10,annual,basic,9.74,promo_offer,ios,45-54,no,,
1951,2025-03-14,annual,plus,14.99,referral,android,18-24,no,,
1952,2025-08-09,annual,plus,14.99,promo_offer,web,25-34,no,,
1953,2025-09-14,monthly,basic,12.99,promo_offer,android,18-24,yes,2025-11-30,
1954,2024-11-01,monthly,plus,19.99,organic,ios,35-44,no,,
1955,2024-09-07,monthly,plus,19.99,partner,android,25-34,yes,2024-12-24,
1956,2024-08-20,monthly,premium,29.99,partner,android,45-54,no,,
1957,2025-08-09,monthly,basic,12.99,paid_social,android,45-54,yes,2025-08-22,too_expensive
1958,2025-07-12,monthly,basic,12.99,promo_offer,android,35-44,yes,2025-10-14,other
1959,2025-10-14,annual,basic,9.74,promo_offer,android,18-24,no,,
1960,2025-05-19,annual,basic,9.74,referral,ios,55+,no,,
1961,2025-05-28,monthly,plus,19.99,organic,web,25-34,no,,
1962,2025-06-16,monthly,basic,12.99,partner,ios,35-44,no,,
1963,2025-02-08,monthly,basic,12.99,promo_offer,web,25-34,yes,2025-09-12,not_using_enough
1964,2024-09-10,annual,basic,9.74,organic,web,25-34,yes,2025-08-08,
1965,2025-08-07,annual,plus,14.99,organic,android,55+,no,,
1966,2025-09-17,monthly,basic,12.99,promo_offer,ios,35-44,no,,
1967,2025-02-25,annual,plus,14.99,referral,android,25-34,no,,
1968,2025-01-20,monthly,basic,12.99,paid_social,ios,55+,no,,
1969,2024-08-05,annual,basic,9.74,organic,ios,35-44,no,,
1970,2024-10-22,monthly,basic,12.99,organic,ios,25-34,yes,2025-12-04,
1971,2025-05-19,annual,basic,9.74,paid_social,ios,25-34,no,,
1972,2025-04-15,monthly,Basic,12.99,referral,ios,45-54,yes,2025-07-02,not_using_enough
1973,2024-07-11,monthly,basic,12.99,promo_offer,ios,25-34,yes,2025-04-13,technical_issues
1974,2025-08-08,annual,basic,9.74,partner,web,25-34,no,,
1975,2025-05-25,monthly,basic,12.99,partner,web,25-34,yes,2025-05-31,other
1976,2025-03-06,monthly,Basic,12.99,organic,ios,25-34,yes,2025-04-26,too_expensive
1977,2025-06-26,monthly,plus,19.99,promo_offer,ios,18-24,yes,2025-07-03,
1978,2025-01-19,annual,basic,9.74,promo_offer,android,25-34,no,,
1979,2025-01-14,monthly,plus,19.99,referral,android,18-24,no,,
1980,2024-11-13,annual,basic,9.74,promo_offer,android,25-34,yes,2025-10-29,too_expensive
1981,2025-02-02,monthly,basic,12.99,promo_offer,android,18-24,yes,2025-04-08,not_using_enough
1982,2025-05-25,monthly,basic,12.99,organic,android,55+,no,,
1983,2025-09-08,monthly,basic,12.99,organic,ios,25-34,no,,
1984,2024-12-16,annual,premium,22.49,promo_offer,android,45-54,yes,2025-11-30,too_expensive
1985,2025-08-05,monthly,basic,12.99,referral,android,45-54,yes,2025-10-24,
1986,2025-02-12,annual,basic,9.74,promo_offer,ios,25-34,no,,
1987,2025-07-09,monthly,Plus,19.99,promo_offer,android,25-34,no,,
1988,2025-05-19,monthly,plus,19.99,paid_social,android,25-34,yes,2025-05-27,too_expensive
1989,2025-05-11,annual,basic,9.74,organic,ios,35-44,no,,
1990,2024-12-27,monthly,plus,19.99,promo_offer,android,18-24,yes,2025-02-25,other
1991,2025-08-04,annual,premium,22.49,paid_social,ios,25-34,no,,
1992,2025-08-14,annual,plus,14.99,organic,ios,18-24,yes,2025-08-20,not_using_enough
1993,2024-09-16,monthly,plus,19.99,organic,ios,18-24,yes,2025-07-30,too_expensive
1994,2024-10-27,monthly,plus,19.99,paid_social,ios,45-54,no,,
1995,2025-02-22,monthly,plus,19.99,partner,android,55+,no,,
1996,2025-10-05,monthly,plus,19.99,paid_social,android,18-24,no,,
1997,2024-12-30,monthly,plus,19.99,paid_social,android,35-44,no,,
1998,2025-01-30,monthly,basic,12.99,paid_social,android,35-44,yes,2025-02-24,found_alternative
1999,2025-05-30,monthly,Basic,12.99,organic,android,18-24,no,,
2000,2025-02-25,monthly,plus,19.99,organic,web,25-34,yes,2025-04-12,not_using_enough
2001,2025-07-19,annual,premium,22.49,organic,android,18-24,no,,
2002,2024-12-11,monthly,plus,19.99,paid_social,ios,25-34,yes,2025-09-14,not_using_enough
2003,2024-11-08,annual,plus,14.99,organic,ios,45-54,yes,2025-10-11,not_using_enough
2004,2024-12-18,monthly,basic,12.99,paid_social,android,35-44,yes,2025-03-17,found_alternative
2005,2025-04-08,monthly,basic,12.99,organic,web,35-44,no,,
2006,2024-12-12,annual,plus,14.99,paid_social,android,35-44,no,,
2007,2025-09-02,monthly,Plus,19.99,organic,ios,18-24,no,,
2008,2025-08-20,monthly,premium,29.99,partner,android,45-54,no,,
2009,2025-09-03,monthly,premium,29.99,organic,android,25-34,yes,2025-09-24,too_expensive
2010,2024-12-15,monthly,premium,29.99,partner,ios,45-54,no,,
2011,2024-12-01,annual,plus,14.99,organic,android,18-24,yes,2025-11-04,
2012,2024-07-30,monthly,basic,12.99,paid_social,android,35-44,no,,
2013,2025-06-28,monthly,basic,12.99,organic,web,45-54,yes,2025-10-30,
2014,2024-07-15,monthly,plus,19.99,organic,android,25-34,yes,2024-11-24,technical_issues
2015,2024-10-01,monthly,plus,19.99,paid_social,ios,35-44,no,,
2016,2025-09-07,monthly,premium,29.99,paid_social,ios,35-44,no,,
2017,2025-05-19,monthly,plus,19.99,promo_offer,ios,45-54,yes,2025-07-16,too_expensive
2018,2025-06-26,monthly,plus,19.99,paid_social,android,25-34,no,,
2019,2024-11-26,monthly,basic,12.99,promo_offer,android,18-24,yes,2025-04-03,
2020,2025-04-05,monthly,premium,29.99,organic,ios,18-24,yes,2025-10-07,not_using_enough
2021,2025-06-30,monthly,plus,19.99,organic,web,35-44,yes,2025-10-05,too_expensive
2022,2025-05-19,monthly,plus,19.99,promo_offer,ios,25-34,yes,2025-06-03,too_expensive
2023,2025-05-17,monthly,plus,19.99,partner,android,35-44,no,,
2024,2025-03-13,monthly,plus,19.99,promo_offer,android,55+,yes,2025-05-07,found_alternative
2025,2025-05-22,monthly,basic,12.99,paid_social,ios,25-34,no,,
2026,2025-06-08,monthly,premium,29.99,promo_offer,android,35-44,yes,2025-08-10,too_expensive
2027,2024-10-04,annual,basic,9.74,paid_social,android,25-34,no,,
2028,2025-05-08,monthly,premium,29.99,promo_offer,ios,35-44,no,,
2029,2024-11-09,annual,basic,9.74,promo_offer,web,25-34,yes,2025-10-05,not_using_enough
2030,2025-07-08,annual,plus,14.99,promo_offer,android,25-34,no,,
2031,2024-10-13,monthly,plus,19.99,paid_social,ios,25-34,no,,
2032,2024-09-14,monthly,basic,12.99,paid_social,ios,45-54,no,,
2033,2025-01-12,annual,basic,9.74,promo_offer,ios,25-34,yes,2025-05-11,too_expensive
2034,2024-07-03,monthly,basic,12.99,organic,ios,25-34,yes,2025-03-31,not_using_enough
2035,2024-11-13,monthly,basic,12.99,referral,ios,18-24,yes,2025-03-23,
2036,2024-08-04,monthly,basic,12.99,organic,android,45-54,yes,2024-09-07,not_using_enough
2037,2024-12-25,annual,basic,9.74,organic,android,35-44,no,,
2038,2024-11-18,annual,plus,14.99,promo_offer,ios,25-34,no,,
2039,2025-08-22,monthly,plus,19.99,organic,android,25-34,no,,
2040,2024-08-16,annual,plus,14.99,paid_social,ios,18-24,yes,2025-02-15,not_using_enough
2041,2025-05-21,monthly,basic,12.99,promo_offer,android,35-44,yes,2025-06-04,
2042,2025-07-01,monthly,plus,19.99,organic,android,18-24,yes,2025-12-15,not_using_enough
2043,2024-12-29,annual,basic,9.74,partner,android,25-34,yes,2025-11-15,technical_issues
2044,2024-07-01,annual,basic,9.74,organic,android,25-34,no,,
2045,2025-10-10,annual,basic,9.74,organic,android,55+,no,,
2046,2025-10-01,monthly,basic,12.99,promo_offer,android,35-44,no,,
2047,2025-10-05,monthly,premium,29.99,paid_social,web,45-54,yes,2025-10-20,not_using_enough
2048,2025-04-18,annual,basic,9.74,promo_offer,android,18-24,yes,2025-07-14,not_using_enough
2049,2024-12-01,monthly,basic,12.99,referral,ios,35-44,yes,2025-06-10,not_using_enough
2050,2025-09-05,monthly,basic,12.99,paid_social,android,25-34,no,,
2051,2025-06-26,monthly,plus,19.99,promo_offer,ios,35-44,yes,2025-07-10,not_using_enough
2052,2025-07-19,monthly,basic,12.99,organic,ios,55+,no,,
2053,2024-07-29,monthly,basic,12.99,paid_social,android,45-54,no,,
2054,2025-03-26,monthly,basic,12.99,organic,ios,35-44,no,,
2055,2025-08-19,monthly,basic,12.99,organic,android,45-54,no,,
2056,2025-01-16,monthly,premium,29.99,paid_social,ios,35-44,no,,
2057,2025-09-25,monthly,plus,19.99,organic,ios,25-34,no,,
2058,2024-07-23,annual,premium,22.49,promo_offer,ios,45-54,no,,
2059,2025-03-19,annual,basic,9.74,paid_social,ios,35-44,no,,
2060,2025-02-28,annual,premium,22.49,paid_social,web,18-24,no,,
2061,2024-11-17,annual,basic,9.74,paid_social,ios,18-24,yes,2025-10-06,other
2062,2025-04-27,annual,plus,14.99,promo_offer,android,45-54,no,,
2063,2025-04-02,monthly,basic,12.99,promo_offer,android,18-24,yes,2025-11-21,too_expensive
2064,2025-07-01,monthly,basic,12.99,organic,web,35-44,no,,
2065,2025-07-30,monthly,plus,19.99,organic,web,18-24,yes,2025-08-07,
2066,2025-08-25,monthly,plus,19.99,paid_social,web,25-34,no,,
2067,2025-01-13,annual,premium,22.49,organic,ios,25-34,yes,2025-12-11,not_using_enough
2068,2024-11-23,monthly,basic,12.99,organic,web,25-34,yes,2025-10-07,technical_issues
2069,2024-08-18,monthly,basic,12.99,promo_offer,web,25-34,yes,2024-10-10,not_using_enough
2070,2025-03-30,monthly,basic,12.99,paid_social,ios,25-34,no,,
2071,2025-03-02,annual,basic,9.74,referral,android,55+,no,,
2072,2025-01-13,annual,plus,14.99,promo_offer,android,25-34,yes,2025-12-15,not_using_enough
2073,2025-10-15,annual,basic,9.74,partner,ios,35-44,no,,
2074,2025-10-02,annual,Premium,22.49,referral,android,35-44,no,,
2075,2024-12-21,monthly,basic,12.99,paid_social,android,25-34,yes,2025-01-29,found_alternative
2076,2025-07-24,annual,plus,14.99,referral,ios,35-44,no,,
2077,2024-10-23,monthly,basic,12.99,organic,android,18-24,yes,2025-01-21,not_using_enough
2078,2025-07-07,annual,plus,14.99,promo_offer,android,25-34,no,,
2079,2024-07-28,monthly,plus,19.99,paid_social,ios,25-34,no,,
2080,2025-04-14,annual,basic,9.74,paid_social,ios,35-44,no,,
2081,2025-07-10,monthly,basic,12.99,paid_social,ios,45-54,yes,2025-07-11,not_using_enough
2082,2025-06-13,monthly,basic,12.99,paid_social,ios,35-44,yes,2025-09-17,too_expensive
2083,2025-02-03,monthly,basic,12.99,partner,web,55+,yes,2025-09-12,not_using_enough
2084,2024-08-10,annual,plus,14.99,organic,android,35-44,yes,2025-07-24,technical_issues
2085,2025-04-25,monthly,basic,12.99,organic,android,25-34,yes,2025-10-15,technical_issues
2086,2025-06-26,monthly,premium,29.99,partner,web,25-34,no,,
2087,2024-12-06,monthly,plus,19.99,promo_offer,android,25-34,yes,2025-03-24,technical_issues
2088,2025-01-07,annual,basic,9.74,organic,web,25-34,yes,2025-12-18,not_using_enough
2089,2024-12-07,annual,premium,22.49,promo_offer,web,35-44,yes,2025-11-20,technical_issues
2090,2024-10-10,annual,premium,22.49,promo_offer,web,35-44,yes,2025-09-30,too_expensive
2091,2024-10-27,monthly,plus,19.99,paid_social,ios,45-54,yes,2025-08-09,not_using_enough
2092,2025-10-03,monthly,plus,19.99,promo_offer,ios,18-24,yes,2025-12-29,found_alternative
2093,2024-07-08,annual,plus,14.99,promo_offer,ios,18-24,yes,2025-06-21,not_using_enough
2094,2025-06-27,monthly,plus,19.99,promo_offer,android,25-34,no,,
2095,2024-07-05,annual,plus,14.99,organic,android,25-34,no,,
2096,2025-06-27,monthly,plus,19.99,paid_social,android,35-44,no,,
2097,2024-12-02,annual,plus,14.99,partner,web,25-34,no,,
2098,2025-08-03,monthly,plus,19.99,paid_social,ios,25-34,yes,2025-08-12,
2099,2025-01-30,annual,premium,22.49,organic,web,25-34,yes,2025-12-04,
2100,2025-03-29,monthly,basic,12.99,promo_offer,ios,35-44,yes,2025-05-22,
2101,2025-05-29,annual,basic,9.74,promo_offer,android,18-24,no,,
2102,2024-11-11,annual,basic,9.74,organic,android,35-44,no,,
2103,2024-08-30,monthly,plus,19.99,partner,android,35-44,yes,2025-08-30,
2104,2024-11-21,monthly,basic,12.99,promo_offer,ios,25-34,no,,
2105,2025-09-22,monthly,basic,12.99,paid_social,ios,18-24,no,,
2106,2025-03-24,monthly,plus,19.99,paid_social,android,55+,yes,2025-03-30,
2107,2025-10-03,annual,plus,14.99,promo_offer,ios,25-34,no,,
2108,2025-02-22,monthly,Plus,19.99,promo_offer,android,45-54,yes,2025-09-22,not_using_enough
2109,2025-01-10,monthly,plus,19.99,organic,ios,35-44,no,,
2110,2025-09-18,monthly,premium,29.99,referral,android,18-24,yes,2025-12-24,technical_issues
2111,2024-10-12,annual,premium,22.49,organic,ios,45-54,no,,
2112,2025-04-08,monthly,basic,12.99,paid_social,ios,35-44,no,,
2113,2025-05-20,monthly,Plus,19.99,promo_offer,ios,45-54,yes,2025-07-17,not_using_enough
2114,2024-11-05,annual,premium,22.49,referral,ios,35-44,yes,2025-10-28,
2115,2024-07-18,annual,premium,22.49,paid_social,web,45-54,no,,
2116,2025-08-10,monthly,basic,12.99,organic,ios,25-34,yes,2025-09-02,not_using_enough
2117,2025-05-15,monthly,basic,12.99,paid_social,ios,18-24,yes,2025-05-18,found_alternative
2118,2024-09-23,monthly,plus,19.99,promo_offer,ios,25-34,no,,
2119,2024-10-02,annual,basic,9.74,organic,web,25-34,no,,
2120,2025-02-28,annual,basic,9.74,referral,ios,35-44,no,,
2121,2025-10-12,monthly,premium,29.99,paid_social,web,18-24,no,,
2122,2025-08-08,monthly,plus,19.99,organic,ios,35-44,no,,
2123,2025-08-31,annual,basic,9.74,referral,ios,25-34,no,,
2124,2025-05-25,monthly,basic,12.99,promo_offer,android,25-34,yes,2025-07-19,too_expensive
2125,2025-02-12,monthly,basic,12.99,promo_offer,ios,25-34,no,,
2126,2025-08-17,annual,premium,22.49,promo_offer,android,55+,no,,
2127,2025-05-05,annual,plus,14.99,organic,web,35-44,no,,
2128,2025-07-07,annual,premium,22.49,partner,ios,25-34,no,,
2129,2024-08-21,monthly,basic,12.99,referral,ios,18-24,no,,
2130,2024-10-17,monthly,basic,12.99,promo_offer,android,35-44,yes,2024-11-26,technical_issues
2131,2024-11-23,annual,basic,9.74,referral,ios,55+,no,,
2132,2025-09-14,annual,plus,14.99,promo_offer,ios,35-44,no,,
2133,2025-09-03,annual,plus,14.99,referral,ios,18-24,no,,
2134,2025-01-11,annual,basic,9.74,organic,android,35-44,yes,2025-12-16,technical_issues
2135,2025-06-29,monthly,plus,19.99,promo_offer,android,55+,no,,
2136,2024-12-20,monthly,plus,19.99,paid_social,ios,45-54,yes,2025-05-10,other
2137,2025-02-22,annual,basic,9.74,organic,ios,45-54,no,,
2138,2025-10-28,annual,plus,14.99,paid_social,android,45-54,no,,
2139,2025-02-10,annual,basic,9.74,organic,android,25-34,no,,
2140,2025-04-29,monthly,basic,12.99,organic,android,18-24,no,,
2141,2025-05-29,monthly,basic,12.99,organic,android,35-44,yes,2025-08-09,not_using_enough
2142,2024-07-03,annual,plus,14.99,referral,ios,45-54,no,,
2143,2025-03-25,monthly,plus,19.99,promo_offer,ios,18-24,yes,2025-05-23,not_using_enough
2144,2024-12-13,monthly,plus,19.99,partner,ios,18-24,no,,
2145,2025-10-07,monthly,basic,12.99,organic,android,25-34,yes,2025-11-02,other
2146,2025-07-16,monthly,basic,12.99,promo_offer,ios,35-44,no,,
2147,2025-05-12,monthly,basic,12.99,referral,web,35-44,yes,2025-12-29,not_using_enough
2148,2025-06-28,monthly,premium,29.99,promo_offer,android,35-44,no,,
2149,2024-11-11,monthly,basic,12.99,organic,ios,45-54,no,,
2150,2025-03-20,annual,plus,14.99,organic,android,55+,no,,
2151,2025-01-25,annual,basic,9.74,organic,ios,25-34,no,,
2152,2025-04-12,monthly,plus,19.99,promo_offer,web,18-24,yes,2025-06-02,technical_issues
2153,2025-06-21,monthly,plus,19.99,organic,android,25-34,yes,2025-09-19,not_using_enough
2154,2025-01-29,monthly,basic,12.99,promo_offer,web,25-34,yes,2025-03-31,not_using_enough
2155,2025-06-26,monthly,basic,12.99,paid_social,ios,35-44,no,,
2156,2025-02-15,annual,premium,22.49,referral,web,25-34,no,,
2157,2024-09-06,annual,plus,14.99,promo_offer,ios,18-24,no,,
2158,2024-09-11,monthly,plus,19.99,organic,ios,25-34,no,,
2159,2025-09-03,monthly,plus,19.99,promo_offer,android,18-24,no,,
2160,2025-04-18,monthly,plus,19.99,paid_social,android,35-44,no,,
2161,2025-02-22,annual,plus,14.99,organic,ios,25-34,no,,
2162,2025-09-26,monthly,plus,19.99,organic,ios,45-54,no,,
2163,2024-09-10,monthly,plus,19.99,paid_social,ios,25-34,no,,
2164,2025-03-31,monthly,Plus,19.99,paid_social,ios,45-54,no,,
2165,2025-09-13,monthly,premium,29.99,paid_social,ios,35-44,no,,
2166,2025-07-09,monthly,basic,12.99,referral,web,18-24,no,,
2167,2025-04-06,annual,plus,14.99,organic,web,25-34,no,,
2168,2024-10-28,annual,basic,9.74,referral,android,25-34,yes,2025-09-05,technical_issues
2169,2025-06-25,monthly,basic,12.99,partner,ios,25-34,no,,
2170,2025-09-04,annual,plus,14.99,referral,ios,45-54,no,,
2171,2024-10-19,monthly,premium,29.99,referral,android,25-34,yes,2024-12-25,not_using_enough
2172,2025-04-17,annual,basic,9.74,paid_social,web,55+,no,,
2173,2025-06-02,monthly,premium,29.99,organic,ios,35-44,yes,2025-06-26,not_using_enough
2174,2024-10-14,annual,plus,14.99,organic,ios,45-54,yes,2025-09-30,found_alternative
2175,2024-10-24,monthly,plus,19.99,organic,ios,18-24,no,,
2176,2024-09-19,annual,plus,14.99,paid_social,ios,55+,no,,
2177,2025-04-25,monthly,basic,12.99,organic,ios,45-54,yes,2025-09-16,found_alternative
2178,2025-09-14,monthly,plus,19.99,paid_social,web,35-44,no,,
2179,2025-07-27,annual,basic,9.74,paid_social,web,35-44,no,,
2180,2025-07-31,monthly,basic,12.99,paid_social,android,18-24,no,,
2181,2025-05-03,annual,plus,14.99,paid_social,ios,18-24,no,,
2182,2025-01-20,monthly,plus,19.99,partner,android,45-54,no,,
2183,2025-09-22,monthly,premium,29.99,paid_social,android,25-34,no,,
2184,2025-04-30,monthly,basic,12.99,organic,android,45-54,yes,2025-11-02,found_alternative
2185,2025-08-12,monthly,plus,19.99,organic,android,25-34,no,,
2186,2025-05-23,monthly,basic,12.99,organic,android,25-34,no,,
2187,2025-06-22,annual,basic,9.74,organic,ios,25-34,no,,
2188,2025-03-03,annual,basic,9.74,paid_social,ios,35-44,no,,
2189,2024-10-09,annual,plus,14.99,promo_offer,ios,18-24,yes,2025-09-18,too_expensive
2190,2025-10-30,monthly,premium,29.99,partner,web,35-44,no,,
2191,2025-05-15,monthly,plus,19.99,organic,ios,25-34,no,,
2192,2025-07-17,annual,basic,9.74,promo_offer,android,45-54,no,,
2193,2024-12-27,monthly,basic,12.99,referral,web,25-34,yes,2025-03-13,not_using_enough
2194,2025-09-27,annual,premium,22.49,promo_offer,android,25-34,no,,
2195,2025-01-21,monthly,basic,12.99,paid_social,android,35-44,yes,2025-07-01,technical_issues
2196,2025-10-01,monthly,basic,12.99,promo_offer,android,35-44,no,,
2197,2025-10-18,annual,basic,9.74,promo_offer,android,35-44,no,,
2198,2024-11-08,annual,premium,22.49,promo_offer,android,18-24,yes,2025-10-21,too_expensive
2199,2025-03-30,monthly,plus,19.99,promo_offer,web,25-34,yes,2025-04-20,too_expensive
2200,2024-12-11,annual,basic,9.74,promo_offer,web,25-34,no,,
2201,2024-11-30,annual,basic,9.74,promo_offer,ios,35-44,no,,
2202,2025-06-14,annual,plus,14.99,referral,android,45-54,no,,
2203,2025-06-23,monthly,plus,19.99,paid_social,ios,45-54,yes,2025-09-20,too_expensive
2204,2025-03-28,monthly,premium,29.99,referral,web,45-54,yes,2025-12-14,technical_issues
2205,2025-09-17,annual,plus,14.99,organic,ios,45-54,no,,
2206,2024-11-08,annual,premium,22.49,organic,android,45-54,yes,2025-10-26,
2207,2025-01-14,annual,basic,9.74,organic,android,35-44,no,,
2208,2025-08-17,monthly,basic,12.99,organic,ios,35-44,no,,
2209,2025-08-29,monthly,plus,19.99,organic,web,35-44,no,,
2210,2025-03-05,monthly,premium,29.99,organic,ios,18-24,no,,
2211,2025-09-22,monthly,plus,19.99,organic,ios,45-54,no,,
2212,2025-08-21,annual,basic,9.74,organic,ios,18-24,no,,
2213,2024-07-24,annual,premium,22.49,paid_social,android,18-24,yes,2025-06-14,other
2214,2024-09-17,monthly,premium,29.99,organic,web,25-34,no,,
2215,2024-11-07,monthly,premium,29.99,organic,android,18-24,yes,2025-03-19,
2216,2024-07-16,monthly,plus,19.99,referral,ios,55+,yes,2025-05-27,technical_issues
2217,2024-11-02,annual,premium,22.49,referral,ios,18-24,yes,2025-10-21,too_expensive
2218,2024-10-12,annual,plus,14.99,paid_social,android,35-44,no,,
2219,2024-12-04,monthly,basic,12.99,promo_offer,android,25-34,yes,2025-12-31,technical_issues
2220,2024-10-14,monthly,premium,29.99,organic,ios,35-44,yes,2025-01-11,technical_issues
2221,2025-08-16,monthly,premium,29.99,organic,android,35-44,no,,
2222,2024-08-23,monthly,plus,19.99,partner,ios,55+,yes,2024-11-11,not_using_enough
2223,2025-07-27,monthly,premium,29.99,promo_offer,ios,55+,yes,2025-08-12,not_using_enough
2224,2025-04-17,monthly,plus,19.99,promo_offer,android,35-44,yes,2025-11-29,too_expensive
2225,2025-04-08,monthly,basic,12.99,referral,ios,18-24,no,,
2226,2025-06-18,annual,basic,9.74,paid_social,ios,45-54,no,,
2227,2025-07-21,monthly,plus,19.99,promo_offer,ios,25-34,yes,2025-10-26,not_using_enough
2228,2024-09-28,monthly,basic,12.99,paid_social,ios,25-34,yes,2025-02-02,other
2229,2025-06-11,monthly,plus,19.99,referral,ios,55+,no,,
2230,2025-03-09,monthly,premium,29.99,partner,android,25-34,yes,2025-10-16,
2231,2025-06-08,monthly,basic,12.99,promo_offer,ios,25-34,yes,2025-09-03,not_using_enough
2232,2025-08-31,monthly,plus,19.99,partner,ios,35-44,yes,2025-09-07,
2233,2025-03-18,monthly,basic,12.99,partner,ios,18-24,no,,
2234,2025-01-31,monthly,plus,19.99,promo_offer,ios,35-44,no,,
2235,2024-08-05,annual,plus,14.99,paid_social,ios,25-34,yes,2025-04-21,
2236,2024-10-30,annual,plus,14.99,promo_offer,ios,18-24,no,,
2237,2024-12-15,monthly,basic,12.99,partner,ios,18-24,yes,2025-05-12,other
2238,2025-07-01,monthly,plus,19.99,promo_offer,android,35-44,no,,
2239,2025-05-29,annual,basic,9.74,partner,ios,55+,no,,
2240,2025-03-06,annual,basic,9.74,organic,web,18-24,no,,
2241,2024-12-03,monthly,basic,12.99,promo_offer,ios,25-34,yes,2025-01-26,technical_issues
2242,2024-09-09,monthly,basic,12.99,promo_offer,android,25-34,yes,2025-01-30,not_using_enough
2243,2024-10-01,monthly,plus,19.99,paid_social,ios,45-54,no,,
2244,2025-07-31,monthly,basic,12.99,paid_social,android,18-24,yes,2025-09-04,
2245,2025-07-19,monthly,basic,12.99,promo_offer,web,25-34,no,,
2246,2025-09-10,monthly,plus,19.99,paid_social,android,25-34,no,,
2247,2024-07-29,monthly,premium,29.99,organic,ios,35-44,yes,2024-10-04,technical_issues
2248,2025-01-01,monthly,premium,29.99,partner,android,25-34,no,,
2249,2025-04-03,monthly,plus,19.99,promo_offer,ios,25-34,yes,2025-06-19,too_expensive
2250,2024-12-29,annual,plus,14.99,promo_offer,ios,18-24,yes,2025-11-05,
2251,2024-12-20,monthly,basic,12.99,paid_social,web,35-44,yes,2025-07-25,not_using_enough
2252,2024-09-28,annual,plus,14.99,organic,android,45-54,yes,2025-08-15,found_alternative
2253,2025-09-16,annual,plus,14.99,organic,ios,55+,no,,
2254,2025-05-03,annual,plus,14.99,partner,ios,35-44,no,,
2255,2024-12-16,annual,basic,9.74,promo_offer,android,35-44,no,,
2256,2025-02-05,monthly,plus,19.99,partner,android,35-44,no,,
2257,2025-02-01,annual,plus,14.99,paid_social,ios,25-34,no,,
2258,2025-07-13,monthly,premium,29.99,paid_social,android,45-54,yes,2025-11-15,not_using_enough
2259,2024-08-02,monthly,plus,19.99,promo_offer,android,25-34,yes,2024-11-18,not_using_enough
2260,2025-05-07,monthly,basic,12.99,paid_social,android,55+,no,,
2261,2025-03-08,annual,basic,9.74,organic,ios,35-44,no,,
2262,2025-03-17,annual,plus,14.99,organic,android,25-34,yes,2025-10-16,
2263,2024-11-26,annual,plus,14.99,partner,android,55+,yes,2025-10-15,not_using_enough
2264,2024-11-11,monthly,basic,12.99,organic,ios,25-34,yes,2025-05-11,
2265,2024-09-03,monthly,plus,19.99,organic,ios,25-34,yes,2025-06-01,found_alternative
2266,2025-04-05,monthly,plus,19.99,paid_social,android,18-24,no,,
2267,2024-11-20,monthly,plus,19.99,organic,web,25-34,no,,
2268,2024-12-17,annual,basic,9.74,organic,ios,45-54,no,,
2269,2025-03-23,annual,basic,9.74,organic,android,25-34,no,,
2270,2025-06-08,monthly,basic,12.99,organic,web,18-24,no,,
2271,2025-02-01,annual,plus,14.99,organic,ios,18-24,no,,
2272,2025-07-19,annual,plus,14.99,paid_social,ios,25-34,no,,
2273,2025-06-10,monthly,premium,29.99,partner,android,35-44,yes,2025-08-27,other
2274,2025-06-22,monthly,basic,12.99,paid_social,android,25-34,yes,2025-09-30,found_alternative
2275,2025-06-19,monthly,premium,29.99,organic,android,35-44,no,,
2276,2025-05-30,monthly,basic,12.99,partner,android,25-34,no,,
2277,2025-01-10,annual,plus,14.99,paid_social,ios,45-54,no,,
2278,2025-04-06,annual,basic,9.74,referral,ios,18-24,no,,
2279,2025-08-31,monthly,basic,12.99,promo_offer,ios,45-54,yes,2025-10-23,not_using_enough
2280,2024-11-05,monthly,plus,19.99,paid_social,ios,45-54,no,,
2281,2025-09-05,monthly,plus,19.99,promo_offer,android,45-54,no,,
2282,2025-04-29,monthly,basic,12.99,organic,android,45-54,no,,
2283,2025-03-04,monthly,plus,19.99,promo_offer,ios,35-44,yes,2025-03-22,not_using_enough
2284,2025-09-30,monthly,basic,12.99,organic,ios,35-44,no,,
2285,2025-03-03,monthly,basic,12.99,paid_social,web,18-24,no,,
2286,2024-11-23,annual,plus,14.99,partner,android,18-24,no,,
2287,2025-06-07,monthly,basic,12.99,paid_social,ios,45-54,no,,
2288,2025-04-12,annual,premium,22.49,partner,ios,45-54,no,,
2289,2025-09-14,monthly,Basic,12.99,organic,android,45-54,yes,2025-10-10,technical_issues
2290,2025-07-03,annual,basic,9.74,promo_offer,ios,25-34,no,,
2291,2025-09-09,annual,premium,22.49,referral,android,18-24,no,,
2292,2024-09-20,annual,basic,9.74,organic,ios,18-24,yes,2025-05-29,
2293,2025-09-19,annual,basic,9.74,partner,ios,18-24,no,,
2294,2024-10-15,monthly,premium,29.99,organic,ios,35-44,yes,2025-03-01,not_using_enough
2295,2025-09-02,monthly,plus,19.99,promo_offer,android,45-54,no,,
2296,2024-12-22,annual,basic,9.74,paid_social,android,18-24,yes,2025-11-29,not_using_enough
2297,2025-06-11,monthly,basic,12.99,organic,ios,18-24,no,,
2298,2024-08-11,monthly,basic,12.99,referral,ios,35-44,no,,
2299,2025-04-01,monthly,plus,19.99,referral,android,35-44,no,,
2300,2024-12-08,monthly,premium,29.99,promo_offer,web,25-34,yes,2025-02-10,technical_issues
2301,2025-10-25,annual,premium,22.49,organic,android,45-54,no,,
2302,2024-09-26,monthly,basic,12.99,promo_offer,android,35-44,yes,2024-10-27,not_using_enough
2303,2024-07-29,monthly,basic,12.99,promo_offer,android,35-44,yes,2024-11-24,other
2304,2025-07-13,annual,basic,9.74,paid_social,ios,25-34,no,,
2305,2025-08-19,annual,basic,9.74,paid_social,ios,55+,no,,
2306,2024-12-29,monthly,basic,12.99,organic,android,45-54,no,,
2307,2024-10-13,monthly,basic,12.99,paid_social,android,25-34,yes,2025-10-03,too_expensive
2308,2025-07-22,monthly,basic,12.99,paid_social,ios,25-34,no,,
2309,2025-08-31,monthly,basic,12.99,promo_offer,ios,18-24,no,,
2310,2024-09-21,annual,plus,14.99,referral,ios,25-34,yes,2025-08-05,
2311,2025-02-05,monthly,plus,19.99,organic,android,25-34,no,,
2312,2025-04-09,monthly,plus,19.99,organic,ios,55+,yes,2025-10-31,technical_issues
2313,2025-02-26,monthly,premium,29.99,referral,ios,25-34,yes,2025-12-05,too_expensive
2314,2024-10-21,monthly,plus,19.99,partner,ios,18-24,yes,2024-11-14,too_expensive
2315,2025-02-15,annual,plus,14.99,organic,ios,25-34,no,,
2316,2025-05-05,annual,basic,9.74,partner,web,18-24,no,,
2317,2025-08-24,annual,basic,9.74,organic,ios,25-34,no,,
2318,2024-11-15,monthly,basic,12.99,promo_offer,android,25-34,yes,2024-12-05,not_using_enough
2319,2024-09-22,monthly,basic,12.99,promo_offer,web,35-44,yes,2024-12-16,too_expensive
2320,2025-07-22,monthly,plus,19.99,referral,web,25-34,yes,2025-12-03,found_alternative
2321,2024-07-25,monthly,basic,12.99,organic,android,35-44,no,,
2322,2024-08-16,monthly,basic,12.99,organic,ios,45-54,yes,2025-12-05,not_using_enough
2323,2024-11-11,monthly,plus,19.99,paid_social,ios,55+,yes,2024-12-22,not_using_enough
2324,2025-10-24,monthly,Basic,12.99,paid_social,ios,18-24,no,,
2325,2025-03-31,monthly,plus,19.99,organic,ios,18-24,yes,2025-11-03,other
2326,2024-12-16,monthly,plus,19.99,organic,android,25-34,yes,2025-06-16,
2327,2025-04-01,annual,premium,22.49,promo_offer,ios,25-34,no,,
2328,2025-04-05,monthly,premium,29.99,partner,ios,25-34,yes,2025-11-13,too_expensive
2329,2025-02-18,annual,basic,9.74,promo_offer,ios,35-44,no,,
2330,2025-07-28,monthly,premium,29.99,referral,ios,25-34,no,,
2331,2024-12-28,monthly,plus,19.99,organic,ios,35-44,no,,
2332,2025-03-16,monthly,premium,29.99,promo_offer,android,55+,no,,
2333,2024-11-23,monthly,plus,19.99,promo_offer,ios,25-34,yes,2025-01-29,too_expensive
2334,2024-08-28,monthly,plus,19.99,promo_offer,android,55+,yes,2025-10-17,not_using_enough
2335,2024-09-16,monthly,Basic,12.99,partner,android,35-44,no,,
2336,2025-06-21,monthly,basic,12.99,promo_offer,android,18-24,no,,
2337,2025-09-06,annual,basic,9.74,promo_offer,web,35-44,no,,
2338,2024-07-12,monthly,basic,12.99,partner,ios,35-44,no,,
2339,2025-05-31,monthly,basic,12.99,partner,ios,25-34,no,,
2340,2025-05-06,monthly,basic,12.99,partner,android,18-24,no,,
2341,2025-06-02,monthly,basic,12.99,paid_social,web,25-34,yes,2025-11-19,found_alternative
2342,2025-02-04,annual,premium,22.49,promo_offer,ios,25-34,no,,
2343,2024-12-09,annual,basic,9.74,organic,android,35-44,no,,
2344,2025-06-27,monthly,basic,12.99,partner,ios,25-34,no,,
2345,2025-08-24,monthly,basic,12.99,paid_social,ios,25-34,no,,
2346,2025-05-20,annual,basic,9.74,partner,ios,55+,yes,2025-06-29,not_using_enough
2347,2025-08-01,monthly,basic,12.99,referral,android,35-44,no,,
2348,2024-10-20,annual,basic,9.74,referral,ios,25-34,yes,2025-09-12,too_expensive
2349,2025-05-24,monthly,premium,29.99,paid_social,ios,18-24,no,,
2350,2024-12-31,annual,basic,9.74,organic,android,35-44,yes,2025-11-13,
2351,2025-03-31,annual,plus,14.99,organic,ios,25-34,no,,
2352,2025-01-28,annual,basic,9.74,partner,ios,18-24,no,,
2353,2025-07-27,monthly,basic,12.99,partner,ios,18-24,no,,
2354,2025-10-12,annual,basic,9.74,paid_social,android,45-54,no,,
2355,2024-09-22,monthly,plus,19.99,promo_offer,web,18-24,no,,
2356,2025-08-13,monthly,basic,12.99,partner,android,25-34,yes,2025-10-20,not_using_enough
2357,2024-12-13,monthly,premium,29.99,partner,ios,55+,no,,
2358,2024-08-01,monthly,basic,12.99,promo_offer,web,25-34,yes,2024-08-12,
2359,2024-10-01,annual,plus,14.99,organic,ios,25-34,no,,
2360,2025-02-24,monthly,plus,19.99,organic,android,25-34,yes,2025-06-05,not_using_enough
2361,2025-02-04,annual,plus,14.99,paid_social,android,25-34,no,,
2362,2025-06-08,annual,basic,9.74,paid_social,ios,45-54,no,,
2363,2025-09-03,annual,basic,9.74,promo_offer,web,35-44,no,,
2364,2024-12-18,monthly,basic,12.99,promo_offer,ios,18-24,yes,2024-12-27,too_expensive
2365,2025-07-14,annual,basic,9.74,paid_social,android,25-34,no,,
2366,2025-09-17,monthly,plus,19.99,organic,android,35-44,no,,
2367,2025-05-12,annual,basic,9.74,promo_offer,android,18-24,no,,
2368,2025-08-15,monthly,basic,12.99,paid_social,ios,25-34,no,,
2369,2025-04-14,monthly,basic,12.99,paid_social,ios,35-44,no,,
2370,2024-12-13,monthly,basic,12.99,organic,ios,25-34,yes,2025-08-05,found_alternative
2371,2025-04-21,monthly,basic,12.99,organic,ios,35-44,no,,
2372,2024-09-01,monthly,plus,19.99,organic,ios,25-34,yes,2025-10-07,too_expensive
2373,2024-07-07,annual,basic,9.74,referral,web,25-34,no,,
2374,2024-10-26,monthly,basic,12.99,organic,web,18-24,yes,2025-05-01,not_using_enough
2375,2025-07-11,monthly,plus,19.99,promo_offer,ios,25-34,no,,
2376,2025-04-10,monthly,plus,19.99,paid_social,android,18-24,no,,
2377,2025-01-17,annual,plus,14.99,promo_offer,ios,35-44,yes,2025-08-01,too_expensive
2378,2025-06-10,monthly,basic,12.99,organic,ios,25-34,no,,
2379,2025-05-01,annual,basic,9.74,promo_offer,android,45-54,no,,
2380,2024-11-01,annual,basic,9.74,paid_social,ios,18-24,yes,2025-02-23,found_alternative
2381,2024-11-19,annual,basic,9.74,organic,ios,25-34,yes,2025-10-23,not_using_enough
2382,2025-03-15,monthly,basic,12.99,organic,android,45-54,no,,
2383,2024-09-26,monthly,basic,12.99,organic,web,25-34,no,,
2384,2025-04-17,monthly,plus,19.99,paid_social,ios,35-44,no,,
2385,2024-11-10,annual,basic,9.74,organic,android,35-44,yes,2025-10-09,too_expensive
2386,2025-07-17,monthly,plus,19.99,promo_offer,web,18-24,yes,2025-10-18,
2387,2024-12-23,annual,plus,14.99,promo_offer,android,35-44,yes,2025-11-16,
2388,2025-03-29,monthly,plus,19.99,promo_offer,android,45-54,yes,2025-06-23,too_expensive
2389,2025-02-15,monthly,basic,12.99,promo_offer,ios,18-24,yes,2025-04-04,technical_issues
2390,2025-07-12,monthly,premium,29.99,promo_offer,ios,55+,no,,
2391,2024-10-23,monthly,plus,19.99,partner,web,35-44,no,,
2392,2025-07-19,monthly,premium,29.99,organic,ios,25-34,no,,
2393,2025-10-27,monthly,premium,29.99,promo_offer,ios,25-34,yes,2025-11-07,not_using_enough
2394,2025-03-01,monthly,plus,19.99,organic,android,25-34,yes,2025-12-22,
2395,2025-03-23,annual,plus,14.99,organic,ios,35-44,no,,
2396,2025-01-27,annual,basic,9.74,paid_social,android,25-34,yes,2025-12-07,technical_issues
2397,2025-10-06,monthly,plus,19.99,partner,android,45-54,no,,
2398,2025-05-23,annual,basic,9.74,promo_offer,web,35-44,no,,
2399,2024-07-19,monthly,plus,19.99,promo_offer,ios,18-24,yes,2024-07-26,found_alternative
2400,2025-05-09,monthly,plus,19.99,organic,ios,25-34,yes,2025-12-17,found_alternative
2401,2024-12-20,monthly,basic,12.99,partner,android,35-44,yes,2025-04-29,found_alternative
2402,2025-06-20,monthly,basic,12.99,organic,ios,45-54,yes,2025-07-13,not_using_enough
2403,2025-03-20,monthly,premium,29.99,paid_social,android,35-44,yes,2025-04-13,
2404,2025-01-12,monthly,basic,12.99,promo_offer,ios,25-34,no,,
2405,2025-07-23,annual,plus,14.99,paid_social,ios,35-44,no,,
2406,2024-09-03,monthly,basic,12.99,organic,android,25-34,yes,2025-10-30,found_alternative
2407,2024-07-05,monthly,basic,12.99,organic,ios,18-24,yes,2024-09-29,
2408,2025-08-05,monthly,premium,29.99,partner,ios,25-34,yes,2025-11-26,other
2409,2024-10-08,monthly,premium,29.99,partner,ios,25-34,yes,2025-03-25,found_alternative
2410,2025-10-09,monthly,premium,29.99,partner,android,35-44,no,,
2411,2024-08-21,monthly,plus,19.99,partner,android,25-34,yes,2024-09-13,
2412,2024-08-13,annual,plus,14.99,organic,android,25-34,yes,2025-07-28,not_using_enough
2413,2025-08-30,annual,plus,14.99,promo_offer,android,25-34,no,,
2414,2024-09-04,monthly,basic,12.99,partner,android,18-24,no,,
2415,2025-05-06,monthly,plus,19.99,partner,android,35-44,yes,2025-12-01,not_using_enough
2416,2025-01-23,monthly,basic,12.99,referral,android,55+,yes,2025-07-26,not_using_enough
2417,2024-11-18,monthly,premium,29.99,promo_offer,android,35-44,no,,
2418,2024-07-23,monthly,plus,19.99,paid_social,web,35-44,no,,
2419,2024-12-18,annual,plus,14.99,organic,android,25-34,yes,2025-11-29,technical_issues
2420,2024-08-22,monthly,plus,19.99,organic,ios,45-54,no,,
2421,2025-04-15,monthly,basic,12.99,organic,ios,25-34,yes,2025-06-22,not_using_enough
2422,2025-09-23,monthly,basic,12.99,referral,ios,18-24,no,,
2423,2024-09-28,monthly,basic,12.99,paid_social,ios,25-34,yes,2024-10-18,not_using_enough
2424,2025-06-04,monthly,basic,12.99,referral,ios,45-54,yes,2025-10-23,not_using_enough
2425,2024-09-21,annual,basic,9.74,paid_social,web,35-44,yes,2025-08-23,
2426,2024-11-22,monthly,plus,19.99,organic,ios,35-44,no,,
2427,2025-07-11,annual,plus,14.99,organic,web,35-44,no,,
2428,2025-07-10,monthly,plus,19.99,organic,android,18-24,no,,
2429,2025-04-08,monthly,basic,12.99,paid_social,ios,25-34,no,,
2430,2025-03-28,monthly,premium,29.99,paid_social,ios,25-34,no,,
2431,2025-05-30,annual,basic,9.74,partner,ios,35-44,no,,
2432,2025-07-29,annual,basic,9.74,promo_offer,web,35-44,yes,2025-10-03,other
2433,2025-02-06,annual,plus,14.99,organic,web,45-54,no,,
2434,2025-02-05,monthly,basic,12.99,paid_social,web,35-44,no,,
2435,2025-04-07,monthly,plus,19.99,organic,ios,45-54,yes,2025-05-19,other
2436,2024-11-24,annual,basic,9.74,organic,web,55+,yes,2025-05-23,not_using_enough
2437,2025-03-21,monthly,basic,12.99,referral,web,18-24,no,,
2438,2024-12-12,annual,premium,22.49,referral,android,18-24,no,,
2439,2025-06-03,monthly,plus,19.99,paid_social,web,35-44,yes,2025-12-17,
2440,2025-04-26,monthly,plus,19.99,promo_offer,android,35-44,yes,2025-06-25,technical_issues
2441,2025-09-18,monthly,plus,19.99,organic,ios,18-24,no,,
2442,2025-01-09,monthly,premium,29.99,promo_offer,android,55+,yes,2025-03-19,
2443,2025-05-11,monthly,plus,19.99,promo_offer,ios,45-54,yes,2025-06-25,found_alternative
2444,2025-07-06,monthly,basic,12.99,partner,android,25-34,no,,
2445,2025-10-25,monthly,basic,12.99,paid_social,web,35-44,no,,
2446,2025-05-18,monthly,plus,19.99,paid_social,web,35-44,no,,
2447,2024-09-22,annual,plus,14.99,promo_offer,ios,45-54,no,,
2448,2025-02-12,monthly,basic,12.99,paid_social,ios,18-24,no,,
2449,2025-07-21,monthly,plus,19.99,paid_social,android,25-34,no,,
2450,2024-08-27,monthly,basic,12.99,paid_social,web,25-34,no,,
2451,2025-05-17,monthly,plus,19.99,organic,web,18-24,no,,
2452,2024-09-19,monthly,premium,29.99,referral,android,25-34,yes,2025-11-27,not_using_enough
2453,2024-09-17,monthly,plus,19.99,organic,android,35-44,yes,2025-12-05,found_alternative
2454,2025-01-30,annual,premium,22.49,promo_offer,ios,25-34,yes,2025-06-16,not_using_enough
2455,2024-09-10,monthly,plus,19.99,paid_social,ios,35-44,yes,2024-12-08,
2456,2025-05-31,monthly,basic,12.99,partner,ios,55+,yes,2025-10-20,
2457,2024-09-26,monthly,basic,12.99,referral,android,35-44,no,,
2458,2025-08-17,annual,basic,9.74,partner,android,35-44,no,,
2459,2024-08-11,annual,basic,9.74,promo_offer,web,45-54,yes,2025-02-23,too_expensive
2460,2025-04-13,monthly,plus,19.99,organic,ios,45-54,no,,
2461,2025-07-02,annual,premium,22.49,paid_social,ios,25-34,no,,
2462,2024-09-22,annual,basic,9.74,partner,ios,18-24,no,,
2463,2025-03-01,monthly,plus,19.99,organic,ios,25-34,yes,2025-09-11,found_alternative
2464,2024-11-12,monthly,plus,19.99,partner,web,35-44,yes,2025-01-04,other
2465,2024-10-12,monthly,plus,19.99,referral,ios,18-24,no,,
2466,2025-02-11,monthly,basic,12.99,referral,android,25-34,yes,2025-02-12,found_alternative
2467,2024-09-19,monthly,premium,29.99,organic,web,35-44,no,,
2468,2025-07-16,annual,plus,14.99,organic,web,35-44,no,,
2469,2024-12-05,annual,premium,22.49,promo_offer,android,35-44,yes,2025-11-01,not_using_enough
2470,2025-10-07,monthly,premium,29.99,referral,android,35-44,no,,
2471,2025-09-20,annual,plus,14.99,promo_offer,ios,25-34,no,,
2472,2024-09-09,monthly,basic,12.99,paid_social,ios,25-34,yes,2025-10-12,not_using_enough
2473,2025-03-30,monthly,basic,12.99,promo_offer,android,25-34,yes,2025-05-02,other
2474,2024-12-10,monthly,premium,29.99,organic,ios,25-34,yes,2025-02-10,not_using_enough
2475,2024-11-11,monthly,basic,12.99,promo_offer,web,35-44,no,,
2476,2025-08-21,monthly,premium,29.99,paid_social,android,35-44,yes,2025-11-27,not_using_enough
2477,2025-06-29,monthly,basic,12.99,promo_offer,ios,25-34,yes,2025-07-27,
2478,2025-07-06,annual,basic,9.74,promo_offer,ios,18-24,no,,
2479,2025-08-14,annual,basic,9.74,referral,ios,55+,no,,
2480,2025-06-18,monthly,basic,12.99,promo_offer,ios,25-34,yes,2025-08-20,too_expensive
2481,2025-02-05,annual,basic,9.74,partner,android,45-54,no,,
2482,2025-08-13,annual,plus,14.99,organic,android,35-44,no,,
2483,2025-07-16,annual,premium,22.49,promo_offer,android,25-34,no,,
2484,2025-06-18,annual,basic,9.74,paid_social,android,35-44,no,,
2485,2024-12-24,annual,basic,9.74,referral,ios,25-34,no,,
2486,2024-12-13,monthly,plus,19.99,organic,web,35-44,yes,2025-01-24,technical_issues
2487,2024-12-29,monthly,basic,12.99,partner,android,35-44,yes,2025-12-24,technical_issues
2488,2024-09-20,monthly,plus,19.99,promo_offer,android,45-54,yes,2024-11-13,
2489,2025-06-10,monthly,plus,19.99,organic,android,18-24,yes,2025-11-14,found_alternative
2490,2025-04-16,annual,basic,9.74,organic,ios,45-54,no,,
2491,2025-04-02,monthly,plus,19.99,promo_offer,android,45-54,no,,
2492,2025-06-22,monthly,plus,19.99,promo_offer,android,35-44,no,,
2493,2025-03-04,annual,basic,9.74,organic,android,18-24,yes,2025-11-07,
2494,2025-10-11,monthly,basic,12.99,promo_offer,android,45-54,no,,
2495,2025-01-18,monthly,basic,12.99,promo_offer,web,25-34,yes,2025-03-01,too_expensive
2496,2025-07-18,annual,premium,22.49,referral,web,45-54,no,,
2497,2025-09-02,annual,basic,9.74,organic,ios,18-24,no,,
2498,2025-10-12,monthly,basic,12.99,paid_social,android,45-54,no,,
2499,2024-09-01,monthly,plus,19.99,partner,android,25-34,yes,2024-11-06,
2500,2025-07-28,annual,premium,22.49,paid_social,ios,45-54,no,,
2501,2024-12-03,monthly,premium,29.99,promo_offer,ios,18-24,yes,2025-05-13,too_expensive
2502,2025-07-30,annual,plus,14.99,organic,android,35-44,no,,
2503,2025-10-10,monthly,plus,19.99,partner,web,25-34,no,,
2504,2025-08-24,annual,basic,9.74,organic,android,25-34,no,,
2505,2025-04-15,annual,basic,9.74,referral,android,18-24,no,,
2506,2025-08-08,annual,basic,9.74,paid_social,ios,35-44,no,,
2507,2025-05-18,monthly,basic,12.99,organic,web,18-24,yes,2025-06-01,found_alternative
2508,2025-06-08,annual,plus,14.99,partner,web,25-34,no,,
2509,2025-03-07,monthly,basic,12.99,organic,ios,25-34,yes,2025-11-04,technical_issues
2510,2025-10-16,annual,plus,14.99,organic,web,35-44,no,,
2511,2024-11-26,monthly,basic,12.99,partner,ios,18-24,yes,2025-06-26,not_using_enough
2512,2025-05-14,annual,plus,14.99,referral,ios,45-54,no,,
2513,2024-12-22,monthly,Plus,19.99,organic,android,35-44,yes,2025-12-24,found_alternative
2514,2025-07-13,annual,premium,22.49,paid_social,android,45-54,no,,
2515,2025-06-28,monthly,basic,12.99,promo_offer,ios,25-34,yes,2025-11-01,
2516,2024-07-09,monthly,plus,19.99,partner,android,45-54,no,,
2517,2024-07-14,annual,premium,22.49,referral,android,25-34,no,,
2518,2024-09-30,annual,plus,14.99,organic,android,25-34,yes,2025-08-06,
2519,2025-03-19,annual,basic,9.74,paid_social,android,25-34,yes,2025-08-27,too_expensive
2520,2024-08-06,annual,premium,22.49,organic,android,35-44,yes,2025-07-02,
2521,2025-06-27,annual,plus,14.99,organic,android,35-44,no,,
2522,2025-05-28,monthly,basic,12.99,referral,ios,18-24,no,,
2523,2024-10-08,annual,basic,9.74,organic,ios,18-24,yes,2025-09-26,found_alternative
2524,2025-04-18,annual,basic,9.74,paid_social,android,18-24,no,,
2525,2025-04-02,monthly,plus,19.99,organic,ios,18-24,yes,2025-10-03,
2526,2024-10-07,monthly,plus,19.99,paid_social,android,18-24,yes,2025-03-06,
2527,2025-08-11,monthly,plus,19.99,referral,android,25-34,no,,
2528,2025-07-19,monthly,basic,12.99,promo_offer,ios,35-44,yes,2025-11-26,found_alternative
2529,2025-10-14,annual,basic,9.74,referral,web,55+,no,,
2530,2024-07-02,annual,plus,14.99,organic,ios,45-54,yes,2025-06-04,technical_issues
2531,2024-07-23,monthly,basic,12.99,organic,ios,35-44,yes,2025-03-12,too_expensive
2532,2024-07-30,monthly,basic,12.99,partner,android,25-34,yes,2024-10-06,not_using_enough
2533,2025-05-12,monthly,premium,29.99,paid_social,android,35-44,no,,
2534,2025-09-22,monthly,basic,12.99,partner,android,25-34,no,,
2535,2024-11-19,monthly,basic,12.99,referral,ios,25-34,no,,
2536,2025-01-27,monthly,premium,29.99,promo_offer,android,25-34,yes,2025-03-29,
2537,2024-12-07,monthly,premium,29.99,promo_offer,web,18-24,no,,
2538,2025-08-02,monthly,basic,12.99,paid_social,ios,18-24,no,,
2539,2025-10-18,monthly,plus,19.99,paid_social,ios,25-34,yes,2025-10-25,not_using_enough
2540,2025-10-28,annual,plus,14.99,paid_social,ios,45-54,no,,
2541,2025-10-23,annual,basic,9.74,promo_offer,web,35-44,no,,
2542,2025-03-13,monthly,premium,29.99,paid_social,ios,55+,no,,
2543,2025-03-18,monthly,premium,29.99,organic,android,35-44,no,,
2544,2025-04-24,monthly,basic,12.99,organic,ios,25-34,no,,
2545,2024-09-25,monthly,plus,19.99,promo_offer,android,55+,yes,2024-10-24,
2546,2024-07-12,monthly,premium,29.99,promo_offer,ios,55+,yes,2024-07-31,too_expensive
2547,2025-03-31,monthly,plus,19.99,promo_offer,android,18-24,yes,2025-05-30,too_expensive
2548,2025-09-27,annual,plus,14.99,promo_offer,android,45-54,no,,
2549,2024-08-17,monthly,basic,12.99,paid_social,ios,25-34,yes,2025-01-27,too_expensive
2550,2024-11-04,monthly,basic,12.99,paid_social,android,25-34,no,,
2551,2025-10-16,annual,basic,9.74,organic,ios,25-34,no,,
2552,2024-11-19,annual,basic,9.74,promo_offer,ios,25-34,no,,
2553,2025-06-11,annual,premium,22.49,paid_social,ios,55+,no,,
2554,2024-08-13,monthly,plus,19.99,paid_social,ios,18-24,yes,2025-09-29,not_using_enough
2555,2025-03-23,monthly,plus,19.99,organic,android,25-34,no,,
2556,2025-03-13,monthly,basic,12.99,organic,ios,18-24,yes,2025-05-14,too_expensive
2557,2025-07-29,monthly,basic,12.99,paid_social,ios,25-34,no,,
2558,2024-08-08,monthly,basic,12.99,organic,android,18-24,yes,2025-10-05,other
2559,2024-11-30,monthly,plus,19.99,promo_offer,android,25-34,no,,
2560,2025-05-03,monthly,premium,29.99,paid_social,ios,18-24,yes,2025-07-15,too_expensive
2561,2025-01-22,monthly,basic,12.99,referral,android,18-24,yes,2025-04-03,technical_issues
2562,2025-08-11,monthly,basic,12.99,organic,android,18-24,no,,
2563,2024-11-03,monthly,plus,19.99,referral,web,18-24,yes,2025-03-22,too_expensive
2564,2024-12-28,annual,basic,9.74,promo_offer,android,25-34,no,,
2565,2025-03-01,monthly,basic,12.99,organic,android,25-34,no,,
2566,2025-06-12,monthly,plus,19.99,paid_social,ios,55+,no,,
2567,2024-11-10,annual,basic,9.74,organic,web,45-54,yes,2025-10-11,not_using_enough
2568,2024-09-02,monthly,premium,29.99,organic,ios,55+,yes,2025-06-03,not_using_enough
2569,2025-01-03,monthly,plus,19.99,partner,web,25-34,no,,
2570,2025-03-17,annual,basic,9.74,organic,ios,25-34,no,,
2571,2025-03-27,monthly,plus,19.99,organic,web,45-54,yes,2025-11-21,too_expensive
2572,2024-08-16,monthly,basic,12.99,promo_offer,ios,45-54,yes,2024-08-22,too_expensive
2573,2025-04-03,monthly,basic,12.99,referral,ios,35-44,yes,2025-08-21,not_using_enough
2574,2025-06-12,monthly,premium,29.99,promo_offer,android,55+,no,,
2575,2024-09-08,monthly,basic,12.99,promo_offer,web,18-24,yes,2025-02-02,technical_issues
2576,2025-04-24,annual,basic,9.74,paid_social,web,18-24,no,,
2577,2025-09-30,annual,basic,9.74,partner,ios,45-54,no,,
2578,2024-08-18,monthly,plus,19.99,referral,web,35-44,yes,2024-08-31,too_expensive
2579,2025-01-15,monthly,plus,19.99,paid_social,ios,18-24,yes,2025-01-24,not_using_enough
2580,2025-08-25,monthly,premium,29.99,organic,web,25-34,no,,
2581,2025-08-16,monthly,plus,19.99,paid_social,android,25-34,no,,
2582,2024-09-02,monthly,basic,12.99,organic,android,25-34,yes,2024-09-03,found_alternative
2583,2025-06-12,monthly,basic,12.99,referral,ios,18-24,yes,2025-10-14,
2584,2024-12-19,annual,basic,9.74,promo_offer,ios,25-34,yes,2025-11-28,
2585,2024-09-03,monthly,plus,19.99,promo_offer,android,25-34,yes,2025-06-30,not_using_enough
2586,2025-06-15,monthly,basic,12.99,promo_offer,android,18-24,yes,2025-09-25,technical_issues
2587,2025-04-22,monthly,basic,12.99,promo_offer,ios,35-44,yes,2025-07-10,not_using_enough
2588,2024-08-21,monthly,premium,29.99,referral,android,45-54,yes,2025-04-06,found_alternative
2589,2025-06-27,annual,premium,22.49,paid_social,ios,25-34,no,,
2590,2025-08-03,monthly,basic,12.99,paid_social,android,35-44,no,,
2591,2025-10-30,annual,basic,9.74,referral,android,25-34,no,,
2592,2025-03-05,annual,plus,14.99,promo_offer,ios,18-24,no,,
2593,2024-08-30,annual,plus,14.99,organic,android,35-44,yes,2025-07-31,technical_issues
2594,2025-10-25,annual,premium,22.49,organic,ios,25-34,no,,
2595,2024-10-12,annual,basic,9.74,organic,android,18-24,yes,2025-09-26,other
2596,2025-06-19,monthly,basic,12.99,paid_social,android,55+,yes,2025-12-07,found_alternative
2597,2025-02-05,annual,basic,9.74,referral,android,45-54,no,,
2598,2025-03-11,annual,Basic,9.74,organic,ios,25-34,yes,2025-12-25,not_using_enough
2599,2024-10-02,annual,basic,9.74,organic,web,35-44,yes,2025-09-07,not_using_enough
2600,2025-01-03,annual,basic,9.74,partner,android,35-44,no,,
2601,2025-02-04,annual,plus,14.99,promo_offer,ios,35-44,no,,
2602,2024-10-24,annual,plus,14.99,promo_offer,android,35-44,yes,2025-09-21,
2603,2025-07-09,monthly,basic,12.99,organic,ios,45-54,yes,2025-07-12,not_using_enough
2604,2025-03-29,monthly,basic,12.99,promo_offer,web,35-44,yes,2025-06-19,not_using_enough
2605,2024-07-25,annual,plus,14.99,organic,web,45-54,yes,2025-06-07,
2606,2024-09-28,monthly,plus,19.99,paid_social,android,18-24,no,,
2607,2025-02-06,annual,plus,14.99,paid_social,android,25-34,no,,
2608,2024-12-08,monthly,plus,19.99,referral,android,18-24,yes,2025-12-05,too_expensive
2609,2024-11-12,monthly,basic,12.99,partner,ios,18-24,yes,2024-11-19,found_alternative
2610,2024-09-05,monthly,basic,12.99,promo_offer,web,35-44,yes,2025-01-05,not_using_enough
2611,2024-10-30,monthly,plus,19.99,promo_offer,android,25-34,yes,2025-01-15,found_alternative
2612,2025-08-09,annual,basic,9.74,partner,android,25-34,no,,
2613,2024-07-27,monthly,basic,12.99,organic,android,18-24,no,,
2614,2025-09-20,annual,plus,14.99,referral,android,35-44,no,,
2615,2025-07-01,annual,basic,9.74,promo_offer,ios,18-24,no,,
2616,2025-06-24,monthly,plus,19.99,paid_social,android,45-54,no,,
2617,2025-07-12,monthly,basic,12.99,paid_social,android,35-44,no,,
2618,2025-04-25,annual,plus,14.99,referral,android,25-34,no,,
2619,2025-06-11,monthly,basic,12.99,organic,android,35-44,yes,2025-07-04,too_expensive
2620,2024-12-31,annual,basic,9.74,paid_social,android,25-34,no,,
2621,2025-08-01,monthly,basic,12.99,organic,ios,35-44,no,,
2622,2025-09-12,annual,premium,22.49,paid_social,ios,25-34,no,,
2623,2025-08-08,monthly,basic,12.99,referral,android,18-24,no,,
2624,2025-08-04,monthly,plus,19.99,organic,android,45-54,yes,2025-09-12,found_alternative
2625,2024-10-27,monthly,basic,12.99,paid_social,android,35-44,yes,2024-12-27,not_using_enough
2626,2025-10-19,annual,basic,9.74,organic,android,18-24,no,,
2627,2025-06-23,annual,plus,14.99,organic,ios,55+,no,,
2628,2025-04-08,monthly,plus,19.99,referral,android,25-34,no,,
2629,2025-10-23,annual,plus,14.99,referral,ios,25-34,no,,
2630,2024-10-25,monthly,basic,12.99,paid_social,android,18-24,yes,2025-08-20,other
2631,2024-08-16,monthly,plus,19.99,organic,ios,18-24,yes,2024-12-21,not_using_enough
2632,2025-04-18,annual,premium,22.49,partner,android,55+,no,,
2633,2025-06-15,monthly,plus,19.99,promo_offer,web,25-34,no,,
2634,2024-07-29,monthly,plus,19.99,paid_social,ios,35-44,yes,2025-07-03,found_alternative
2635,2025-10-29,monthly,Basic,12.99,promo_offer,ios,45-54,no,,
2636,2024-07-03,monthly,plus,19.99,promo_offer,ios,55+,yes,2024-09-15,not_using_enough
2637,2025-10-02,annual,plus,14.99,partner,android,45-54,no,,
2638,2024-10-03,monthly,premium,29.99,promo_offer,web,25-34,yes,2024-10-15,not_using_enough
2639,2025-10-07,monthly,plus,19.99,paid_social,ios,35-44,yes,2025-10-09,not_using_enough
2640,2024-09-17,annual,plus,14.99,organic,ios,18-24,yes,2025-08-08,technical_issues
2641,2025-09-04,monthly,plus,19.99,paid_social,ios,25-34,yes,2025-11-01,other
2642,2024-07-18,monthly,basic,12.99,organic,ios,25-34,no,,
2643,2025-07-17,monthly,basic,12.99,partner,ios,25-34,no,,
2644,2024-11-04,monthly,basic,12.99,organic,android,55+,yes,2025-03-26,found_alternative
2645,2024-11-25,monthly,basic,12.99,promo_offer,android,35-44,yes,2025-02-28,
2646,2025-09-16,monthly,plus,19.99,organic,android,45-54,yes,2025-11-06,not_using_enough
2647,2025-07-16,monthly,premium,29.99,organic,ios,25-34,yes,2025-08-10,not_using_enough
2648,2025-07-26,monthly,basic,12.99,referral,web,25-34,yes,2025-12-26,
2649,2025-06-27,monthly,plus,19.99,paid_social,ios,45-54,no,,
2650,2025-01-20,monthly,plus,19.99,promo_offer,ios,55+,yes,2025-04-20,too_expensive
2651,2025-01-21,monthly,basic,12.99,organic,ios,25-34,yes,2025-01-23,other
2652,2025-08-19,annual,basic,9.74,paid_social,android,45-54,no,,
2653,2025-04-02,monthly,plus,19.99,promo_offer,android,55+,yes,2025-06-28,too_expensive
2654,2025-09-26,annual,basic,9.74,paid_social,ios,25-34,no,,
2655,2024-09-20,annual,basic,9.74,promo_offer,web,25-34,no,,
2656,2024-11-26,annual,premium,22.49,referral,android,25-34,no,,
2657,2025-04-05,annual,basic,9.74,promo_offer,web,35-44,no,,
2658,2025-10-12,monthly,basic,12.99,paid_social,android,35-44,no,,
2659,2025-09-26,annual,basic,9.74,referral,ios,45-54,no,,
2660,2025-07-02,annual,plus,14.99,paid_social,android,25-34,no,,
2661,2025-05-21,annual,plus,14.99,paid_social,android,35-44,no,,
2662,2025-06-22,monthly,basic,12.99,organic,ios,25-34,no,,
2663,2025-09-07,monthly,plus,19.99,paid_social,android,35-44,yes,2025-11-11,too_expensive
2664,2024-08-03,monthly,plus,19.99,organic,ios,18-24,yes,2024-08-14,
2665,2024-09-21,monthly,premium,29.99,referral,web,35-44,yes,2025-03-20,other
2666,2025-10-20,annual,plus,14.99,organic,web,35-44,no,,
2667,2025-01-16,monthly,plus,19.99,paid_social,ios,45-54,no,,
2668,2024-09-18,annual,plus,14.99,promo_offer,ios,45-54,yes,2025-08-09,found_alternative
2669,2024-08-24,monthly,premium,29.99,partner,ios,25-34,yes,2024-09-18,too_expensive
2670,2024-08-26,monthly,plus,19.99,organic,ios,35-44,no,,
2671,2025-03-26,annual,plus,14.99,paid_social,web,45-54,no,,
2672,2025-09-29,monthly,plus,19.99,organic,ios,25-34,no,,
2673,2025-05-25,monthly,basic,12.99,organic,ios,35-44,no,,
2674,2025-01-28,monthly,basic,12.99,referral,ios,55+,yes,2025-12-04,other
2675,2025-06-13,monthly,plus,19.99,paid_social,ios,45-54,yes,2025-07-12,
2676,2024-12-17,monthly,premium,29.99,paid_social,android,25-34,yes,2025-07-06,not_using_enough
2677,2025-07-22,annual,basic,9.74,organic,ios,18-24,no,,
2678,2025-08-30,monthly,basic,12.99,partner,web,55+,no,,
2679,2025-03-25,monthly,premium,29.99,paid_social,web,35-44,yes,2025-07-08,other
2680,2025-03-28,monthly,plus,19.99,paid_social,web,35-44,no,,
2681,2024-09-27,monthly,Plus,19.99,paid_social,web,25-34,yes,2024-11-27,found_alternative
2682,2024-10-31,annual,basic,9.74,organic,android,25-34,yes,2025-09-21,
2683,2025-10-08,monthly,basic,12.99,paid_social,ios,35-44,no,,
2684,2024-09-05,monthly,premium,29.99,organic,android,35-44,yes,2025-01-05,other
2685,2025-09-10,annual,basic,9.74,paid_social,web,35-44,no,,
2686,2025-02-08,annual,basic,9.74,partner,ios,25-34,no,,
2687,2025-05-19,monthly,basic,12.99,organic,ios,35-44,yes,2025-12-19,not_using_enough
2688,2025-05-16,annual,basic,9.74,promo_offer,android,35-44,no,,
2689,2025-09-13,monthly,basic,12.99,organic,web,25-34,no,,
2690,2025-02-24,monthly,premium,29.99,organic,web,45-54,yes,2025-04-27,technical_issues
2691,2024-12-13,monthly,plus,19.99,organic,ios,35-44,yes,2025-01-08,too_expensive
2692,2025-09-17,annual,plus,14.99,partner,ios,35-44,no,,
2693,2025-09-22,annual,basic,9.74,paid_social,ios,45-54,no,,
2694,2025-04-02,monthly,premium,29.99,organic,ios,35-44,no,,
2695,2025-03-07,monthly,plus,19.99,paid_social,ios,45-54,no,,
2696,2025-10-27,monthly,plus,19.99,paid_social,ios,18-24,no,,
2697,2025-09-11,monthly,premium,29.99,organic,android,35-44,no,,
2698,2025-01-13,monthly,premium,29.99,partner,ios,35-44,yes,2025-03-03,
2699,2024-12-06,annual,premium,22.49,promo_offer,ios,35-44,no,,
2700,2025-04-27,monthly,basic,12.99,promo_offer,android,18-24,no,,
2701,2025-06-11,monthly,basic,12.99,referral,android,25-34,no,,
2702,2024-07-10,annual,premium,22.49,partner,android,18-24,yes,2025-06-28,not_using_enough
2703,2025-01-29,annual,basic,9.74,paid_social,ios,18-24,no,,
2704,2024-11-02,monthly,premium,29.99,organic,ios,25-34,yes,2025-06-07,not_using_enough
2705,2025-05-06,monthly,plus,19.99,organic,web,25-34,no,,
2706,2025-06-25,monthly,premium,29.99,paid_social,web,25-34,yes,2025-12-18,other
2707,2024-11-09,annual,basic,9.74,organic,ios,18-24,yes,2025-10-18,
2708,2024-09-29,monthly,plus,19.99,organic,android,55+,no,,
2709,2025-08-05,monthly,basic,12.99,organic,android,25-34,yes,2025-08-19,found_alternative
2710,2024-09-26,monthly,basic,12.99,organic,ios,35-44,yes,2025-02-26,too_expensive
2711,2025-07-21,monthly,plus,19.99,paid_social,ios,25-34,no,,
2712,2025-05-10,annual,basic,9.74,organic,web,55+,no,,
2713,2025-09-12,annual,basic,9.74,paid_social,android,35-44,no,,
2714,2025-10-17,annual,basic,9.74,promo_offer,ios,45-54,no,,
2715,2024-08-17,monthly,basic,12.99,organic,web,35-44,no,,
2716,2025-10-26,monthly,plus,19.99,paid_social,ios,25-34,yes,2025-12-09,
2717,2024-11-20,monthly,basic,12.99,organic,android,45-54,no,,
2718,2025-06-17,monthly,basic,12.99,paid_social,ios,18-24,yes,2025-07-15,not_using_enough
2719,2025-01-13,monthly,plus,19.99,organic,android,45-54,yes,2025-04-02,
2720,2025-06-08,monthly,basic,12.99,paid_social,ios,25-34,yes,2025-08-21,not_using_enough
2721,2024-08-12,annual,basic,9.74,paid_social,web,25-34,no,,
2722,2025-03-28,monthly,basic,12.99,promo_offer,android,35-44,yes,2025-06-23,technical_issues
2723,2025-10-17,monthly,basic,12.99,organic,web,18-24,no,,
2724,2024-12-24,monthly,plus,19.99,organic,web,18-24,no,,
2725,2025-10-27,annual,basic,9.74,partner,ios,35-44,no,,
2726,2025-03-11,monthly,basic,12.99,organic,ios,55+,yes,2025-04-07,other
2727,2025-06-29,monthly,plus,19.99,partner,ios,55+,no,,
2728,2025-04-16,monthly,basic,12.99,paid_social,ios,18-24,no,,
2729,2025-03-10,annual,basic,9.74,organic,android,45-54,no,,
2730,2025-07-12,monthly,premium,29.99,paid_social,web,25-34,no,,
2731,2024-12-04,monthly,premium,29.99,referral,android,25-34,yes,2025-04-04,found_alternative
2732,2024-08-16,annual,basic,9.74,referral,ios,25-34,yes,2025-07-06,technical_issues
2733,2025-10-17,monthly,basic,12.99,partner,ios,18-24,yes,2025-12-26,
2734,2025-04-06,annual,plus,14.99,paid_social,web,55+,no,,
2735,2024-07-01,monthly,premium,29.99,promo_offer,android,25-34,yes,2025-02-28,technical_issues
2736,2024-10-18,annual,basic,9.74,paid_social,ios,18-24,yes,2025-09-30,other
2737,2025-08-16,monthly,plus,19.99,referral,web,18-24,no,,
2738,2024-12-05,monthly,basic,12.99,partner,ios,45-54,no,,
2739,2025-01-18,monthly,plus,19.99,referral,android,25-34,yes,2025-05-01,not_using_enough
2740,2025-10-18,monthly,plus,19.99,organic,ios,55+,no,,
2741,2025-09-28,annual,basic,9.74,promo_offer,ios,18-24,no,,
2742,2024-08-12,annual,basic,9.74,organic,android,35-44,no,,
2743,2025-07-13,monthly,plus,19.99,promo_offer,android,45-54,no,,
2744,2025-05-25,annual,premium,22.49,organic,web,35-44,no,,
2745,2024-11-21,monthly,basic,12.99,organic,android,25-34,yes,2024-12-12,other
2746,2025-05-13,annual,basic,9.74,paid_social,web,18-24,no,,
2747,2025-10-04,monthly,plus,19.99,partner,ios,45-54,no,,
2748,2025-05-30,monthly,plus,19.99,promo_offer,android,25-34,yes,2025-07-24,too_expensive
2749,2025-07-15,annual,plus,14.99,promo_offer,ios,18-24,no,,
2750,2025-04-07,annual,plus,14.99,promo_offer,web,18-24,no,,
2751,2025-01-18,annual,plus,14.99,paid_social,web,45-54,yes,2025-12-18,
2752,2025-09-14,annual,basic,9.74,referral,android,35-44,no,,
2753,2024-07-13,annual,premium,22.49,referral,web,25-34,yes,2025-06-23,found_alternative
2754,2024-07-06,monthly,basic,12.99,partner,ios,45-54,no,,
2755,2025-05-18,monthly,premium,29.99,paid_social,android,35-44,no,,
2756,2025-08-14,monthly,basic,12.99,promo_offer,ios,25-34,no,,
2757,2024-12-24,monthly,basic,12.99,organic,ios,35-44,yes,2025-10-12,technical_issues
2758,2025-10-08,monthly,premium,29.99,partner,android,45-54,no,,
2759,2025-04-01,annual,plus,14.99,promo_offer,ios,35-44,no,,
2760,2025-02-11,annual,plus,14.99,organic,android,25-34,no,,
2761,2025-08-12,monthly,basic,12.99,promo_offer,android,35-44,no,,
2762,2025-03-24,monthly,basic,12.99,referral,ios,18-24,no,,
2763,2024-10-23,monthly,plus,19.99,organic,android,18-24,yes,2025-04-14,too_expensive
2764,2025-05-13,monthly,plus,19.99,promo_offer,ios,25-34,no,,
2765,2024-09-09,annual,basic,9.74,organic,android,25-34,yes,2025-08-26,too_expensive
2766,2025-06-22,monthly,basic,12.99,promo_offer,ios,25-34,yes,2025-10-09,too_expensive
2767,2025-03-13,monthly,plus,19.99,organic,android,35-44,yes,2025-09-04,technical_issues
2768,2024-07-12,monthly,basic,12.99,partner,android,35-44,no,,
2769,2025-03-13,monthly,basic,12.99,organic,ios,25-34,no,,
2770,2025-07-23,monthly,basic,12.99,organic,web,35-44,yes,2025-12-16,
2771,2025-05-25,monthly,basic,12.99,paid_social,ios,35-44,yes,2025-10-14,technical_issues
2772,2024-09-04,annual,basic,9.74,promo_offer,android,35-44,yes,2025-02-01,
2773,2025-02-21,monthly,basic,12.99,referral,android,25-34,yes,2025-05-03,not_using_enough
2774,2024-12-18,monthly,premium,29.99,organic,web,35-44,no,,
2775,2024-07-26,annual,basic,9.74,promo_offer,ios,45-54,yes,2025-06-15,too_expensive
2776,2025-10-26,annual,premium,22.49,paid_social,android,25-34,no,,
2777,2025-05-11,monthly,basic,12.99,partner,ios,35-44,no,,
2778,2025-10-08,annual,premium,22.49,paid_social,ios,55+,no,,
2779,2024-12-20,annual,basic,9.74,organic,web,18-24,no,,
2780,2025-03-14,annual,premium,22.49,promo_offer,ios,25-34,no,,
2781,2024-11-21,annual,basic,9.74,referral,android,35-44,no,,
2782,2025-01-25,monthly,plus,19.99,organic,ios,25-34,yes,2025-03-03,not_using_enough
2783,2024-09-26,annual,basic,9.74,referral,android,25-34,yes,2025-08-04,
2784,2025-06-23,monthly,plus,19.99,organic,ios,25-34,no,,
2785,2024-07-17,annual,plus,14.99,organic,ios,18-24,yes,2025-06-17,found_alternative
2786,2024-11-27,monthly,Premium,29.99,referral,ios,45-54,yes,2025-01-25,other
2787,2025-05-02,annual,premium,22.49,promo_offer,ios,18-24,no,,
2788,2024-10-09,monthly,premium,29.99,organic,web,25-34,no,,
2789,2025-01-26,monthly,premium,29.99,paid_social,web,25-34,no,,
2790,2024-08-25,annual,basic,9.74,promo_offer,ios,35-44,yes,2025-07-14,
2791,2025-04-20,monthly,basic,12.99,paid_social,android,25-34,yes,2025-12-11,
2792,2025-05-06,monthly,basic,12.99,promo_offer,ios,25-34,yes,2025-07-08,other
2793,2025-06-25,monthly,basic,12.99,paid_social,android,45-54,yes,2025-09-24,other
2794,2024-10-04,monthly,premium,29.99,organic,android,25-34,no,,
2795,2025-01-29,monthly,premium,29.99,promo_offer,ios,45-54,yes,2025-04-15,
2796,2025-05-27,monthly,premium,29.99,referral,android,25-34,yes,2025-06-23,not_using_enough
2797,2025-02-28,monthly,plus,19.99,organic,ios,45-54,no,,
2798,2025-08-11,annual,basic,9.74,paid_social,android,18-24,no,,
2799,2025-09-06,annual,basic,9.74,paid_social,ios,45-54,no,,
2800,2024-12-11,monthly,basic,12.99,promo_offer,ios,55+,no,,
2801,2025-02-13,monthly,basic,12.99,paid_social,ios,35-44,no,,
2802,2025-05-27,monthly,premium,29.99,promo_offer,ios,35-44,yes,2025-08-07,not_using_enough
2803,2024-12-23,annual,plus,14.99,promo_offer,android,45-54,yes,2025-11-25,technical_issues
2804,2025-08-01,annual,premium,22.49,partner,ios,45-54,no,,
2805,2025-02-09,monthly,basic,12.99,organic,android,25-34,no,,
2806,2024-12-06,annual,basic,9.74,paid_social,web,35-44,yes,2025-11-13,found_alternative
2807,2025-02-06,monthly,plus,19.99,organic,android,35-44,no,,
2808,2024-10-25,annual,basic,9.74,referral,android,18-24,no,,
2809,2024-08-03,monthly,basic,12.99,organic,ios,25-34,yes,2024-09-24,too_expensive
2810,2025-08-08,monthly,basic,12.99,paid_social,web,35-44,no,,
2811,2025-05-07,annual,basic,9.74,referral,web,35-44,no,,
2812,2025-08-22,monthly,premium,29.99,promo_offer,ios,45-54,yes,2025-09-24,too_expensive
2813,2024-09-14,monthly,basic,12.99,paid_social,ios,35-44,no,,
2814,2025-06-12,monthly,plus,19.99,partner,web,25-34,yes,2025-12-21,
2815,2025-05-23,annual,plus,14.99,promo_offer,ios,35-44,no,,
2816,2025-06-12,monthly,basic,12.99,partner,android,25-34,no,,
2817,2024-12-12,annual,basic,9.74,organic,ios,18-24,no,,
2818,2025-07-23,annual,basic,9.74,promo_offer,ios,35-44,no,,
2819,2025-08-05,annual,plus,14.99,organic,android,45-54,no,,
2820,2025-05-15,monthly,basic,12.99,organic,android,55+,yes,2025-07-27,found_alternative
2821,2024-09-15,monthly,plus,19.99,organic,web,25-34,no,,
2822,2024-09-15,monthly,plus,19.99,paid_social,android,25-34,yes,2024-12-29,
2823,2025-02-23,annual,plus,14.99,promo_offer,android,25-34,no,,
2824,2024-12-02,monthly,basic,12.99,partner,web,45-54,no,,
2825,2025-04-13,monthly,premium,29.99,organic,ios,45-54,no,,
2826,2024-12-03,annual,premium,22.49,paid_social,android,35-44,yes,2025-11-05,technical_issues
2827,2025-06-09,monthly,basic,12.99,promo_offer,ios,35-44,no,,
2828,2025-06-25,monthly,Plus,19.99,paid_social,android,35-44,no,,
2829,2025-09-06,monthly,plus,19.99,partner,ios,35-44,no,,
2830,2024-08-06,monthly,basic,12.99,partner,ios,25-34,yes,2024-11-16,too_expensive
2831,2025-08-25,monthly,plus,19.99,organic,ios,45-54,yes,2025-09-23,not_using_enough
2832,2025-06-30,annual,plus,14.99,organic,ios,25-34,no,,
2833,2025-07-06,monthly,basic,12.99,promo_offer,ios,25-34,yes,2025-09-22,not_using_enough
2834,2025-09-14,annual,plus,14.99,organic,android,25-34,no,,
2835,2025-06-16,monthly,plus,19.99,organic,ios,25-34,no,,
2836,2024-12-12,annual,basic,9.74,promo_offer,web,25-34,yes,2025-11-16,technical_issues
2837,2025-04-17,monthly,premium,29.99,referral,android,35-44,no,,
2838,2025-05-24,annual,plus,14.99,promo_offer,android,55+,no,,
2839,2025-08-26,monthly,plus,19.99,referral,ios,25-34,yes,2025-10-12,other
2840,2024-07-29,monthly,plus,19.99,paid_social,ios,25-34,no,,
2841,2025-05-07,annual,plus,14.99,referral,ios,25-34,no,,
2842,2024-09-29,monthly,plus,19.99,referral,android,35-44,yes,2025-03-11,other
2843,2025-01-20,monthly,plus,19.99,organic,android,25-34,no,,
2844,2025-06-11,monthly,premium,29.99,paid_social,android,18-24,no,,
2845,2025-07-15,monthly,basic,12.99,referral,android,25-34,no,,
2846,2025-01-03,monthly,basic,12.99,paid_social,android,35-44,no,,
2847,2024-09-11,annual,basic,9.74,referral,ios,18-24,no,,
2848,2024-10-28,monthly,premium,29.99,paid_social,ios,25-34,no,,
2849,2025-03-05,monthly,basic,12.99,promo_offer,ios,55+,yes,2025-05-14,
2850,2025-08-11,monthly,plus,19.99,organic,ios,18-24,no,,
2851,2024-10-31,monthly,plus,19.99,partner,ios,35-44,yes,2025-06-06,not_using_enough
2852,2025-10-17,monthly,premium,29.99,promo_offer,ios,18-24,yes,2025-12-06,not_using_enough
2853,2024-11-25,monthly,basic,12.99,paid_social,android,55+,yes,2025-09-26,found_alternative
2854,2025-03-16,annual,premium,22.49,organic,android,18-24,no,,
2855,2025-10-06,annual,basic,9.74,organic,android,25-34,no,,
2856,2025-03-06,annual,plus,14.99,organic,ios,35-44,no,,
2857,2025-07-01,monthly,plus,19.99,paid_social,android,35-44,no,,
2858,2025-10-18,monthly,premium,29.99,paid_social,ios,25-34,no,,
2859,2024-08-12,annual,plus,14.99,promo_offer,android,18-24,no,,
2860,2024-07-03,monthly,plus,19.99,promo_offer,ios,18-24,no,,
2861,2025-07-24,annual,basic,9.74,organic,android,18-24,no,,
2862,2025-07-24,annual,basic,9.74,referral,ios,55+,no,,
2863,2024-08-14,monthly,basic,12.99,paid_social,android,35-44,yes,2024-09-15,not_using_enough
2864,2025-03-03,monthly,premium,29.99,referral,ios,35-44,yes,2025-12-26,too_expensive
2865,2025-08-12,monthly,basic,12.99,promo_offer,ios,55+,no,,
2866,2025-10-08,monthly,plus,19.99,promo_offer,ios,35-44,yes,2025-10-18,found_alternative
2867,2025-05-15,monthly,plus,19.99,partner,ios,45-54,no,,
2868,2024-10-18,monthly,premium,29.99,paid_social,ios,55+,no,,
2869,2024-08-27,annual,premium,22.49,promo_offer,android,25-34,no,,
2870,2025-09-04,annual,plus,14.99,referral,android,18-24,no,,
2871,2024-11-02,annual,plus,14.99,organic,android,35-44,yes,2025-10-17,not_using_enough
2872,2024-12-04,monthly,basic,12.99,referral,android,35-44,no,,
2873,2025-09-26,monthly,basic,12.99,organic,android,55+,yes,2025-11-19,too_expensive
2874,2025-06-22,monthly,basic,12.99,promo_offer,ios,25-34,no,,
2875,2024-10-30,annual,plus,14.99,organic,ios,45-54,no,,
2876,2024-09-06,annual,premium,22.49,promo_offer,android,25-34,no,,
2877,2024-07-24,monthly,basic,12.99,organic,ios,45-54,yes,2024-10-01,not_using_enough
2878,2025-01-18,annual,basic,9.74,organic,ios,25-34,no,,
2879,2025-07-03,monthly,basic,12.99,paid_social,web,18-24,yes,2025-10-30,other
2880,2025-10-12,annual,basic,9.74,organic,android,25-34,no,,
2881,2025-02-25,monthly,basic,12.99,organic,ios,18-24,yes,2025-03-01,
2882,2025-10-08,annual,plus,14.99,organic,android,35-44,no,,
2883,2024-08-16,annual,plus,14.99,promo_offer,android,25-34,no,,
2884,2024-07-19,annual,basic,9.74,organic,android,25-34,yes,2025-06-21,technical_issues
2885,2024-10-26,monthly,plus,19.99,organic,web,45-54,yes,2025-08-06,found_alternative
2886,2025-04-03,monthly,premium,29.99,promo_offer,android,35-44,yes,2025-11-10,
2887,2024-10-03,monthly,basic,12.99,partner,android,18-24,yes,2025-02-03,not_using_enough
2888,2025-10-20,monthly,premium,29.99,partner,android,35-44,yes,2025-11-02,technical_issues
2889,2025-07-20,monthly,basic,12.99,organic,ios,25-34,yes,2025-11-15,too_expensive
2890,2024-09-03,annual,plus,14.99,promo_offer,web,35-44,yes,2025-08-12,other
2891,2025-07-22,monthly,basic,12.99,organic,android,25-34,yes,2025-11-19,not_using_enough
2892,2025-05-03,monthly,plus,19.99,paid_social,ios,45-54,yes,2025-05-17,
2893,2024-09-24,annual,basic,9.74,partner,android,35-44,no,,
2894,2025-06-19,annual,basic,9.74,paid_social,web,25-34,no,,
2895,2025-08-01,monthly,plus,19.99,organic,web,35-44,yes,2025-11-10,found_alternative
2896,2024-11-01,monthly,premium,29.99,promo_offer,android,18-24,yes,2025-04-07,not_using_enough
2897,2025-02-09,monthly,plus,19.99,promo_offer,android,55+,no,,
2898,2024-11-13,annual,plus,14.99,promo_offer,ios,25-34,yes,2025-10-14,
2899,2025-07-29,annual,Basic,9.74,promo_offer,ios,45-54,no,,
2900,2025-10-01,monthly,plus,19.99,paid_social,android,18-24,no,,
2901,2024-10-07,annual,premium,22.49,paid_social,android,25-34,no,,
2902,2025-06-06,monthly,basic,12.99,promo_offer,ios,18-24,yes,2025-09-29,
2903,2025-07-02,monthly,plus,19.99,promo_offer,android,25-34,no,,
2904,2025-01-04,monthly,basic,12.99,promo_offer,android,45-54,yes,2025-04-02,technical_issues
2905,2025-02-05,annual,premium,22.49,referral,ios,25-34,no,,
2906,2024-12-22,monthly,basic,12.99,referral,android,55+,yes,2025-08-26,too_expensive
2907,2025-06-04,monthly,plus,19.99,partner,web,45-54,yes,2025-09-11,not_using_enough
2908,2025-10-17,monthly,basic,12.99,partner,android,55+,no,,
2909,2025-09-11,monthly,basic,12.99,paid_social,ios,25-34,no,,
2910,2025-02-04,annual,premium,22.49,paid_social,ios,35-44,no,,
2911,2025-07-05,monthly,basic,12.99,organic,android,35-44,yes,2025-11-27,not_using_enough
2912,2025-10-10,monthly,premium,29.99,paid_social,ios,25-34,no,,
2913,2024-09-14,annual,basic,9.74,organic,ios,45-54,yes,2025-03-28,technical_issues
2914,2024-11-26,annual,premium,22.49,referral,android,18-24,no,,
2915,2025-06-26,annual,basic,9.74,organic,web,25-34,no,,
2916,2024-09-06,monthly,basic,12.99,paid_social,ios,18-24,yes,2025-03-25,technical_issues
2917,2024-09-26,annual,Basic,9.74,organic,android,35-44,yes,2025-08-28,not_using_enough
2918,2024-11-23,monthly,basic,12.99,promo_offer,ios,35-44,no,,
2919,2025-10-20,annual,plus,14.99,organic,web,45-54,no,,
2920,2025-06-19,monthly,basic,12.99,paid_social,ios,18-24,yes,2025-08-05,
2921,2025-09-05,monthly,plus,19.99,partner,ios,35-44,no,,
2922,2024-11-14,monthly,basic,12.99,paid_social,ios,25-34,yes,2025-10-10,too_expensive
2923,2025-10-16,annual,plus,14.99,paid_social,android,25-34,no,,
2924,2025-07-26,monthly,plus,19.99,partner,ios,18-24,yes,2025-11-06,technical_issues
2925,2025-07-04,monthly,plus,19.99,organic,android,35-44,no,,
2926,2025-06-06,monthly,basic,12.99,paid_social,android,35-44,no,,
2927,2024-10-15,monthly,basic,12.99,partner,ios,35-44,no,,
2928,2025-10-01,annual,basic,9.74,paid_social,ios,18-24,no,,
2929,2024-10-25,annual,plus,14.99,promo_offer,web,25-34,no,,
2930,2025-07-15,annual,plus,14.99,paid_social,android,25-34,yes,2025-12-18,not_using_enough
2931,2024-11-05,annual,basic,9.74,paid_social,web,35-44,no,,
2932,2024-09-01,annual,premium,22.49,paid_social,web,18-24,yes,2025-08-02,found_alternative
2933,2025-01-31,annual,basic,9.74,organic,ios,35-44,no,,
2934,2024-12-29,monthly,plus,19.99,organic,web,18-24,yes,2025-01-23,too_expensive
2935,2025-04-05,monthly,plus,19.99,paid_social,ios,35-44,yes,2025-05-30,not_using_enough
2936,2025-03-06,annual,basic,9.74,organic,ios,25-34,no,,
2937,2024-12-08,monthly,premium,29.99,promo_offer,android,25-34,yes,2025-02-28,
2938,2024-10-01,monthly,plus,19.99,organic,ios,45-54,no,,
2939,2025-10-29,monthly,plus,19.99,organic,ios,18-24,no,,
2940,2025-01-24,annual,basic,9.74,organic,ios,55+,yes,2025-12-21,not_using_enough
2941,2025-07-11,annual,plus,14.99,organic,ios,35-44,yes,2025-08-04,not_using_enough
2942,2025-06-16,monthly,basic,12.99,partner,ios,35-44,no,,
2943,2025-07-25,annual,basic,9.74,partner,ios,45-54,no,,
2944,2024-09-04,monthly,basic,12.99,promo_offer,ios,25-34,yes,2024-12-17,other
2945,2025-02-17,monthly,basic,12.99,promo_offer,ios,35-44,no,,
2946,2025-08-24,monthly,Basic,12.99,organic,android,35-44,no,,
2947,2024-09-06,monthly,plus,19.99,referral,ios,35-44,yes,2024-09-12,found_alternative
2948,2025-04-02,monthly,plus,19.99,organic,ios,45-54,yes,2025-08-22,other
2949,2025-08-23,monthly,plus,19.99,promo_offer,ios,25-34,yes,2025-10-05,not_using_enough
2950,2025-05-07,monthly,plus,19.99,referral,web,18-24,yes,2025-08-15,too_expensive
2951,2025-08-27,annual,basic,9.74,paid_social,android,55+,no,,
2952,2025-07-13,monthly,basic,12.99,organic,ios,25-34,no,,
2953,2024-10-17,monthly,basic,12.99,referral,ios,35-44,no,,
2954,2025-05-07,monthly,basic,12.99,paid_social,ios,35-44,yes,2025-10-23,not_using_enough
2955,2025-05-22,annual,plus,14.99,paid_social,web,25-34,no,,
2956,2025-02-01,monthly,basic,12.99,organic,ios,18-24,no,,
2957,2025-06-11,monthly,premium,29.99,paid_social,web,35-44,yes,2025-11-24,not_using_enough
2958,2025-03-26,annual,Basic,9.74,promo_offer,ios,18-24,no,,
2959,2025-03-31,monthly,basic,12.99,promo_offer,android,35-44,yes,2025-05-09,too_expensive
2960,2024-10-17,annual,basic,9.74,paid_social,web,18-24,no,,
2961,2025-03-30,monthly,basic,12.99,organic,ios,45-54,no,,
2962,2025-06-12,annual,premium,22.49,promo_offer,android,45-54,no,,
2963,2025-06-15,annual,basic,9.74,paid_social,ios,55+,no,,
2964,2025-05-13,annual,basic,9.74,organic,android,45-54,no,,
2965,2025-04-18,monthly,premium,29.99,organic,ios,55+,no,,
2966,2025-02-17,annual,premium,22.49,partner,web,45-54,no,,
2967,2025-04-11,annual,plus,14.99,paid_social,android,25-34,yes,2025-08-27,other
2968,2025-08-31,annual,plus,14.99,partner,ios,35-44,no,,
2969,2025-02-01,monthly,plus,19.99,promo_offer,android,45-54,yes,2025-10-14,too_expensive
2970,2025-03-28,annual,basic,9.74,organic,android,25-34,no,,
2971,2024-12-23,annual,premium,22.49,referral,ios,25-34,no,,
2972,2025-08-14,monthly,Basic,12.99,paid_social,ios,25-34,no,,
2973,2025-10-20,monthly,basic,12.99,paid_social,ios,18-24,no,,
2974,2025-08-01,monthly,premium,29.99,paid_social,ios,25-34,no,,
2975,2025-08-08,monthly,premium,29.99,referral,android,25-34,yes,2025-11-24,found_alternative
2976,2025-02-27,monthly,basic,12.99,organic,ios,18-24,yes,2025-04-19,other
2977,2025-02-24,monthly,premium,29.99,organic,ios,25-34,no,,
2978,2024-09-28,monthly,basic,12.99,organic,web,25-34,yes,2025-02-18,technical_issues
2979,2025-09-25,annual,basic,9.74,organic,ios,25-34,no,,
2980,2025-03-07,annual,basic,9.74,organic,android,45-54,no,,
2981,2025-06-15,annual,basic,9.74,partner,ios,45-54,yes,2025-08-25,not_using_enough
2982,2025-10-13,monthly,plus,19.99,promo_offer,android,18-24,no,,
2983,2024-12-14,monthly,premium,29.99,organic,android,25-34,no,,
2984,2025-07-31,annual,premium,22.49,partner,ios,35-44,no,,
2985,2024-12-29,annual,plus,14.99,organic,web,25-34,no,,
2986,2025-08-29,monthly,plus,19.99,referral,ios,25-34,no,,
2987,2025-08-26,annual,plus,14.99,promo_offer,ios,25-34,no,,
2988,2025-05-13,monthly,basic,12.99,partner,ios,25-34,yes,2025-07-15,
2989,2024-08-12,monthly,plus,19.99,paid_social,android,35-44,yes,2025-03-18,technical_issues
2990,2025-02-26,monthly,Basic,12.99,paid_social,android,35-44,yes,2025-09-03,too_expensive
2991,2025-09-08,monthly,basic,12.99,organic,ios,25-34,no,,
2992,2024-08-19,monthly,basic,12.99,promo_offer,android,25-34,no,,
2993,2024-12-31,annual,plus,14.99,promo_offer,android,35-44,yes,2025-11-07,not_using_enough
2994,2024-10-10,monthly,basic,12.99,referral,ios,25-34,no,,
2995,2024-12-29,monthly,plus,19.99,organic,ios,25-34,yes,2025-01-21,other
2996,2025-06-27,monthly,plus,19.99,organic,ios,55+,no,,
2997,2025-07-14,annual,basic,9.74,promo_offer,android,25-34,no,,
2998,2025-10-06,annual,premium,22.49,organic,ios,25-34,no,,
2999,2025-02-27,monthly,basic,12.99,promo_offer,android,55+,yes,2025-04-03,found_alternative
3000,2025-04-27,annual,basic,9.74,promo_offer,ios,45-54,no,,
3001,2024-11-27,annual,plus,14.99,promo_offer,android,18-24,yes,2025-10-06,
3002,2025-04-07,monthly,premium,29.99,paid_social,ios,35-44,no,,
3003,2025-05-16,annual,basic,9.74,paid_social,web,45-54,no,,
3004,2024-12-04,annual,plus,14.99,organic,android,35-44,no,,
3005,2025-09-14,annual,basic,9.74,paid_social,ios,45-54,no,,
3006,2025-01-15,annual,basic,9.74,paid_social,ios,35-44,no,,
3007,2025-09-24,annual,basic,9.74,referral,ios,45-54,no,,
3008,2025-05-05,monthly,basic,12.99,organic,ios,25-34,yes,2025-10-26,other
3009,2025-07-06,monthly,basic,12.99,paid_social,android,25-34,no,,
3010,2024-12-12,annual,plus,14.99,organic,web,55+,yes,2025-11-07,
3011,2025-09-10,annual,basic,9.74,organic,android,18-24,no,,
3012,2025-05-23,annual,basic,9.74,promo_offer,android,35-44,yes,2025-07-11,not_using_enough
3013,2025-07-06,monthly,premium,29.99,paid_social,ios,25-34,no,,
3014,2025-03-29,monthly,plus,19.99,paid_social,ios,45-54,no,,
3015,2025-06-30,annual,basic,9.74,organic,web,25-34,no,,
3016,2024-07-28,monthly,plus,19.99,paid_social,android,45-54,no,,
3017,2025-01-10,annual,plus,14.99,promo_offer,ios,18-24,no,,
3018,2024-12-22,annual,premium,22.49,organic,ios,25-34,yes,2025-11-11,too_expensive
3019,2025-10-20,monthly,plus,19.99,promo_offer,ios,25-34,no,,
3020,2025-03-05,monthly,Plus,19.99,partner,android,35-44,yes,2025-11-14,too_expensive
3021,2024-09-29,monthly,basic,12.99,promo_offer,ios,45-54,no,,
3022,2025-06-18,annual,plus,14.99,paid_social,android,25-34,no,,
3023,2024-11-10,annual,plus,14.99,organic,android,25-34,no,,
3024,2025-06-01,monthly,basic,12.99,partner,android,55+,yes,2025-06-01,
3025,2025-09-07,monthly,premium,29.99,referral,ios,35-44,yes,2025-10-06,not_using_enough
3026,2024-08-08,monthly,premium,29.99,organic,ios,35-44,yes,2025-02-02,not_using_enough
3027,2025-04-15,annual,premium,22.49,promo_offer,ios,18-24,no,,
3028,2024-12-25,monthly,plus,19.99,organic,android,18-24,no,,
3029,2024-08-01,monthly,plus,19.99,promo_offer,android,55+,no,,
3030,2024-07-22,monthly,basic,12.99,partner,android,25-34,yes,2025-02-26,too_expensive
3031,2025-04-18,annual,basic,9.74,organic,android,35-44,no,,
3032,2025-07-02,monthly,basic,12.99,partner,android,25-34,no,,
3033,2024-11-07,annual,basic,9.74,promo_offer,android,18-24,yes,2025-10-01,
3034,2025-06-09,monthly,plus,19.99,paid_social,ios,25-34,no,,
3035,2024-11-11,monthly,basic,12.99,paid_social,web,25-34,no,,
3036,2025-06-01,annual,plus,14.99,organic,android,25-34,no,,
3037,2025-09-10,monthly,plus,19.99,organic,ios,25-34,no,,
3038,2025-08-05,monthly,basic,12.99,paid_social,ios,25-34,yes,2025-11-07,not_using_enough
3039,2025-03-27,monthly,basic,12.99,partner,ios,18-24,yes,2025-10-25,too_expensive
3040,2024-07-06,monthly,plus,19.99,referral,android,18-24,yes,2024-07-30,found_alternative
3041,2025-10-04,monthly,plus,19.99,organic,web,45-54,yes,2025-12-15,found_alternative
3042,2025-10-28,monthly,basic,12.99,organic,web,18-24,no,,
3043,2024-11-25,monthly,premium,29.99,promo_offer,android,55+,yes,2025-02-12,
3044,2025-04-12,monthly,Basic,12.99,paid_social,android,25-34,yes,2025-12-30,not_using_enough
3045,2025-08-10,monthly,plus,19.99,promo_offer,ios,35-44,no,,
3046,2025-07-24,monthly,plus,19.99,organic,android,18-24,no,,
3047,2025-08-21,monthly,plus,19.99,organic,android,25-34,no,,
3048,2024-10-20,monthly,basic,12.99,organic,web,45-54,no,,
3049,2025-10-18,annual,basic,9.74,promo_offer,android,18-24,no,,
3050,2025-05-07,annual,basic,9.74,organic,web,35-44,no,,
3051,2025-04-21,monthly,basic,12.99,organic,android,25-34,yes,2025-05-13,other
3052,2024-08-07,monthly,basic,12.99,referral,android,35-44,yes,2025-03-28,technical_issues
3053,2024-07-28,monthly,premium,29.99,promo_offer,ios,35-44,yes,2024-10-20,found_alternative
3054,2025-01-25,monthly,plus,19.99,paid_social,android,25-34,no,,
3055,2024-10-31,monthly,premium,29.99,referral,ios,18-24,yes,2025-06-30,too_expensive
3056,2025-05-22,monthly,basic,12.99,paid_social,ios,35-44,yes,2025-12-08,too_expensive
3057,2025-05-20,monthly,plus,19.99,promo_offer,ios,25-34,yes,2025-06-17,found_alternative
3058,2024-09-15,monthly,plus,19.99,organic,ios,25-34,yes,2024-09-18,not_using_enough
3059,2025-01-12,annual,basic,9.74,promo_offer,android,55+,yes,2025-12-12,too_expensive
3060,2025-04-06,monthly,basic,12.99,organic,ios,25-34,no,,
3061,2024-08-27,annual,premium,22.49,paid_social,android,18-24,yes,2025-07-07,not_using_enough
3062,2025-01-10,annual,basic,9.74,paid_social,android,55+,no,,
3063,2025-08-28,annual,basic,9.74,paid_social,web,45-54,no,,
3064,2024-09-18,monthly,premium,29.99,organic,ios,25-34,yes,2025-10-24,
3065,2025-01-10,monthly,basic,12.99,promo_offer,android,18-24,no,,
3066,2025-06-11,annual,plus,14.99,promo_offer,android,18-24,no,,
3067,2025-06-05,annual,basic,9.74,promo_offer,ios,45-54,no,,
3068,2025-09-05,annual,plus,14.99,promo_offer,ios,25-34,no,,
3069,2024-09-04,monthly,basic,12.99,referral,ios,55+,no,,
3070,2025-07-18,monthly,basic,12.99,referral,ios,45-54,no,,
3071,2025-10-25,annual,plus,14.99,paid_social,android,25-34,no,,
3072,2025-09-16,monthly,premium,29.99,partner,ios,35-44,no,,
3073,2025-07-14,annual,plus,14.99,organic,web,18-24,no,,
3074,2024-12-15,monthly,basic,12.99,paid_social,ios,35-44,yes,2025-08-25,not_using_enough
3075,2025-06-05,annual,premium,22.49,referral,ios,35-44,no,,
3076,2025-09-27,annual,basic,9.74,partner,ios,35-44,no,,
3077,2025-02-25,annual,plus,14.99,promo_offer,ios,35-44,no,,
3078,2024-07-25,monthly,plus,19.99,organic,ios,35-44,yes,2024-11-29,technical_issues
3079,2025-05-18,monthly,basic,12.99,paid_social,ios,35-44,no,,
3080,2025-03-10,annual,plus,14.99,referral,ios,18-24,no,,
3081,2024-10-13,annual,basic,9.74,organic,ios,25-34,no,,
3082,2024-08-23,annual,basic,9.74,promo_offer,ios,35-44,yes,2025-07-13,
3083,2025-07-01,monthly,basic,12.99,organic,android,35-44,no,,
3084,2024-09-25,monthly,basic,12.99,organic,web,18-24,yes,2024-12-15,not_using_enough
3085,2024-08-14,monthly,basic,12.99,organic,android,18-24,yes,2025-05-20,not_using_enough
3086,2024-11-30,monthly,plus,19.99,organic,ios,25-34,no,,
3087,2024-07-24,annual,basic,9.74,organic,ios,25-34,no,,
3088,2024-09-14,annual,plus,14.99,paid_social,android,35-44,yes,2025-08-03,technical_issues
3089,2025-02-01,annual,premium,22.49,organic,ios,35-44,no,,
3090,2024-08-21,annual,basic,9.74,promo_offer,android,35-44,yes,2025-07-01,technical_issues
3091,2025-02-01,annual,plus,14.99,partner,web,18-24,no,,
3092,2025-05-11,annual,premium,22.49,promo_offer,ios,35-44,no,,
3093,2025-08-22,annual,basic,9.74,organic,android,25-34,no,,
3094,2024-07-28,monthly,basic,12.99,organic,android,25-34,no,,
3095,2025-03-28,annual,basic,9.74,paid_social,web,18-24,no,,
3096,2025-08-08,annual,plus,14.99,referral,ios,35-44,no,,
3097,2024-10-02,annual,basic,9.74,partner,ios,18-24,yes,2025-07-31,technical_issues
3098,2024-09-25,annual,basic,9.74,paid_social,android,55+,yes,2025-08-07,technical_issues
3099,2024-11-25,annual,plus,14.99,organic,android,25-34,no,,
3100,2025-07-17,annual,premium,22.49,paid_social,ios,25-34,no,,
3101,2024-12-09,monthly,basic,12.99,promo_offer,ios,18-24,yes,2025-05-01,not_using_enough
3102,2024-12-19,monthly,basic,12.99,paid_social,web,18-24,yes,2025-06-08,too_expensive
3103,2024-11-25,monthly,basic,12.99,organic,android,45-54,yes,2025-10-10,found_alternative
3104,2024-07-20,monthly,plus,19.99,referral,android,35-44,yes,2025-03-05,not_using_enough
3105,2025-04-21,monthly,basic,12.99,promo_offer,android,35-44,yes,2025-11-28,
3106,2024-12-17,annual,basic,9.74,organic,ios,35-44,yes,2025-11-06,not_using_enough
3107,2025-07-11,monthly,plus,19.99,organic,web,35-44,no,,
3108,2025-03-11,monthly,basic,12.99,promo_offer,web,25-34,no,,
3109,2024-08-19,monthly,plus,19.99,referral,ios,25-34,yes,2025-07-12,
3110,2024-07-16,monthly,basic,12.99,organic,android,35-44,no,,
3111,2025-09-06,monthly,basic,12.99,organic,web,25-34,no,,
3112,2025-09-09,annual,basic,9.74,paid_social,ios,25-34,no,,
3113,2025-03-04,annual,basic,9.74,partner,android,55+,no,,
3114,2025-09-01,monthly,plus,19.99,paid_social,web,55+,no,,
3115,2025-04-30,annual,basic,9.74,paid_social,ios,18-24,no,,
3116,2025-06-30,annual,plus,14.99,promo_offer,ios,45-54,no,,
3117,2025-04-08,monthly,plus,19.99,promo_offer,android,35-44,no,,
3118,2025-07-17,annual,plus,14.99,promo_offer,ios,35-44,no,,
3119,2024-09-05,monthly,premium,29.99,organic,ios,35-44,no,,
3120,2025-04-06,annual,basic,9.74,partner,android,25-34,no,,
3121,2025-08-05,monthly,basic,12.99,paid_social,ios,25-34,no,,
3122,2025-05-10,annual,basic,9.74,referral,ios,45-54,yes,2025-11-27,
3123,2024-09-23,monthly,basic,12.99,referral,android,25-34,no,,
3124,2025-10-21,monthly,basic,12.99,promo_offer,ios,45-54,no,,
3125,2025-06-19,monthly,basic,12.99,referral,web,25-34,no,,
3126,2025-06-12,monthly,plus,19.99,organic,android,18-24,yes,2025-10-14,not_using_enough
3127,2024-10-21,annual,basic,9.74,organic,android,18-24,yes,2025-09-16,not_using_enough
3128,2025-06-02,monthly,basic,12.99,organic,web,35-44,yes,2025-11-24,not_using_enough
3129,2025-09-25,monthly,plus,19.99,referral,ios,35-44,no,,
3130,2025-07-27,monthly,basic,12.99,partner,android,18-24,no,,
3131,2025-05-31,monthly,plus,19.99,partner,ios,55+,no,,
3132,2025-10-14,monthly,basic,12.99,organic,ios,55+,no,,
3133,2024-10-27,monthly,plus,19.99,paid_social,ios,18-24,yes,2025-07-20,technical_issues
3134,2025-02-08,annual,basic,9.74,promo_offer,ios,25-34,yes,2025-06-30,not_using_enough
3135,2025-04-09,annual,premium,22.49,organic,ios,25-34,no,,
3136,2025-02-23,annual,basic,9.74,promo_offer,android,45-54,no,,
3137,2024-08-16,monthly,basic,12.99,partner,web,25-34,yes,2025-10-01,found_alternative
3138,2025-07-27,monthly,basic,12.99,promo_offer,ios,35-44,yes,2025-09-10,not_using_enough
3139,2025-01-16,annual,basic,9.74,organic,web,35-44,no,,
3140,2024-10-27,monthly,basic,12.99,organic,ios,18-24,yes,2024-11-17,too_expensive
3141,2025-06-30,monthly,plus,19.99,organic,web,45-54,no,,
3142,2025-04-18,annual,basic,9.74,paid_social,android,45-54,no,,
3143,2025-04-11,monthly,plus,19.99,partner,web,35-44,no,,
3144,2025-06-25,annual,plus,14.99,organic,android,55+,no,,
3145,2024-12-18,monthly,plus,19.99,promo_offer,web,25-34,yes,2025-06-01,found_alternative
3146,2025-06-09,monthly,premium,29.99,partner,android,45-54,no,,
3147,2025-09-10,monthly,premium,29.99,organic,android,25-34,yes,2025-10-04,not_using_enough
3148,2024-10-22,annual,premium,22.49,paid_social,android,55+,yes,2025-09-04,
3149,2025-07-19,annual,plus,14.99,referral,android,45-54,no,,
3150,2025-05-28,monthly,plus,19.99,referral,ios,25-34,no,,
3151,2025-01-22,monthly,basic,12.99,paid_social,ios,35-44,no,,
3152,2025-08-31,monthly,plus,19.99,organic,android,25-34,no,,
3153,2025-04-02,monthly,premium,29.99,referral,web,35-44,no,,
3154,2025-05-31,monthly,basic,12.99,paid_social,android,55+,yes,2025-06-08,too_expensive
3155,2024-08-07,annual,plus,14.99,partner,android,25-34,no,,
3156,2025-01-09,monthly,basic,12.99,organic,ios,45-54,yes,2025-04-14,other
3157,2024-07-13,monthly,plus,19.99,referral,ios,45-54,yes,2025-11-10,too_expensive
3158,2025-07-02,annual,plus,14.99,partner,ios,45-54,no,,
3159,2025-08-02,annual,basic,9.74,organic,ios,25-34,yes,2025-10-28,found_alternative
3160,2025-05-29,annual,basic,9.74,partner,ios,25-34,no,,
3161,2025-03-10,annual,plus,14.99,referral,ios,45-54,no,,
3162,2025-03-23,monthly,basic,12.99,organic,ios,45-54,no,,
3163,2025-09-02,annual,plus,14.99,organic,ios,55+,no,,
3164,2024-12-02,monthly,plus,19.99,paid_social,android,35-44,yes,2025-04-13,not_using_enough
3165,2025-01-16,annual,basic,9.74,organic,ios,45-54,yes,2025-12-28,found_alternative
3166,2025-01-13,monthly,basic,12.99,organic,ios,45-54,no,,
3167,2025-04-13,monthly,basic,12.99,paid_social,ios,18-24,yes,2025-10-14,too_expensive
3168,2025-02-06,annual,basic,9.74,organic,ios,18-24,no,,
3169,2025-09-23,monthly,plus,19.99,referral,android,25-34,no,,
3170,2025-04-25,monthly,Plus,19.99,organic,ios,35-44,no,,
3171,2025-03-13,monthly,basic,12.99,organic,android,25-34,yes,2025-04-29,technical_issues
3172,2025-02-13,monthly,plus,19.99,promo_offer,android,18-24,yes,2025-04-15,found_alternative
3173,2025-07-10,monthly,plus,19.99,referral,ios,25-34,no,,
3174,2024-10-14,monthly,basic,12.99,promo_offer,android,18-24,yes,2024-12-15,
3175,2025-02-09,monthly,plus,19.99,partner,android,18-24,no,,
3176,2024-12-04,monthly,plus,19.99,organic,android,25-34,yes,2024-12-16,
3177,2025-09-06,annual,Plus,14.99,paid_social,android,25-34,no,,
3178,2024-08-21,annual,basic,9.74,promo_offer,android,25-34,yes,2025-07-02,not_using_enough
3179,2025-08-30,monthly,plus,19.99,referral,ios,25-34,no,,
3180,2025-03-20,annual,plus,14.99,paid_social,ios,18-24,no,,
3181,2025-04-20,monthly,plus,19.99,organic,android,18-24,no,,
3182,2025-04-21,annual,basic,9.74,promo_offer,ios,25-34,no,,
3183,2025-09-26,annual,plus,14.99,organic,android,35-44,no,,
3184,2025-02-17,monthly,premium,29.99,paid_social,ios,25-34,yes,2025-04-21,not_using_enough
3185,2024-12-14,monthly,basic,12.99,organic,ios,35-44,yes,2025-01-28,
3186,2024-08-26,monthly,plus,19.99,promo_offer,android,25-34,yes,2024-12-23,technical_issues
3187,2024-12-29,annual,premium,22.49,promo_offer,android,35-44,yes,2025-11-12,too_expensive
3188,2025-10-28,annual,plus,14.99,paid_social,android,18-24,no,,
3189,2025-06-02,monthly,premium,29.99,paid_social,ios,55+,no,,
3190,2025-07-14,monthly,basic,12.99,paid_social,web,35-44,no,,
3191,2024-10-11,annual,premium,22.49,organic,android,35-44,yes,2025-09-17,found_alternative
3192,2024-10-25,monthly,premium,29.99,promo_offer,android,45-54,yes,2024-10-30,
3193,2024-11-15,monthly,basic,12.99,paid_social,android,25-34,yes,2024-11-22,found_alternative
3194,2025-04-29,annual,plus,14.99,organic,ios,25-34,no,,
3195,2025-10-12,monthly,plus,19.99,promo_offer,web,55+,no,,
3196,2025-01-10,monthly,basic,12.99,partner,android,25-34,yes,2025-01-24,not_using_enough
3197,2024-08-27,monthly,premium,29.99,promo_offer,android,35-44,yes,2025-03-26,technical_issues
3198,2025-07-07,monthly,basic,12.99,partner,web,35-44,no,,
3199,2025-01-12,monthly,basic,12.99,organic,android,25-34,yes,2025-07-02,too_expensive
3200,2025-10-23,monthly,basic,12.99,referral,ios,25-34,no,,
3201,2025-08-08,annual,basic,9.74,paid_social,ios,25-34,no,,
3202,2024-09-12,annual,plus,14.99,organic,ios,35-44,no,,
3203,2025-08-08,monthly,basic,12.99,promo_offer,android,18-24,no,,
3204,2024-09-08,annual,basic,9.74,paid_social,ios,25-34,yes,2025-08-08,not_using_enough
3205,2024-08-30,monthly,basic,12.99,partner,web,45-54,yes,2024-10-17,not_using_enough
3206,2025-06-23,annual,basic,9.74,paid_social,android,55+,no,,
3207,2025-09-13,annual,basic,9.74,promo_offer,web,25-34,no,,
3208,2024-07-14,monthly,basic,12.99,organic,ios,18-24,yes,2025-05-25,not_using_enough
3209,2024-11-26,monthly,basic,12.99,paid_social,ios,18-24,yes,2025-09-01,found_alternative
3210,2025-05-23,annual,premium,22.49,organic,ios,35-44,no,,
3211,2024-09-05,annual,basic,9.74,referral,web,55+,no,,
3212,2025-09-14,monthly,basic,12.99,paid_social,android,25-34,yes,2025-12-23,
3213,2025-10-16,annual,premium,22.49,promo_offer,android,45-54,no,,
3214,2024-08-31,monthly,plus,19.99,organic,web,25-34,yes,2025-11-22,
3215,2025-02-13,monthly,basic,12.99,partner,ios,35-44,no,,
3216,2025-08-05,monthly,basic,12.99,referral,android,45-54,no,,
3217,2024-10-23,monthly,basic,12.99,partner,ios,45-54,no,,
3218,2025-09-23,annual,basic,9.74,promo_offer,android,35-44,no,,
3219,2025-08-29,monthly,premium,29.99,organic,android,25-34,yes,2025-10-14,found_alternative
3220,2024-08-09,monthly,basic,12.99,paid_social,android,18-24,yes,2025-01-24,not_using_enough
3221,2025-06-29,monthly,plus,19.99,organic,ios,35-44,yes,2025-11-19,not_using_enough
3222,2024-08-03,monthly,plus,19.99,promo_offer,android,35-44,yes,2024-08-12,found_alternative
3223,2025-04-06,monthly,basic,12.99,organic,ios,18-24,no,,
3224,2025-05-14,monthly,plus,19.99,referral,ios,25-34,no,,
3225,2024-08-17,monthly,premium,29.99,organic,android,35-44,yes,2025-04-29,technical_issues
3226,2025-06-05,monthly,Plus,19.99,organic,android,35-44,yes,2025-07-15,not_using_enough
3227,2025-06-10,annual,basic,9.74,organic,android,35-44,no,,
3228,2025-05-30,monthly,basic,12.99,organic,web,55+,yes,2025-12-22,not_using_enough
3229,2024-09-02,monthly,premium,29.99,promo_offer,ios,25-34,yes,2025-06-30,
3230,2025-06-01,monthly,basic,12.99,referral,ios,35-44,no,,
3231,2025-05-03,monthly,premium,29.99,partner,android,18-24,no,,
3232,2024-10-28,monthly,basic,12.99,organic,ios,25-34,yes,2024-10-29,too_expensive
3233,2024-12-11,monthly,plus,19.99,partner,web,45-54,yes,2025-04-20,not_using_enough
3234,2025-03-13,annual,basic,9.74,promo_offer,android,35-44,no,,
3235,2025-04-11,annual,basic,9.74,promo_offer,android,25-34,no,,
3236,2025-06-10,monthly,plus,19.99,paid_social,web,55+,yes,2025-09-02,
3237,2025-08-10,monthly,basic,12.99,organic,ios,55+,no,,
3238,2025-07-19,annual,plus,14.99,referral,android,35-44,no,,
3239,2025-08-01,monthly,premium,29.99,partner,android,25-34,no,,
3240,2025-07-29,annual,plus,14.99,partner,web,25-34,no,,
3241,2024-12-29,monthly,basic,12.99,referral,android,35-44,no,,
3242,2025-05-30,monthly,basic,12.99,promo_offer,android,35-44,no,,
3243,2025-01-06,annual,basic,9.74,organic,ios,35-44,no,,
3244,2025-03-26,monthly,basic,12.99,organic,android,35-44,no,,
3245,2025-03-30,monthly,Basic,12.99,paid_social,ios,45-54,yes,2025-05-19,found_alternative
3246,2025-01-21,monthly,premium,29.99,organic,android,35-44,no,,
3247,2025-09-12,annual,basic,9.74,partner,ios,25-34,no,,
3248,2025-04-04,monthly,premium,29.99,organic,ios,18-24,no,,
3249,2025-02-15,annual,plus,14.99,referral,web,25-34,yes,2025-07-18,too_expensive
3250,2025-02-19,monthly,basic,12.99,partner,web,18-24,yes,2025-06-04,
3251,2025-04-18,annual,basic,9.74,referral,ios,25-34,no,,
3252,2025-01-21,annual,premium,22.49,referral,ios,45-54,no,,
3253,2025-07-05,annual,plus,14.99,promo_offer,ios,45-54,no,,
3254,2025-10-05,monthly,basic,12.99,partner,ios,35-44,yes,2025-10-17,not_using_enough
3255,2025-01-23,annual,basic,9.74,paid_social,ios,18-24,yes,2025-12-09,too_expensive
3256,2025-02-18,annual,basic,9.74,organic,android,25-34,no,,
3257,2025-06-28,monthly,plus,19.99,organic,ios,18-24,no,,
3258,2025-01-24,monthly,basic,12.99,partner,ios,18-24,yes,2025-03-06,too_expensive
3259,2025-02-15,annual,basic,9.74,promo_offer,ios,25-34,yes,2025-08-07,too_expensive
3260,2025-03-08,annual,basic,9.74,promo_offer,android,35-44,no,,
3261,2025-07-17,annual,basic,9.74,partner,android,25-34,yes,2025-10-02,
3262,2025-04-26,annual,premium,22.49,organic,android,45-54,no,,
3263,2024-11-21,annual,plus,14.99,organic,ios,25-34,no,,
3264,2025-09-18,monthly,basic,12.99,promo_offer,ios,45-54,yes,2025-10-25,technical_issues
3265,2025-06-25,monthly,basic,12.99,organic,ios,25-34,yes,2025-07-01,
3266,2024-11-13,monthly,plus,19.99,organic,web,18-24,yes,2025-10-24,too_expensive
3267,2024-10-05,annual,basic,9.74,organic,ios,18-24,no,,
3268,2025-04-19,annual,plus,14.99,organic,android,35-44,no,,
3269,2025-05-13,annual,basic,9.74,organic,ios,55+,no,,
3270,2025-05-22,monthly,premium,29.99,promo_offer,android,25-34,yes,2025-06-15,
3271,2024-09-05,monthly,basic,12.99,paid_social,ios,35-44,no,,
3272,2024-12-14,annual,plus,14.99,promo_offer,ios,35-44,no,,
3273,2025-04-10,monthly,basic,12.99,partner,ios,18-24,no,,
3274,2025-05-08,monthly,basic,12.99,promo_offer,android,25-34,no,,
3275,2024-10-15,monthly,basic,12.99,organic,android,25-34,no,,
3276,2025-06-15,monthly,basic,12.99,organic,android,25-34,no,,
3277,2024-08-26,monthly,plus,19.99,referral,android,35-44,no,,
3278,2025-04-15,monthly,plus,19.99,organic,ios,25-34,yes,2025-09-22,not_using_enough
3279,2025-10-25,annual,basic,9.74,referral,ios,25-34,no,,
3280,2025-10-02,monthly,Plus,19.99,promo_offer,ios,25-34,no,,
3281,2024-12-27,monthly,basic,12.99,organic,ios,35-44,yes,2025-01-26,not_using_enough
3282,2025-10-22,monthly,basic,12.99,paid_social,android,45-54,no,,
3283,2025-04-21,monthly,plus,19.99,organic,web,25-34,yes,2025-12-04,
3284,2024-11-28,monthly,Plus,19.99,organic,ios,45-54,no,,
3285,2024-11-19,monthly,basic,12.99,paid_social,ios,25-34,yes,2025-01-19,
3286,2025-08-17,monthly,basic,12.99,organic,android,25-34,no,,
3287,2024-11-10,monthly,basic,12.99,organic,ios,45-54,yes,2025-10-12,not_using_enough
3288,2025-09-19,monthly,premium,29.99,referral,web,35-44,no,,
3289,2025-10-26,monthly,basic,12.99,promo_offer,ios,45-54,yes,2025-12-02,not_using_enough
3290,2025-01-03,monthly,basic,12.99,paid_social,ios,25-34,no,,
3291,2024-10-31,annual,basic,9.74,promo_offer,android,25-34,yes,2025-01-29,too_expensive
3292,2025-10-08,monthly,plus,19.99,organic,ios,25-34,no,,
3293,2025-09-01,annual,basic,9.74,referral,web,25-34,no,,
3294,2025-02-13,monthly,plus,19.99,organic,ios,25-34,yes,2025-02-22,too_expensive
3295,2024-07-30,monthly,premium,29.99,paid_social,android,25-34,no,,
3296,2025-03-24,monthly,plus,19.99,organic,ios,25-34,no,,
3297,2025-03-16,monthly,basic,12.99,promo_offer,android,25-34,yes,2025-04-15,other
3298,2025-05-17,annual,plus,14.99,organic,web,25-34,no,,
3299,2025-10-22,monthly,basic,12.99,partner,android,35-44,no,,
3300,2024-08-26,monthly,premium,29.99,organic,ios,35-44,yes,2025-04-19,not_using_enough
3301,2025-02-01,monthly,plus,19.99,promo_offer,ios,45-54,no,,
3302,2025-10-12,monthly,plus,19.99,organic,ios,35-44,yes,2025-12-21,other
3303,2025-09-06,annual,plus,14.99,paid_social,ios,35-44,no,,
3304,2025-02-23,annual,premium,22.49,paid_social,android,35-44,no,,
3305,2025-01-18,monthly,plus,19.99,promo_offer,android,35-44,no,,
3306,2025-07-22,monthly,plus,19.99,organic,ios,55+,no,,
3307,2025-10-17,monthly,basic,12.99,referral,ios,25-34,yes,2025-11-16,technical_issues
3308,2025-08-16,annual,premium,22.49,paid_social,ios,25-34,no,,
3309,2025-05-08,monthly,premium,29.99,partner,android,18-24,yes,2025-08-18,
3310,2025-06-18,annual,premium,22.49,paid_social,ios,45-54,no,,
3311,2025-10-21,monthly,basic,12.99,promo_offer,ios,25-34,yes,2025-12-28,too_expensive
3312,2024-08-27,monthly,basic,12.99,paid_social,ios,25-34,no,,
3313,2024-12-29,monthly,basic,12.99,organic,ios,35-44,yes,2025-02-23,not_using_enough
3314,2025-07-28,annual,basic,9.74,paid_social,android,35-44,no,,
3315,2024-10-12,monthly,basic,12.99,organic,ios,35-44,yes,2024-11-22,
3316,2024-07-27,annual,premium,22.49,organic,android,45-54,no,,
3317,2025-07-03,annual,plus,14.99,paid_social,ios,25-34,no,,
3318,2025-05-30,monthly,plus,19.99,partner,android,55+,yes,2025-06-14,too_expensive
3319,2025-07-03,monthly,basic,12.99,promo_offer,android,35-44,yes,2025-08-24,too_expensive
3320,2024-12-31,monthly,basic,12.99,partner,ios,45-54,yes,2025-03-03,not_using_enough
3321,2025-05-04,annual,basic,9.74,paid_social,ios,25-34,no,,
3322,2024-10-17,monthly,basic,12.99,promo_offer,android,18-24,no,,
3323,2025-03-09,monthly,basic,12.99,referral,android,45-54,yes,2025-11-20,
3324,2024-10-27,annual,premium,22.49,promo_offer,android,45-54,yes,2025-09-16,technical_issues
3325,2024-09-23,monthly,basic,12.99,referral,android,35-44,yes,2024-11-21,not_using_enough
3326,2024-10-28,monthly,plus,19.99,organic,web,18-24,yes,2025-01-22,other
3327,2024-11-24,annual,plus,14.99,partner,web,45-54,yes,2025-05-10,found_alternative
3328,2025-07-15,annual,plus,14.99,organic,ios,55+,yes,2025-07-20,too_expensive
3329,2025-06-06,annual,premium,22.49,promo_offer,ios,35-44,no,,
3330,2024-11-16,annual,basic,9.74,paid_social,android,25-34,no,,
3331,2025-09-30,annual,plus,14.99,organic,ios,18-24,no,,
3332,2025-08-05,monthly,basic,12.99,organic,ios,25-34,yes,2025-11-22,not_using_enough
3333,2025-08-26,monthly,plus,19.99,organic,web,35-44,no,,
3334,2025-09-11,annual,plus,14.99,paid_social,ios,35-44,no,,
3335,2025-10-01,monthly,basic,12.99,promo_offer,android,25-34,no,,
3336,2025-04-07,annual,plus,14.99,paid_social,ios,35-44,no,,
3337,2025-02-14,monthly,plus,19.99,organic,android,55+,no,,
3338,2025-09-13,monthly,basic,12.99,promo_offer,ios,25-34,no,,
3339,2025-02-10,annual,basic,9.74,referral,android,55+,no,,
3340,2025-08-16,monthly,plus,19.99,organic,ios,45-54,yes,2025-09-09,not_using_enough
3341,2024-09-09,monthly,premium,29.99,promo_offer,ios,35-44,yes,2024-09-13,too_expensive
3342,2024-07-29,monthly,basic,12.99,organic,ios,35-44,no,,
3343,2024-09-08,monthly,plus,19.99,partner,android,35-44,yes,2025-09-22,not_using_enough
3344,2025-02-23,monthly,basic,12.99,organic,ios,18-24,yes,2025-03-01,
3345,2025-05-03,annual,basic,9.74,referral,android,25-34,no,,
3346,2024-11-04,annual,basic,9.74,organic,ios,35-44,yes,2025-10-25,other
3347,2025-02-15,monthly,basic,12.99,organic,ios,18-24,yes,2025-11-25,
3348,2025-08-20,monthly,basic,12.99,referral,android,55+,no,,
3349,2025-06-07,monthly,premium,29.99,organic,android,25-34,yes,2025-07-02,not_using_enough
3350,2025-06-29,annual,basic,9.74,organic,ios,25-34,no,,
3351,2025-03-12,annual,basic,9.74,promo_offer,ios,35-44,no,,
3352,2025-02-25,monthly,basic,12.99,organic,ios,35-44,no,,
3353,2024-11-26,annual,plus,14.99,referral,ios,25-34,yes,2025-10-15,not_using_enough
3354,2024-10-27,monthly,plus,19.99,partner,web,25-34,yes,2025-12-02,technical_issues
3355,2025-06-15,annual,basic,9.74,promo_offer,web,25-34,no,,
3356,2024-10-28,annual,basic,9.74,paid_social,android,25-34,yes,2025-06-04,
3357,2025-06-19,monthly,basic,12.99,referral,android,35-44,no,,
3358,2025-06-21,annual,basic,9.74,partner,android,55+,no,,
3359,2025-02-22,monthly,premium,29.99,organic,android,55+,yes,2025-03-16,technical_issues
3360,2025-10-02,monthly,plus,19.99,paid_social,android,25-34,yes,2025-11-18,other
3361,2025-03-29,monthly,basic,12.99,promo_offer,android,25-34,no,,
3362,2025-07-15,annual,plus,14.99,paid_social,android,35-44,no,,
3363,2025-10-04,annual,basic,9.74,paid_social,web,55+,no,,
3364,2025-04-20,monthly,premium,29.99,partner,ios,45-54,yes,2025-06-24,not_using_enough
3365,2025-03-06,annual,basic,9.74,referral,ios,18-24,no,,
3366,2024-10-20,annual,plus,14.99,promo_offer,ios,55+,no,,
3367,2025-03-09,monthly,basic,12.99,partner,ios,35-44,no,,
3368,2025-05-26,monthly,basic,12.99,promo_offer,ios,45-54,no,,
3369,2024-08-07,monthly,plus,19.99,promo_offer,web,35-44,yes,2024-11-06,
3370,2024-10-01,annual,plus,14.99,paid_social,android,35-44,yes,2025-08-29,too_expensive
3371,2025-01-21,monthly,Basic,12.99,organic,ios,35-44,no,,
3372,2025-08-18,monthly,plus,19.99,organic,web,35-44,yes,2025-10-03,not_using_enough
3373,2024-10-02,monthly,basic,12.99,organic,ios,55+,yes,2025-03-08,found_alternative
3374,2025-08-05,monthly,basic,12.99,referral,ios,18-24,no,,
3375,2025-01-11,annual,plus,14.99,promo_offer,android,25-34,yes,2025-12-20,not_using_enough
3376,2024-09-16,annual,premium,22.49,organic,android,25-34,no,,
3377,2025-02-21,monthly,Plus,19.99,referral,android,18-24,no,,
3378,2024-07-29,monthly,premium,29.99,paid_social,ios,18-24,yes,2024-11-24,found_alternative
3379,2024-09-18,monthly,basic,12.99,paid_social,web,45-54,yes,2024-09-28,too_expensive
3380,2025-08-04,annual,premium,22.49,organic,ios,35-44,no,,
3381,2025-09-01,monthly,basic,12.99,paid_social,web,45-54,no,,
3382,2024-09-13,monthly,plus,19.99,organic,android,18-24,yes,2024-11-03,not_using_enough
3383,2025-07-29,annual,basic,9.74,organic,ios,18-24,no,,
3384,2025-01-21,monthly,plus,19.99,promo_offer,ios,25-34,no,,
3385,2025-10-10,annual,basic,9.74,paid_social,ios,25-34,no,,
3386,2024-10-06,annual,plus,14.99,partner,ios,18-24,yes,2025-09-10,not_using_enough
3387,2025-04-14,monthly,basic,12.99,paid_social,ios,18-24,yes,2025-04-19,
3388,2025-05-26,annual,premium,22.49,paid_social,ios,25-34,yes,2025-08-21,not_using_enough
3389,2024-11-07,annual,basic,9.74,promo_offer,ios,55+,yes,2025-10-30,too_expensive
3390,2025-04-18,monthly,basic,12.99,promo_offer,ios,25-34,no,,
3391,2024-09-04,monthly,basic,12.99,paid_social,android,18-24,yes,2025-01-20,not_using_enough
3392,2024-09-01,annual,plus,14.99,promo_offer,android,55+,yes,2025-08-06,too_expensive
3393,2025-09-20,monthly,basic,12.99,partner,android,18-24,no,,
3394,2025-06-29,monthly,basic,12.99,promo_offer,android,25-34,no,,
3395,2025-02-03,annual,plus,14.99,organic,web,45-54,no,,
3396,2025-07-13,monthly,basic,12.99,paid_social,ios,25-34,yes,2025-09-09,technical_issues
3397,2024-10-16,annual,plus,14.99,promo_offer,android,25-34,yes,2025-09-19,not_using_enough
3398,2025-03-18,annual,plus,14.99,paid_social,ios,18-24,no,,
3399,2025-02-27,monthly,basic,12.99,organic,android,25-34,yes,2025-06-07,not_using_enough
3400,2024-07-29,monthly,plus,19.99,promo_offer,web,55+,yes,2025-02-06,
3401,2024-12-01,annual,plus,14.99,organic,android,25-34,yes,2025-11-19,technical_issues
3402,2025-08-13,monthly,basic,12.99,paid_social,ios,18-24,no,,
3403,2024-12-29,monthly,basic,12.99,referral,android,35-44,no,,
3404,2025-06-07,annual,basic,9.74,organic,web,25-34,no,,
3405,2024-12-23,annual,plus,14.99,partner,ios,25-34,no,,
3406,2025-03-20,monthly,basic,12.99,paid_social,ios,18-24,yes,2025-04-21,
3407,2025-01-06,monthly,basic,12.99,paid_social,ios,35-44,yes,2025-05-04,
3408,2025-09-15,monthly,premium,29.99,promo_offer,ios,45-54,yes,2025-11-02,not_using_enough
3409,2025-07-10,monthly,plus,19.99,promo_offer,android,25-34,yes,2025-11-09,
3410,2024-11-15,annual,basic,9.74,referral,web,35-44,yes,2025-10-17,too_expensive
3411,2024-11-29,annual,basic,9.74,referral,android,35-44,no,,
3412,2025-03-17,monthly,basic,12.99,paid_social,ios,25-34,yes,2025-12-06,not_using_enough
3413,2025-09-16,monthly,basic,12.99,promo_offer,web,25-34,no,,
3414,2025-04-08,monthly,premium,29.99,organic,web,25-34,no,,
3415,2025-04-16,monthly,basic,12.99,promo_offer,ios,35-44,yes,2025-07-25,too_expensive
3416,2024-12-08,monthly,basic,12.99,promo_offer,android,25-34,yes,2025-02-13,not_using_enough
3417,2024-12-17,annual,basic,9.74,paid_social,ios,25-34,no,,
3418,2025-01-19,monthly,plus,19.99,paid_social,android,45-54,yes,2025-07-18,
3419,2024-07-11,monthly,basic,12.99,promo_offer,android,35-44,yes,2024-10-15,found_alternative
3420,2024-08-14,annual,plus,14.99,referral,ios,35-44,yes,2025-07-03,other
3421,2025-02-24,monthly,plus,19.99,promo_offer,ios,25-34,no,,
3422,2024-07-06,monthly,plus,19.99,organic,ios,35-44,yes,2025-12-19,found_alternative
3423,2024-07-21,annual,basic,9.74,organic,web,35-44,no,,
3424,2024-12-01,annual,basic,9.74,promo_offer,ios,18-24,no,,
3425,2025-06-10,monthly,plus,19.99,promo_offer,ios,45-54,no,,
3426,2025-03-08,monthly,plus,19.99,referral,android,35-44,no,,
3427,2025-05-01,monthly,premium,29.99,organic,ios,25-34,no,,
3428,2025-01-05,monthly,plus,19.99,referral,android,18-24,no,,
3429,2025-06-28,annual,basic,9.74,promo_offer,web,25-34,no,,
3430,2024-09-16,monthly,basic,12.99,promo_offer,ios,25-34,no,,
3431,2024-10-05,monthly,plus,19.99,partner,ios,35-44,yes,2025-08-20,
3432,2024-12-06,annual,plus,14.99,promo_offer,web,18-24,yes,2025-11-25,too_expensive
3433,2025-01-02,annual,basic,9.74,paid_social,android,35-44,yes,2025-04-11,not_using_enough
3434,2024-08-11,monthly,basic,12.99,promo_offer,ios,25-34,no,,
3435,2024-07-02,annual,basic,9.74,paid_social,ios,35-44,yes,2025-05-03,
3436,2025-10-17,monthly,premium,29.99,paid_social,web,25-34,no,,
3437,2025-05-30,monthly,premium,29.99,paid_social,android,25-34,yes,2025-07-13,not_using_enough
3438,2024-11-06,annual,basic,9.74,promo_offer,android,25-34,yes,2025-10-19,
3439,2025-02-22,monthly,premium,29.99,promo_offer,android,35-44,yes,2025-05-14,
3440,2024-08-09,monthly,basic,12.99,paid_social,ios,45-54,yes,2025-04-15,too_expensive
3441,2024-10-08,monthly,basic,12.99,paid_social,ios,18-24,yes,2025-08-07,technical_issues
3442,2025-10-26,monthly,plus,19.99,promo_offer,web,35-44,no,,
3443,2024-07-28,annual,basic,9.74,promo_offer,ios,55+,yes,2025-02-01,technical_issues
3444,2024-10-13,monthly,plus,19.99,promo_offer,ios,25-34,yes,2024-12-29,not_using_enough
3445,2025-08-16,monthly,plus,19.99,paid_social,web,25-34,no,,
3446,2025-05-21,annual,Basic,9.74,organic,ios,25-34,no,,
3447,2024-07-15,monthly,basic,12.99,referral,web,25-34,yes,2025-03-05,found_alternative
3448,2024-12-25,annual,basic,9.74,organic,ios,35-44,yes,2025-11-07,
3449,2025-02-27,monthly,basic,12.99,paid_social,ios,55+,no,,
3450,2025-02-10,monthly,plus,19.99,promo_offer,ios,25-34,yes,2025-05-16,other
3451,2024-07-20,monthly,plus,19.99,organic,ios,25-34,no,,
3452,2025-09-27,annual,basic,9.74,partner,web,55+,no,,
3453,2024-11-10,monthly,plus,19.99,promo_offer,web,25-34,yes,2025-01-15,too_expensive
3454,2025-07-19,monthly,basic,12.99,organic,web,35-44,no,,
3455,2025-10-28,monthly,basic,12.99,organic,ios,18-24,no,,
3456,2025-05-17,monthly,plus,19.99,organic,web,25-34,no,,
3457,2025-01-31,annual,basic,9.74,paid_social,android,25-34,no,,
3458,2025-02-04,monthly,basic,12.99,paid_social,ios,55+,no,,
3459,2025-05-10,annual,premium,22.49,referral,android,25-34,no,,
3460,2025-09-13,annual,basic,9.74,paid_social,web,55+,no,,
3461,2025-02-15,annual,plus,14.99,organic,ios,25-34,no,,
3462,2024-12-08,monthly,basic,12.99,promo_offer,ios,18-24,yes,2025-03-18,not_using_enough
3463,2024-07-12,monthly,plus,19.99,partner,android,45-54,yes,2024-11-27,found_alternative
3464,2024-12-16,annual,basic,9.74,promo_offer,android,45-54,no,,
3465,2025-05-02,monthly,basic,12.99,organic,ios,35-44,no,,
3466,2025-06-02,annual,plus,14.99,promo_offer,web,25-34,no,,
3467,2025-08-18,monthly,plus,19.99,promo_offer,web,45-54,no,,
3468,2024-07-03,annual,basic,9.74,organic,web,18-24,yes,2025-11-24,technical_issues
3469,2024-11-06,monthly,basic,12.99,organic,android,55+,yes,2025-05-13,too_expensive
3470,2024-11-17,monthly,plus,19.99,promo_offer,web,18-24,yes,2025-01-30,not_using_enough
3471,2025-09-24,monthly,basic,12.99,referral,ios,35-44,no,,
3472,2025-05-16,monthly,basic,12.99,organic,android,45-54,yes,2025-05-20,not_using_enough
3473,2025-01-01,monthly,basic,12.99,partner,android,18-24,no,,
3474,2025-06-25,monthly,plus,19.99,paid_social,android,18-24,yes,2025-09-04,other
3475,2024-08-06,monthly,basic,12.99,partner,android,35-44,yes,2024-09-12,not_using_enough
3476,2024-12-22,monthly,basic,12.99,organic,web,18-24,no,,
3477,2025-05-14,annual,premium,22.49,partner,ios,35-44,no,,
3478,2025-01-24,annual,premium,22.49,organic,ios,35-44,yes,2025-12-13,not_using_enough
3479,2025-10-15,annual,basic,9.74,organic,android,18-24,no,,
3480,2025-10-14,monthly,basic,12.99,paid_social,android,45-54,no,,
3481,2024-10-01,monthly,basic,12.99,promo_offer,ios,25-34,yes,2025-01-29,technical_issues
3482,2025-02-21,monthly,plus,19.99,promo_offer,ios,18-24,yes,2025-11-15,technical_issues
3483,2025-02-17,annual,premium,22.49,referral,ios,55+,no,,
3484,2025-05-10,monthly,basic,12.99,paid_social,ios,25-34,no,,
3485,2025-01-05,annual,basic,9.74,paid_social,ios,35-44,yes,2025-12-25,
3486,2025-01-04,monthly,basic,12.99,organic,android,35-44,yes,2025-02-26,not_using_enough
3487,2025-10-30,monthly,premium,29.99,promo_offer,android,25-34,no,,
3488,2025-02-19,monthly,basic,12.99,promo_offer,android,18-24,no,,
3489,2025-07-07,annual,plus,14.99,organic,ios,18-24,no,,
3490,2024-12-31,annual,premium,22.49,paid_social,android,45-54,yes,2025-11-14,not_using_enough
3491,2024-10-25,monthly,premium,29.99,referral,ios,25-34,yes,2025-02-15,
3492,2024-12-30,monthly,plus,19.99,promo_offer,ios,25-34,no,,
3493,2024-09-28,annual,premium,22.49,partner,ios,18-24,yes,2025-08-19,found_alternative
3494,2025-01-31,monthly,plus,19.99,organic,ios,18-24,yes,2025-05-08,technical_issues
3495,2025-08-28,annual,premium,22.49,promo_offer,ios,25-34,no,,
3496,2025-01-17,monthly,plus,19.99,partner,android,25-34,no,,
3497,2025-08-16,monthly,basic,12.99,referral,ios,25-34,no,,
3498,2025-04-03,monthly,Premium,29.99,organic,ios,35-44,no,,
3499,2024-09-21,monthly,basic,12.99,paid_social,android,25-34,yes,2025-03-26,too_expensive
3500,2024-08-12,annual,Basic,9.74,partner,ios,18-24,yes,2025-07-06,technical_issues
3501,2024-12-26,monthly,Plus,19.99,organic,web,18-24,no,,
3502,2025-03-05,monthly,plus,19.99,organic,web,45-54,no,,
3503,2025-05-04,monthly,plus,19.99,referral,android,25-34,no,,
3504,2024-12-18,monthly,premium,29.99,paid_social,ios,25-34,yes,2025-02-11,not_using_enough
3505,2024-11-12,monthly,plus,19.99,promo_offer,web,45-54,yes,2025-12-09,too_expensive
3506,2025-08-23,annual,premium,22.49,paid_social,ios,25-34,no,,
3507,2024-07-19,monthly,basic,12.99,partner,ios,35-44,no,,
3508,2025-08-19,monthly,plus,19.99,partner,android,45-54,yes,2025-09-22,
3509,2025-07-14,annual,basic,9.74,paid_social,android,25-34,no,,
3510,2024-07-26,monthly,premium,29.99,organic,ios,25-34,yes,2024-11-20,too_expensive
3511,2025-05-06,monthly,plus,19.99,paid_social,ios,35-44,no,,
3512,2024-07-10,monthly,plus,19.99,organic,web,25-34,no,,
3513,2025-03-24,monthly,plus,19.99,referral,ios,55+,no,,
3514,2025-03-14,monthly,premium,29.99,promo_offer,android,18-24,yes,2025-06-05,too_expensive
3515,2024-08-10,monthly,plus,19.99,paid_social,ios,25-34,no,,
3516,2024-09-04,monthly,basic,12.99,paid_social,android,25-34,yes,2025-01-05,found_alternative
3517,2025-05-05,monthly,basic,12.99,promo_offer,ios,25-34,yes,2025-12-18,
3518,2025-07-26,annual,basic,9.74,paid_social,ios,35-44,no,,
3519,2025-06-27,monthly,premium,29.99,partner,android,35-44,no,,
3520,2025-01-30,annual,basic,9.74,promo_offer,web,45-54,no,,
3521,2025-10-28,monthly,basic,12.99,paid_social,web,35-44,no,,
3522,2025-05-03,annual,basic,9.74,paid_social,ios,45-54,no,,
3523,2025-03-08,annual,premium,22.49,paid_social,android,35-44,no,,
3524,2025-02-27,annual,plus,14.99,promo_offer,android,25-34,yes,2025-09-01,technical_issues
3525,2024-08-08,annual,basic,9.74,paid_social,android,35-44,no,,
3526,2025-08-10,monthly,plus,19.99,organic,ios,25-34,no,,
3527,2025-06-15,monthly,basic,12.99,paid_social,android,25-34,no,,
3528,2025-08-31,monthly,basic,12.99,referral,android,35-44,no,,
3529,2024-10-21,monthly,premium,29.99,paid_social,android,25-34,yes,2025-03-13,technical_issues
3530,2024-08-02,monthly,basic,12.99,partner,ios,45-54,yes,2025-02-04,not_using_enough
3531,2025-09-12,annual,basic,9.74,referral,ios,18-24,no,,
3532,2024-12-19,monthly,basic,12.99,promo_offer,ios,45-54,yes,2025-01-21,technical_issues
3533,2025-07-28,monthly,basic,12.99,paid_social,ios,18-24,yes,2025-08-25,not_using_enough
3534,2024-07-10,annual,basic,9.74,promo_offer,ios,25-34,no,,
3535,2024-10-17,monthly,plus,19.99,promo_offer,android,25-34,yes,2024-12-08,too_expensive
3536,2025-03-27,monthly,plus,19.99,paid_social,ios,25-34,yes,2025-04-03,not_using_enough
3537,2025-02-17,monthly,premium,29.99,paid_social,android,35-44,no,,
3538,2025-07-17,monthly,premium,29.99,organic,ios,25-34,yes,2025-10-10,not_using_enough
3539,2025-05-18,annual,basic,9.74,paid_social,ios,25-34,no,,
3540,2025-09-16,monthly,basic,12.99,referral,ios,25-34,no,,
3541,2024-11-03,monthly,basic,12.99,organic,android,35-44,no,,
3542,2024-10-17,annual,plus,14.99,organic,ios,35-44,no,,
3543,2025-06-15,monthly,premium,29.99,referral,web,25-34,yes,2025-06-20,not_using_enough
3544,2025-04-15,monthly,basic,12.99,paid_social,ios,35-44,no,,
3545,2025-03-25,annual,premium,22.49,organic,ios,25-34,no,,
3546,2025-10-22,annual,basic,9.74,promo_offer,ios,35-44,no,,
3547,2025-03-30,monthly,plus,19.99,referral,ios,18-24,no,,
3548,2025-04-23,annual,plus,14.99,paid_social,android,25-34,yes,2025-12-05,not_using_enough
3549,2025-05-16,annual,basic,9.74,referral,ios,35-44,no,,
3550,2025-05-14,monthly,plus,19.99,paid_social,android,25-34,no,,
3551,2025-05-29,annual,plus,14.99,organic,web,55+,no,,
3552,2024-12-23,annual,premium,22.49,organic,android,45-54,yes,2025-11-09,not_using_enough
3553,2025-08-13,annual,plus,14.99,partner,android,55+,no,,
3554,2025-08-29,annual,plus,14.99,promo_offer,web,45-54,no,,
3555,2025-01-22,monthly,premium,29.99,organic,ios,45-54,yes,2025-07-21,
3556,2025-05-18,annual,basic,9.74,organic,ios,18-24,no,,
3557,2025-07-04,monthly,premium,29.99,paid_social,android,25-34,yes,2025-10-21,not_using_enough
3558,2025-09-07,annual,premium,22.49,promo_offer,ios,18-24,no,,
3559,2024-12-26,monthly,basic,12.99,referral,web,25-34,yes,2025-08-24,
3560,2025-03-09,monthly,plus,19.99,promo_offer,android,35-44,yes,2025-12-02,not_using_enough
3561,2025-07-17,monthly,premium,29.99,organic,web,25-34,no,,
3562,2024-11-23,monthly,plus,19.99,partner,ios,45-54,no,,
3563,2024-10-22,annual,basic,9.74,paid_social,ios,45-54,no,,
3564,2025-03-19,annual,plus,14.99,promo_offer,ios,35-44,no,,
3565,2025-07-15,annual,plus,14.99,paid_social,android,25-34,no,,
3566,2024-07-19,annual,plus,14.99,partner,ios,35-44,yes,2025-01-07,other
3567,2025-02-28,monthly,premium,29.99,organic,ios,45-54,no,,
3568,2025-06-16,annual,premium,22.49,organic,android,25-34,no,,
3569,2025-01-30,monthly,basic,12.99,promo_offer,ios,25-34,yes,2025-02-05,too_expensive
3570,2025-07-25,annual,basic,9.74,partner,android,45-54,no,,
3571,2025-06-11,monthly,plus,19.99,paid_social,android,45-54,no,,
3572,2024-12-28,annual,premium,22.49,partner,android,25-34,yes,2025-11-23,found_alternative
3573,2024-10-10,annual,plus,14.99,organic,android,35-44,yes,2025-09-24,
3574,2025-04-02,annual,plus,14.99,promo_offer,android,35-44,no,,
3575,2025-09-23,annual,premium,22.49,paid_social,android,25-34,no,,
3576,2025-03-14,monthly,plus,19.99,organic,android,25-34,yes,2025-05-16,not_using_enough
3577,2025-03-03,annual,basic,9.74,organic,android,18-24,no,,
3578,2025-08-31,monthly,premium,29.99,paid_social,web,18-24,no,,
3579,2024-09-02,annual,basic,9.74,organic,ios,25-34,no,,
3580,2024-09-30,annual,basic,9.74,organic,android,25-34,no,,
3581,2025-04-28,annual,plus,14.99,promo_offer,android,45-54,no,,
3582,2024-10-17,monthly,plus,19.99,referral,android,35-44,no,,
3583,2025-03-19,annual,basic,9.74,organic,ios,25-34,no,,
3584,2025-07-10,annual,basic,9.74,paid_social,ios,55+,no,,
3585,2025-09-04,monthly,basic,12.99,paid_social,ios,55+,no,,
3586,2025-07-07,monthly,premium,29.99,organic,android,35-44,yes,2025-11-10,not_using_enough
3587,2024-10-18,monthly,basic,12.99,promo_offer,android,25-34,no,,
3588,2024-12-08,monthly,plus,19.99,organic,android,25-34,yes,2025-01-12,not_using_enough
3589,2024-08-06,monthly,basic,12.99,paid_social,web,18-24,yes,2024-12-03,technical_issues
3590,2024-11-17,monthly,basic,12.99,organic,android,55+,yes,2024-12-25,
3591,2024-07-19,monthly,basic,12.99,promo_offer,ios,25-34,yes,2024-09-10,found_alternative
3592,2024-08-19,annual,premium,22.49,organic,ios,18-24,no,,
3593,2024-11-30,monthly,premium,29.99,paid_social,android,35-44,yes,2024-12-14,
3594,2024-12-14,monthly,basic,12.99,organic,ios,55+,no,,
3595,2025-04-24,monthly,premium,29.99,referral,android,55+,yes,2025-07-04,
3596,2025-07-30,annual,basic,9.74,organic,web,25-34,no,,
3597,2025-02-10,monthly,basic,12.99,partner,web,45-54,yes,2025-07-12,
3598,2024-08-31,monthly,premium,29.99,promo_offer,web,35-44,yes,2024-11-25,not_using_enough
3599,2025-03-12,annual,plus,14.99,organic,web,35-44,yes,2025-12-13,
3600,2025-06-29,monthly,basic,12.99,organic,ios,25-34,no,,
3601,2025-10-01,annual,plus,14.99,organic,ios,25-34,no,,
3602,2024-12-16,monthly,plus,19.99,paid_social,web,25-34,no,,
3603,2025-02-01,monthly,premium,29.99,promo_offer,ios,55+,yes,2025-04-06,
3604,2025-02-08,annual,premium,22.49,paid_social,web,18-24,no,,
3605,2024-11-06,monthly,plus,19.99,promo_offer,ios,45-54,yes,2025-01-21,not_using_enough
3606,2025-05-03,monthly,plus,19.99,paid_social,ios,18-24,no,,
3607,2025-03-30,monthly,premium,29.99,partner,ios,55+,no,,
3608,2024-08-06,monthly,Basic,12.99,referral,ios,25-34,no,,
3609,2025-09-09,annual,basic,9.74,organic,android,35-44,no,,
3610,2025-09-14,monthly,plus,19.99,paid_social,ios,25-34,no,,
3611,2024-12-05,annual,plus,14.99,promo_offer,ios,25-34,yes,2025-11-07,not_using_enough
3612,2024-07-19,annual,basic,9.74,organic,ios,18-24,no,,
3613,2025-06-02,monthly,basic,12.99,organic,ios,55+,no,,
3614,2025-09-29,annual,plus,14.99,organic,ios,45-54,no,,
3615,2025-02-25,monthly,basic,12.99,paid_social,web,25-34,yes,2025-10-14,other
3616,2025-04-16,monthly,plus,19.99,organic,web,45-54,yes,2025-05-18,too_expensive
3617,2025-09-15,monthly,plus,19.99,organic,android,18-24,no,,
3618,2025-09-26,monthly,basic,12.99,referral,ios,45-54,no,,
3619,2025-10-25,annual,plus,14.99,organic,android,25-34,no,,
3620,2024-11-11,monthly,basic,12.99,paid_social,android,45-54,yes,2025-04-09,other
3621,2025-10-10,monthly,basic,12.99,promo_offer,android,55+,yes,2025-12-28,not_using_enough
3622,2025-06-23,monthly,plus,19.99,referral,android,45-54,no,,
3623,2025-05-17,annual,plus,14.99,promo_offer,ios,35-44,no,,
3624,2024-12-11,monthly,basic,12.99,promo_offer,android,45-54,yes,2025-03-21,too_expensive
3625,2025-09-06,monthly,basic,12.99,organic,ios,35-44,no,,
3626,2024-09-30,annual,basic,9.74,partner,ios,55+,yes,2025-08-03,not_using_enough
3627,2025-04-20,monthly,basic,12.99,referral,ios,25-34,yes,2025-06-01,not_using_enough
3628,2024-10-22,annual,basic,9.74,promo_offer,android,55+,yes,2025-09-02,not_using_enough
3629,2025-03-19,annual,premium,22.49,organic,android,18-24,no,,
3630,2024-09-26,monthly,plus,19.99,promo_offer,ios,25-34,no,,
3631,2024-11-09,annual,premium,22.49,promo_offer,android,25-34,no,,
3632,2025-03-23,annual,premium,22.49,promo_offer,ios,55+,no,,
3633,2024-09-11,annual,premium,22.49,paid_social,ios,35-44,no,,
3634,2024-11-16,monthly,premium,29.99,organic,android,35-44,yes,2025-02-08,other
3635,2024-11-10,monthly,basic,12.99,paid_social,android,35-44,yes,2024-12-14,found_alternative
3636,2025-10-08,annual,plus,14.99,organic,ios,25-34,no,,
3637,2025-09-10,monthly,basic,12.99,promo_offer,ios,25-34,yes,2025-10-09,not_using_enough
3638,2025-06-03,annual,plus,14.99,promo_offer,android,18-24,no,,
3639,2025-09-20,monthly,Basic,12.99,organic,web,55+,no,,
3640,2025-08-02,monthly,Plus,19.99,paid_social,ios,55+,no,,
3641,2025-03-08,annual,basic,9.74,referral,android,45-54,no,,
3642,2024-10-09,monthly,basic,12.99,paid_social,web,25-34,yes,2025-01-30,not_using_enough
3643,2024-12-22,monthly,plus,19.99,referral,ios,35-44,yes,2025-09-18,not_using_enough
3644,2025-01-02,monthly,plus,19.99,paid_social,android,55+,yes,2025-05-27,
3645,2024-09-18,annual,basic,9.74,promo_offer,ios,25-34,yes,2025-08-17,too_expensive
3646,2025-02-21,monthly,premium,29.99,paid_social,android,18-24,yes,2025-06-08,
3647,2025-08-20,annual,basic,9.74,paid_social,android,35-44,no,,
3648,2024-12-06,annual,basic,9.74,referral,ios,18-24,yes,2025-11-19,
3649,2025-10-02,annual,plus,14.99,promo_offer,android,25-34,no,,
3650,2025-05-20,monthly,plus,19.99,promo_offer,android,25-34,no,,
3651,2025-08-27,monthly,plus,19.99,promo_offer,ios,25-34,yes,2025-10-01,too_expensive
3652,2024-10-05,monthly,basic,12.99,organic,ios,35-44,no,,
3653,2025-09-18,monthly,basic,12.99,referral,android,25-34,yes,2025-11-27,found_alternative
3654,2024-12-06,monthly,plus,19.99,promo_offer,android,45-54,no,,
3655,2024-11-21,monthly,plus,19.99,organic,android,25-34,no,,
3656,2024-10-16,monthly,Plus,19.99,organic,android,18-24,no,,
3657,2025-10-04,annual,basic,9.74,promo_offer,ios,25-34,no,,
3658,2024-08-15,monthly,basic,12.99,paid_social,ios,25-34,no,,
3659,2024-11-25,monthly,basic,12.99,referral,web,25-34,no,,
3660,2024-12-09,annual,plus,14.99,promo_offer,ios,55+,yes,2025-11-18,too_expensive
3661,2025-05-15,monthly,plus,19.99,promo_offer,ios,45-54,no,,
3662,2025-08-28,monthly,plus,19.99,referral,android,25-34,no,,
3663,2024-08-18,annual,basic,9.74,partner,web,55+,no,,
3664,2025-04-30,monthly,plus,19.99,promo_offer,ios,18-24,no,,
3665,2025-02-22,monthly,premium,29.99,organic,ios,25-34,no,,
3666,2025-06-02,monthly,plus,19.99,referral,ios,35-44,no,,
3667,2025-10-09,annual,plus,14.99,promo_offer,android,45-54,no,,
3668,2024-09-22,annual,basic,9.74,organic,ios,35-44,no,,
3669,2025-10-03,monthly,basic,12.99,organic,android,35-44,no,,
3670,2025-05-07,monthly,basic,12.99,paid_social,ios,25-34,no,,
3671,2025-07-24,annual,basic,9.74,partner,web,18-24,no,,
3672,2024-10-07,monthly,Plus,19.99,paid_social,web,18-24,yes,2025-09-17,found_alternative
3673,2024-07-28,monthly,premium,29.99,organic,web,35-44,yes,2025-03-20,found_alternative
3674,2024-09-30,monthly,basic,12.99,organic,ios,18-24,no,,
3675,2025-04-25,monthly,premium,29.99,paid_social,ios,55+,no,,
3676,2024-12-09,annual,basic,9.74,partner,android,18-24,yes,2025-11-25,found_alternative
3677,2025-08-14,monthly,plus,19.99,organic,android,25-34,no,,
3678,2025-01-03,monthly,basic,12.99,organic,android,18-24,no,,
3679,2024-11-08,monthly,basic,12.99,promo_offer,ios,25-34,no,,
3680,2024-09-20,monthly,basic,12.99,organic,ios,25-34,yes,2024-10-05,other
3681,2025-04-08,monthly,premium,29.99,paid_social,ios,35-44,no,,
3682,2024-08-28,monthly,basic,12.99,promo_offer,ios,35-44,yes,2024-09-26,
3683,2025-07-07,monthly,basic,12.99,promo_offer,android,18-24,no,,
3684,2024-10-26,annual,basic,9.74,promo_offer,android,35-44,yes,2025-09-13,not_using_enough
3685,2024-12-21,annual,Plus,14.99,paid_social,android,45-54,yes,2025-11-12,
3686,2025-06-12,monthly,plus,19.99,paid_social,android,35-44,no,,
3687,2024-10-06,monthly,plus,19.99,paid_social,ios,45-54,yes,2025-01-26,not_using_enough
3688,2025-02-23,annual,plus,14.99,referral,ios,35-44,no,,
3689,2025-04-09,monthly,premium,29.99,organic,ios,18-24,no,,
3690,2025-09-21,annual,plus,14.99,partner,ios,25-34,no,,
3691,2025-01-22,monthly,basic,12.99,organic,android,35-44,yes,2025-10-14,other
3692,2025-10-27,annual,basic,9.74,referral,ios,55+,no,,
3693,2025-02-05,monthly,basic,12.99,promo_offer,web,18-24,yes,2025-11-15,too_expensive
3694,2025-03-11,monthly,premium,29.99,partner,android,25-34,no,,
3695,2024-12-15,annual,premium,22.49,partner,ios,25-34,yes,2025-11-17,not_using_enough
3696,2025-08-05,annual,premium,22.49,organic,android,35-44,no,,
3697,2025-07-11,monthly,basic,12.99,paid_social,android,18-24,yes,2025-11-20,not_using_enough
3698,2025-03-08,monthly,plus,19.99,organic,ios,35-44,no,,
3699,2024-11-05,monthly,premium,29.99,partner,ios,18-24,no,,
3700,2025-02-25,monthly,premium,29.99,paid_social,android,25-34,no,,
3701,2025-05-29,monthly,basic,12.99,partner,android,25-34,yes,2025-06-04,
3702,2025-01-03,monthly,basic,12.99,organic,ios,18-24,yes,2025-06-28,
3703,2025-09-13,annual,basic,9.74,partner,ios,25-34,no,,
3704,2025-03-30,monthly,plus,19.99,organic,web,45-54,yes,2025-05-31,
3705,2024-11-20,annual,basic,9.74,promo_offer,web,45-54,no,,
3706,2025-08-20,monthly,basic,12.99,organic,android,25-34,no,,
3707,2025-09-25,annual,basic,9.74,partner,android,35-44,no,,
3708,2025-06-11,monthly,basic,12.99,organic,ios,25-34,no,,
3709,2024-12-15,annual,plus,14.99,referral,web,55+,yes,2025-11-30,not_using_enough
3710,2025-01-06,annual,premium,22.49,paid_social,android,25-34,yes,2025-12-10,not_using_enough
3711,2025-09-06,monthly,basic,12.99,promo_offer,android,35-44,no,,
3712,2024-12-28,annual,plus,14.99,promo_offer,web,35-44,no,,
3713,2025-02-07,monthly,basic,12.99,promo_offer,web,25-34,yes,2025-04-02,not_using_enough
3714,2025-07-18,monthly,premium,29.99,organic,android,45-54,yes,2025-09-21,not_using_enough
3715,2025-06-09,monthly,plus,19.99,organic,android,35-44,no,,
3716,2025-05-28,annual,plus,14.99,organic,android,35-44,no,,
3717,2025-01-01,annual,plus,14.99,organic,ios,35-44,no,,
3718,2025-10-27,annual,plus,14.99,referral,android,35-44,no,,
3719,2025-04-27,monthly,basic,12.99,promo_offer,ios,25-34,no,,
3720,2024-11-27,annual,basic,9.74,partner,web,35-44,yes,2025-05-20,other
3721,2025-09-08,monthly,basic,12.99,promo_offer,android,35-44,yes,2025-11-01,not_using_enough
3722,2025-01-08,monthly,plus,19.99,partner,ios,18-24,no,,
3723,2025-02-07,annual,basic,9.74,organic,web,18-24,no,,
3724,2024-11-12,annual,plus,14.99,organic,web,18-24,yes,2025-10-02,not_using_enough
3725,2025-04-28,annual,plus,14.99,promo_offer,ios,18-24,no,,
3726,2025-05-07,annual,basic,9.74,referral,web,45-54,no,,
3727,2024-12-12,annual,basic,9.74,organic,ios,25-34,no,,
3728,2024-12-30,monthly,basic,12.99,organic,ios,35-44,no,,
3729,2025-09-02,annual,basic,9.74,organic,web,55+,no,,
3730,2024-10-04,monthly,basic,12.99,partner,ios,35-44,yes,2024-12-19,too_expensive
3731,2025-10-08,annual,premium,22.49,organic,ios,25-34,no,,
3732,2024-07-17,monthly,basic,12.99,organic,ios,35-44,yes,2024-09-24,
3733,2024-12-23,annual,premium,22.49,organic,web,35-44,no,,
3734,2025-05-16,annual,basic,9.74,organic,android,35-44,no,,
3735,2024-07-02,monthly,basic,12.99,promo_offer,android,18-24,yes,2024-07-06,not_using_enough
3736,2024-12-27,annual,basic,9.74,partner,ios,25-34,yes,2025-11-21,found_alternative
3737,2025-10-09,annual,basic,9.74,promo_offer,web,18-24,no,,
3738,2024-11-13,annual,plus,14.99,organic,web,18-24,yes,2025-09-27,too_expensive
3739,2025-03-18,annual,plus,14.99,organic,ios,55+,no,,
3740,2025-03-19,monthly,plus,19.99,referral,ios,18-24,no,,
3741,2024-09-11,monthly,basic,12.99,referral,android,25-34,no,,
3742,2025-04-15,monthly,basic,12.99,partner,ios,18-24,no,,
3743,2025-05-20,monthly,basic,12.99,partner,ios,35-44,yes,2025-09-08,technical_issues
3744,2025-03-03,annual,basic,9.74,paid_social,web,35-44,yes,2025-12-04,other
3745,2025-03-24,monthly,basic,12.99,partner,android,45-54,yes,2025-07-21,other
3746,2024-10-11,annual,plus,14.99,organic,android,25-34,yes,2025-09-07,
3747,2024-11-02,annual,plus,14.99,promo_offer,ios,25-34,no,,
3748,2025-01-02,monthly,basic,12.99,promo_offer,ios,45-54,yes,2025-03-01,
3749,2024-09-13,monthly,plus,19.99,organic,ios,18-24,yes,2025-01-08,not_using_enough
3750,2025-06-21,monthly,plus,19.99,paid_social,web,35-44,yes,2025-07-01,not_using_enough
3751,2024-12-31,monthly,premium,29.99,promo_offer,android,18-24,yes,2025-02-18,
3752,2025-03-20,monthly,premium,29.99,paid_social,ios,25-34,no,,
3753,2025-07-12,annual,plus,14.99,paid_social,ios,35-44,no,,
3754,2025-09-25,annual,basic,9.74,organic,android,35-44,no,,
3755,2025-10-23,annual,premium,22.49,promo_offer,ios,35-44,no,,
3756,2025-02-01,monthly,premium,29.99,paid_social,ios,35-44,yes,2025-08-20,not_using_enough
3757,2025-01-28,monthly,plus,19.99,organic,android,45-54,yes,2025-05-29,not_using_enough
3758,2025-04-21,annual,basic,9.74,organic,ios,55+,no,,
3759,2024-12-30,annual,Basic,9.74,organic,ios,25-34,no,,
3760,2025-07-18,monthly,plus,19.99,organic,web,18-24,no,,
3761,2024-07-08,annual,basic,9.74,promo_offer,ios,25-34,no,,
3762,2025-01-24,monthly,plus,19.99,organic,ios,25-34,no,,
3763,2025-10-30,monthly,plus,19.99,referral,ios,45-54,no,,
3764,2025-10-21,annual,basic,9.74,paid_social,ios,25-34,no,,
3765,2024-08-10,monthly,premium,29.99,organic,web,25-34,yes,2024-12-15,not_using_enough
3766,2025-03-10,monthly,basic,12.99,partner,android,25-34,yes,2025-11-14,not_using_enough
3767,2025-03-03,monthly,basic,12.99,organic,android,25-34,yes,2025-11-30,not_using_enough
3768,2025-10-02,annual,basic,9.74,organic,ios,25-34,no,,
3769,2025-10-14,annual,plus,14.99,promo_offer,ios,25-34,no,,
3770,2025-09-05,annual,plus,14.99,organic,web,25-34,no,,
3771,2025-06-25,monthly,Plus,19.99,promo_offer,android,25-34,yes,2025-08-17,too_expensive
3772,2025-08-08,monthly,plus,19.99,paid_social,android,25-34,no,,
3773,2025-06-10,monthly,basic,12.99,partner,web,25-34,yes,2025-11-29,not_using_enough
3774,2025-04-04,monthly,premium,29.99,organic,ios,25-34,yes,2025-05-19,not_using_enough
3775,2025-02-06,monthly,basic,12.99,referral,web,25-34,yes,2025-12-10,not_using_enough
3776,2025-09-19,monthly,plus,19.99,promo_offer,ios,25-34,no,,
3777,2024-09-23,monthly,basic,12.99,referral,ios,25-34,no,,
3778,2025-07-15,monthly,plus,19.99,organic,android,35-44,no,,
3779,2025-02-03,monthly,basic,12.99,partner,android,25-34,no,,
3780,2025-10-22,annual,basic,9.74,partner,ios,35-44,no,,
3781,2024-11-04,monthly,basic,12.99,promo_offer,android,18-24,yes,2024-11-29,
3782,2025-05-25,monthly,basic,12.99,partner,android,18-24,yes,2025-06-01,
3783,2025-09-23,monthly,Premium,29.99,paid_social,android,45-54,yes,2025-10-08,not_using_enough
3784,2025-06-07,monthly,basic,12.99,organic,ios,18-24,no,,
3785,2025-07-12,annual,basic,9.74,referral,ios,18-24,no,,
3786,2024-12-06,monthly,premium,29.99,paid_social,ios,35-44,yes,2025-08-19,not_using_enough
3787,2025-08-04,annual,premium,22.49,organic,android,25-34,yes,2025-08-05,other
3788,2025-10-18,annual,basic,9.74,referral,ios,35-44,no,,
3789,2025-09-06,monthly,premium,29.99,promo_offer,android,25-34,no,,
3790,2025-05-18,annual,basic,9.74,promo_offer,android,18-24,no,,
3791,2024-08-30,annual,basic,9.74,paid_social,ios,35-44,no,,
3792,2025-07-03,monthly,plus,19.99,organic,ios,18-24,yes,2025-09-07,not_using_enough
3793,2025-08-03,annual,basic,9.74,organic,web,25-34,no,,
3794,2025-05-22,monthly,plus,19.99,organic,android,18-24,yes,2025-11-17,found_alternative
3795,2025-09-24,annual,premium,22.49,organic,web,55+,no,,
3796,2025-09-05,annual,basic,9.74,paid_social,ios,18-24,no,,
3797,2024-08-13,monthly,plus,19.99,partner,ios,35-44,yes,2025-11-07,
3798,2024-09-22,monthly,Premium,29.99,promo_offer,ios,35-44,yes,2025-06-15,not_using_enough
3799,2024-07-27,monthly,premium,29.99,paid_social,android,45-54,yes,2025-12-23,technical_issues
3800,2024-11-10,monthly,premium,29.99,organic,android,25-34,no,,
3801,2025-02-10,monthly,plus,19.99,organic,android,45-54,no,,
3802,2025-09-26,annual,plus,14.99,paid_social,ios,18-24,no,,
3803,2024-10-18,annual,plus,14.99,paid_social,ios,45-54,no,,
3804,2025-03-15,monthly,basic,12.99,promo_offer,ios,25-34,no,,
3805,2024-08-04,monthly,basic,12.99,promo_offer,ios,35-44,yes,2025-02-14,not_using_enough
3806,2025-03-28,annual,basic,9.74,paid_social,ios,55+,no,,
3807,2025-08-27,monthly,basic,12.99,organic,android,35-44,no,,
3808,2025-04-09,monthly,plus,19.99,partner,android,35-44,yes,2025-06-16,
3809,2025-08-18,annual,basic,9.74,paid_social,ios,45-54,no,,
3810,2025-04-22,monthly,plus,19.99,referral,android,55+,no,,
3811,2024-12-21,monthly,premium,29.99,partner,android,35-44,yes,2025-03-09,
3812,2024-07-09,monthly,plus,19.99,organic,web,25-34,no,,
3813,2024-09-29,monthly,basic,12.99,paid_social,ios,35-44,no,,
3814,2025-10-11,monthly,plus,19.99,organic,web,25-34,yes,2025-11-13,other
3815,2025-09-01,annual,basic,9.74,organic,ios,18-24,no,,
3816,2024-12-21,monthly,basic,12.99,organic,web,35-44,no,,
3817,2025-02-22,monthly,basic,12.99,promo_offer,android,35-44,yes,2025-03-13,not_using_enough
3818,2025-10-19,annual,plus,14.99,paid_social,ios,35-44,no,,
3819,2024-07-05,annual,basic,9.74,organic,web,25-34,no,,
3820,2024-11-01,annual,basic,9.74,promo_offer,ios,18-24,no,,
3821,2025-10-07,annual,premium,22.49,paid_social,ios,25-34,no,,
3822,2025-09-08,annual,premium,22.49,referral,android,35-44,no,,
3823,2025-08-02,monthly,plus,19.99,paid_social,android,45-54,no,,
3824,2024-09-05,monthly,basic,12.99,organic,android,25-34,yes,2025-06-19,found_alternative
3825,2025-07-21,annual,premium,22.49,promo_offer,web,45-54,no,,
3826,2025-10-04,annual,basic,9.74,organic,ios,25-34,no,,
3827,2025-03-23,annual,plus,14.99,paid_social,web,55+,no,,
3828,2025-04-18,monthly,basic,12.99,promo_offer,android,18-24,yes,2025-05-16,
3829,2025-09-09,annual,basic,9.74,paid_social,android,25-34,no,,
3830,2024-07-07,monthly,basic,12.99,organic,android,45-54,yes,2024-07-18,not_using_enough
3831,2025-07-06,annual,basic,9.74,partner,ios,35-44,no,,
3832,2025-06-19,monthly,basic,12.99,partner,android,45-54,yes,2025-08-03,other
3833,2025-03-30,monthly,plus,19.99,paid_social,android,25-34,no,,
3834,2025-02-23,annual,premium,22.49,organic,ios,55+,yes,2025-06-29,
3835,2025-07-15,annual,plus,14.99,promo_offer,android,25-34,no,,
3836,2025-07-11,annual,plus,14.99,partner,ios,35-44,no,,
3837,2025-10-17,monthly,plus,19.99,organic,web,25-34,no,,
3838,2025-05-08,monthly,plus,19.99,paid_social,android,18-24,no,,
3839,2025-10-19,annual,premium,22.49,referral,ios,35-44,no,,
3840,2025-09-21,annual,premium,22.49,referral,ios,18-24,no,,
3841,2025-01-21,annual,plus,14.99,organic,android,45-54,yes,2025-11-27,technical_issues
3842,2025-05-24,monthly,basic,12.99,promo_offer,web,18-24,no,,
3843,2024-08-30,annual,plus,14.99,organic,ios,45-54,no,,
3844,2025-06-03,monthly,basic,12.99,promo_offer,android,45-54,no,,
3845,2025-03-22,monthly,plus,19.99,promo_offer,ios,35-44,no,,
3846,2025-05-22,monthly,basic,12.99,paid_social,ios,35-44,no,,
3847,2025-01-28,monthly,plus,19.99,promo_offer,web,35-44,no,,
3848,2025-09-24,annual,plus,14.99,promo_offer,android,25-34,no,,
3849,2025-09-09,monthly,basic,12.99,promo_offer,ios,18-24,no,,
3850,2025-06-25,monthly,premium,29.99,paid_social,web,25-34,yes,2025-08-01,
3851,2025-03-13,annual,plus,14.99,organic,android,45-54,no,,
3852,2025-07-10,monthly,premium,29.99,organic,web,35-44,yes,2025-08-01,not_using_enough
3853,2024-08-19,monthly,basic,12.99,promo_offer,android,35-44,yes,2024-09-03,
3854,2025-04-01,monthly,premium,29.99,partner,android,55+,yes,2025-12-20,other
3855,2025-07-11,monthly,basic,12.99,organic,android,25-34,no,,
3856,2024-11-27,monthly,basic,12.99,promo_offer,android,18-24,yes,2025-04-10,too_expensive
3857,2025-08-10,annual,basic,9.74,paid_social,ios,35-44,no,,
3858,2024-07-08,monthly,plus,19.99,organic,ios,55+,yes,2025-06-24,
3859,2025-10-04,monthly,basic,12.99,paid_social,android,18-24,no,,
3860,2025-02-19,monthly,plus,19.99,promo_offer,ios,55+,yes,2025-02-19,not_using_enough
3861,2025-06-22,monthly,premium,29.99,paid_social,android,25-34,yes,2025-10-16,
3862,2025-09-03,monthly,premium,29.99,paid_social,ios,35-44,no,,
3863,2025-10-16,monthly,premium,29.99,organic,android,18-24,no,,
3864,2025-06-20,monthly,basic,12.99,organic,ios,25-34,no,,
3865,2024-10-06,monthly,plus,19.99,promo_offer,ios,18-24,yes,2025-01-10,too_expensive
3866,2025-07-09,monthly,basic,12.99,paid_social,web,55+,no,,
3867,2024-10-29,monthly,plus,19.99,paid_social,ios,45-54,yes,2025-02-09,
3868,2025-05-14,annual,plus,14.99,organic,android,35-44,no,,
3869,2024-11-22,monthly,basic,12.99,paid_social,android,45-54,no,,
3870,2025-05-21,annual,plus,14.99,organic,web,25-34,no,,
3871,2024-08-07,monthly,basic,12.99,organic,android,25-34,yes,2024-09-05,found_alternative
3872,2025-08-13,monthly,basic,12.99,organic,ios,25-34,no,,
3873,2025-05-10,monthly,plus,19.99,promo_offer,ios,25-34,no,,
3874,2025-05-31,annual,plus,14.99,referral,android,25-34,no,,
3875,2025-06-18,monthly,plus,19.99,paid_social,web,35-44,no,,
3876,2025-08-23,monthly,plus,19.99,paid_social,ios,18-24,no,,
3877,2025-01-13,monthly,premium,29.99,paid_social,ios,35-44,no,,
3878,2024-12-30,annual,basic,9.74,partner,android,35-44,yes,2025-11-03,
3879,2025-01-12,monthly,premium,29.99,organic,ios,25-34,yes,2025-12-29,
3880,2024-10-17,monthly,premium,29.99,promo_offer,ios,35-44,yes,2025-01-15,too_expensive
3881,2025-05-12,annual,premium,22.49,promo_offer,web,55+,no,,
3882,2025-07-05,annual,plus,14.99,promo_offer,ios,25-34,no,,
3883,2025-02-07,monthly,plus,19.99,partner,android,35-44,no,,
3884,2025-03-28,monthly,premium,29.99,paid_social,ios,18-24,yes,2025-04-11,other
3885,2024-11-15,monthly,plus,19.99,organic,android,18-24,yes,2025-09-12,other
3886,2025-10-18,monthly,premium,29.99,organic,ios,25-34,no,,
3887,2025-03-01,monthly,basic,12.99,organic,android,25-34,yes,2025-07-19,not_using_enough
3888,2025-10-05,monthly,premium,29.99,referral,ios,45-54,no,,
3889,2025-08-26,monthly,basic,12.99,partner,android,55+,no,,
3890,2025-06-25,monthly,basic,12.99,promo_offer,ios,25-34,yes,2025-07-19,too_expensive
3891,2024-10-07,annual,premium,22.49,referral,android,35-44,yes,2025-09-28,not_using_enough
3892,2025-08-19,monthly,plus,19.99,organic,ios,35-44,yes,2025-09-09,
3893,2025-02-25,monthly,basic,12.99,paid_social,android,25-34,no,,
3894,2025-05-29,monthly,plus,19.99,paid_social,android,45-54,no,,
3895,2025-02-11,monthly,basic,12.99,promo_offer,android,55+,no,,
3896,2025-01-03,monthly,premium,29.99,promo_offer,ios,25-34,no,,
3897,2025-02-27,annual,basic,9.74,paid_social,ios,45-54,no,,
3898,2025-01-16,annual,plus,14.99,organic,ios,25-34,no,,
3899,2025-02-06,monthly,basic,12.99,organic,ios,35-44,yes,2025-04-21,not_using_enough
3900,2024-10-27,annual,basic,9.74,paid_social,web,18-24,no,,
3901,2025-03-19,monthly,premium,29.99,organic,ios,25-34,no,,
3902,2025-07-31,monthly,basic,12.99,partner,ios,18-24,yes,2025-08-09,too_expensive
3903,2025-09-28,monthly,premium,29.99,organic,android,25-34,yes,2025-11-12,other
3904,2025-09-25,annual,basic,9.74,organic,ios,55+,no,,
3905,2025-09-24,monthly,plus,19.99,organic,ios,25-34,no,,
3906,2025-05-18,monthly,basic,12.99,organic,android,25-34,yes,2025-10-18,technical_issues
3907,2025-06-09,monthly,plus,19.99,paid_social,android,45-54,no,,
3908,2024-12-07,monthly,premium,29.99,promo_offer,ios,18-24,yes,2025-03-30,not_using_enough
3909,2025-10-06,monthly,premium,29.99,referral,android,55+,yes,2025-11-26,too_expensive
3910,2025-07-08,annual,premium,22.49,referral,ios,35-44,no,,
3911,2025-04-17,monthly,basic,12.99,organic,android,55+,no,,
3912,2025-05-16,monthly,basic,12.99,referral,ios,25-34,no,,
3913,2025-08-23,monthly,basic,12.99,organic,ios,25-34,no,,
3914,2024-10-04,annual,plus,14.99,organic,ios,35-44,no,,
3915,2025-07-10,monthly,plus,19.99,promo_offer,android,45-54,yes,2025-08-21,not_using_enough
3916,2024-07-15,annual,premium,22.49,referral,web,25-34,yes,2025-06-22,
3917,2025-03-07,monthly,basic,12.99,paid_social,android,35-44,no,,
3918,2025-06-21,monthly,basic,12.99,paid_social,android,45-54,no,,
3919,2025-06-12,annual,basic,9.74,promo_offer,ios,18-24,no,,
3920,2025-10-11,monthly,basic,12.99,promo_offer,ios,25-34,no,,
3921,2025-02-28,monthly,Basic,12.99,organic,ios,45-54,no,,
3922,2025-04-21,annual,basic,9.74,organic,ios,55+,no,,
3923,2025-03-26,monthly,Plus,19.99,paid_social,ios,25-34,no,,
3924,2024-09-27,annual,basic,9.74,organic,android,18-24,no,,
3925,2024-11-28,monthly,premium,29.99,paid_social,android,35-44,yes,2025-07-29,technical_issues
3926,2025-06-26,monthly,plus,19.99,paid_social,ios,18-24,yes,2025-09-19,
3927,2025-08-23,annual,basic,9.74,paid_social,ios,25-34,no,,
3928,2025-06-19,monthly,premium,29.99,paid_social,android,45-54,yes,2025-06-20,
3929,2024-07-20,monthly,basic,12.99,promo_offer,ios,35-44,yes,2025-05-22,too_expensive
3930,2024-09-20,annual,basic,9.74,partner,web,45-54,yes,2025-08-16,found_alternative
3931,2025-06-18,annual,basic,9.74,partner,android,18-24,no,,
3932,2024-10-23,annual,basic,9.74,partner,ios,25-34,yes,2025-09-30,technical_issues
3933,2025-07-10,annual,basic,9.74,promo_offer,ios,45-54,no,,
3934,2024-07-08,monthly,basic,12.99,paid_social,web,35-44,yes,2025-10-10,
3935,2024-07-02,annual,plus,14.99,organic,web,45-54,no,,
3936,2024-08-22,monthly,basic,12.99,paid_social,web,25-34,yes,2025-01-25,found_alternative
3937,2024-07-17,annual,basic,9.74,promo_offer,web,25-34,yes,2025-06-13,too_expensive
3938,2025-07-31,annual,premium,22.49,paid_social,web,25-34,no,,
3939,2025-07-19,monthly,basic,12.99,organic,android,55+,no,,
3940,2025-04-22,annual,basic,9.74,partner,web,35-44,no,,
3941,2025-06-10,monthly,plus,19.99,promo_offer,android,25-34,yes,2025-10-13,
3942,2025-06-21,monthly,plus,19.99,organic,ios,35-44,no,,
3943,2025-09-25,annual,premium,22.49,organic,android,25-34,no,,
3944,2025-03-23,annual,basic,9.74,paid_social,android,55+,no,,
3945,2025-05-11,annual,basic,9.74,paid_social,ios,18-24,no,,
3946,2024-07-23,monthly,plus,19.99,organic,ios,25-34,no,,
3947,2025-09-05,monthly,premium,29.99,referral,ios,25-34,no,,
3948,2025-02-16,annual,basic,9.74,organic,ios,35-44,no,,
3949,2025-06-20,monthly,basic,12.99,partner,ios,35-44,yes,2025-09-22,too_expensive
3950,2025-02-27,annual,premium,22.49,paid_social,android,45-54,no,,
3951,2025-09-26,annual,plus,14.99,organic,web,18-24,no,,
3952,2025-03-23,annual,premium,22.49,promo_offer,android,18-24,no,,
3953,2025-09-19,monthly,basic,12.99,promo_offer,web,35-44,no,,
3954,2024-07-10,annual,premium,22.49,organic,web,35-44,no,,
3955,2025-05-10,monthly,basic,12.99,paid_social,ios,18-24,no,,
3956,2025-10-22,annual,basic,9.74,partner,android,18-24,no,,
3957,2025-06-07,monthly,basic,12.99,paid_social,android,55+,no,,
3958,2025-10-06,monthly,plus,19.99,promo_offer,android,55+,no,,
3959,2025-01-13,monthly,basic,12.99,paid_social,android,18-24,no,,
3960,2025-06-11,annual,basic,9.74,referral,android,45-54,yes,2025-10-05,not_using_enough
3961,2025-01-12,monthly,basic,12.99,organic,web,25-34,no,,
3962,2025-07-27,monthly,basic,12.99,paid_social,ios,55+,no,,
3963,2025-08-10,monthly,basic,12.99,paid_social,ios,35-44,yes,2025-12-15,found_alternative
3964,2025-05-24,monthly,basic,12.99,partner,web,55+,yes,2025-06-02,
3965,2025-05-31,monthly,plus,19.99,organic,web,45-54,no,,
3966,2025-03-14,annual,premium,22.49,paid_social,ios,25-34,no,,
3967,2024-12-23,monthly,premium,29.99,organic,android,35-44,yes,2025-05-29,too_expensive
3968,2024-07-15,monthly,plus,19.99,promo_offer,android,55+,yes,2025-01-25,too_expensive
3969,2024-10-02,annual,premium,22.49,referral,android,35-44,no,,
3970,2024-12-03,annual,Premium,22.49,paid_social,ios,25-34,no,,
3971,2025-01-12,monthly,basic,12.99,organic,ios,35-44,no,,
3972,2025-07-11,monthly,premium,29.99,paid_social,ios,35-44,yes,2025-07-23,not_using_enough
3973,2024-10-12,annual,plus,14.99,referral,android,25-34,yes,2025-09-10,not_using_enough
3974,2024-10-18,monthly,basic,12.99,organic,ios,18-24,yes,2024-10-21,not_using_enough
3975,2025-10-16,monthly,plus,19.99,paid_social,web,55+,no,,
3976,2024-08-31,annual,premium,22.49,organic,web,25-34,no,,
3977,2025-02-01,monthly,plus,19.99,referral,web,25-34,no,,
3978,2024-09-29,monthly,basic,12.99,organic,web,25-34,no,,
3979,2025-07-18,annual,premium,22.49,referral,android,35-44,no,,
3980,2024-08-11,annual,basic,9.74,organic,ios,45-54,yes,2024-12-18,not_using_enough
3981,2025-06-10,monthly,plus,19.99,paid_social,ios,25-34,no,,
3982,2025-04-01,monthly,plus,19.99,paid_social,android,35-44,yes,2025-08-10,too_expensive
3983,2025-08-30,monthly,basic,12.99,promo_offer,android,25-34,no,,
3984,2024-11-04,monthly,plus,19.99,partner,ios,35-44,yes,2025-09-13,not_using_enough
3985,2025-09-24,monthly,plus,19.99,paid_social,ios,45-54,no,,
3986,2025-09-06,monthly,basic,12.99,organic,ios,45-54,no,,
3987,2024-11-12,monthly,premium,29.99,referral,ios,18-24,yes,2025-11-26,not_using_enough
3988,2025-10-17,annual,basic,9.74,paid_social,android,35-44,no,,
3989,2025-03-09,monthly,basic,12.99,promo_offer,web,45-54,no,,
3990,2024-11-29,monthly,premium,29.99,paid_social,web,45-54,yes,2025-10-09,
3991,2025-08-21,monthly,plus,19.99,referral,ios,35-44,no,,
3992,2025-04-21,monthly,plus,19.99,organic,ios,25-34,yes,2025-10-23,
3993,2024-11-07,monthly,premium,29.99,promo_offer,android,35-44,yes,2025-03-15,
3994,2025-07-29,monthly,basic,12.99,partner,android,25-34,no,,
3995,2024-09-19,annual,basic,9.74,organic,web,35-44,yes,2025-08-26,not_using_enough
3996,2025-05-31,monthly,basic,12.99,organic,ios,18-24,no,,
3997,2025-02-17,annual,premium,22.49,organic,web,35-44,no,,
3998,2025-09-21,monthly,plus,19.99,organic,android,18-24,yes,2025-11-27,found_alternative
3999,2024-09-21,annual,plus,14.99,promo_offer,ios,18-24,yes,2024-10-22,not_using_enough
4000,2024-12-18,annual,premium,22.49,paid_social,ios,35-44,yes,2025-01-16,too_expensive
4001,2025-04-12,annual,plus,14.99,referral,android,25-34,no,,
4002,2025-05-19,monthly,plus,19.99,organic,android,35-44,yes,2025-08-20,not_using_enough
4003,2025-08-05,monthly,basic,12.99,referral,ios,25-34,no,,
4004,2025-04-17,monthly,basic,12.99,promo_offer,android,45-54,yes,2025-04-26,not_using_enough
4005,2024-07-29,monthly,basic,12.99,partner,ios,18-24,yes,2025-10-28,too_expensive
4006,2025-10-05,annual,plus,14.99,referral,ios,25-34,no,,
4007,2025-04-15,annual,basic,9.74,partner,android,35-44,no,,
4008,2025-09-12,monthly,plus,19.99,organic,android,25-34,no,,
4009,2025-03-17,annual,plus,14.99,referral,android,45-54,no,,
4010,2025-01-05,monthly,basic,12.99,referral,web,25-34,no,,
4011,2025-08-20,monthly,basic,12.99,organic,ios,55+,yes,2025-11-21,other
4012,2024-09-26,monthly,basic,12.99,organic,ios,55+,yes,2024-10-29,other
4013,2024-11-25,monthly,plus,19.99,paid_social,ios,35-44,yes,2025-05-18,too_expensive
4014,2025-04-25,monthly,plus,19.99,referral,ios,55+,no,,
4015,2024-09-20,annual,basic,9.74,promo_offer,android,45-54,yes,2025-08-09,
4016,2024-07-15,monthly,basic,12.99,paid_social,android,25-34,yes,2024-10-15,
4017,2025-09-30,monthly,basic,12.99,promo_offer,android,55+,no,,
4018,2025-06-15,monthly,basic,12.99,promo_offer,android,25-34,yes,2025-06-17,not_using_enough
4019,2025-03-22,annual,basic,9.74,paid_social,web,18-24,no,,
4020,2025-06-29,annual,basic,9.74,partner,web,45-54,no,,
4021,2024-12-04,annual,premium,22.49,promo_offer,android,18-24,yes,2025-05-09,too_expensive
4022,2025-02-15,monthly,basic,12.99,paid_social,ios,18-24,no,,
4023,2025-10-21,monthly,basic,12.99,paid_social,android,55+,no,,
4024,2024-11-06,monthly,premium,29.99,paid_social,android,25-34,yes,2024-11-25,too_expensive
4025,2025-10-29,monthly,basic,12.99,promo_offer,web,25-34,yes,2025-12-20,too_expensive
4026,2025-04-17,monthly,basic,12.99,paid_social,android,25-34,yes,2025-07-14,other
4027,2025-04-19,annual,basic,9.74,referral,ios,25-34,yes,2025-07-10,not_using_enough
4028,2024-10-09,monthly,basic,12.99,referral,web,25-34,yes,2025-05-23,other
4029,2025-02-05,annual,basic,9.74,referral,android,25-34,no,,
4030,2024-11-05,monthly,basic,12.99,organic,web,25-34,yes,2025-10-25,technical_issues
4031,2025-06-28,annual,plus,14.99,promo_offer,ios,25-34,no,,
4032,2025-03-28,monthly,plus,19.99,promo_offer,android,35-44,yes,2025-11-09,other
4033,2024-11-07,monthly,plus,19.99,paid_social,android,25-34,yes,2025-02-10,
4034,2025-09-16,monthly,plus,19.99,organic,web,25-34,no,,
4035,2025-07-24,monthly,plus,19.99,promo_offer,ios,35-44,yes,2025-09-22,too_expensive
4036,2025-05-28,monthly,basic,12.99,partner,web,45-54,yes,2025-12-11,too_expensive
4037,2025-05-10,monthly,basic,12.99,referral,android,18-24,no,,
4038,2025-09-01,monthly,plus,19.99,organic,ios,35-44,no,,
4039,2025-03-30,annual,plus,14.99,promo_offer,ios,55+,no,,
4040,2024-09-29,monthly,plus,19.99,organic,android,25-34,no,,
4041,2025-02-01,monthly,plus,19.99,promo_offer,ios,25-34,no,,
4042,2025-02-09,monthly,premium,29.99,promo_offer,ios,45-54,yes,2025-02-20,found_alternative
4043,2024-10-21,annual,basic,9.74,promo_offer,ios,25-34,yes,2025-09-27,not_using_enough
4044,2025-01-01,annual,plus,14.99,referral,ios,45-54,yes,2025-12-15,
4045,2024-08-27,monthly,premium,29.99,organic,android,35-44,yes,2024-11-02,
4046,2025-01-19,monthly,basic,12.99,partner,android,18-24,no,,
4047,2025-07-11,monthly,plus,19.99,promo_offer,ios,25-34,yes,2025-07-22,found_alternative
4048,2025-05-21,monthly,basic,12.99,promo_offer,ios,18-24,yes,2025-08-30,too_expensive
4049,2025-04-12,monthly,Premium,29.99,organic,web,45-54,no,,
4050,2024-07-06,monthly,plus,19.99,referral,web,25-34,no,,
4051,2024-11-18,monthly,premium,29.99,organic,ios,18-24,no,,
4052,2025-04-01,monthly,basic,12.99,organic,android,35-44,no,,
4053,2025-03-26,annual,basic,9.74,organic,ios,25-34,no,,
4054,2025-02-19,monthly,basic,12.99,referral,ios,25-34,no,,
4055,2025-09-27,annual,plus,14.99,organic,ios,18-24,no,,
4056,2024-10-02,monthly,basic,12.99,promo_offer,ios,55+,yes,2024-10-17,other
4057,2025-05-11,annual,plus,14.99,partner,android,25-34,no,,
4058,2025-10-05,monthly,premium,29.99,organic,android,45-54,no,,
4059,2025-06-08,monthly,plus,19.99,promo_offer,android,25-34,yes,2025-08-28,
4060,2025-08-15,monthly,premium,29.99,paid_social,android,45-54,yes,2025-09-16,not_using_enough
4061,2025-03-07,monthly,basic,12.99,promo_offer,ios,25-34,yes,2025-11-05,too_expensive
4062,2025-06-18,monthly,plus,19.99,promo_offer,android,45-54,yes,2025-08-15,not_using_enough
4063,2024-07-11,monthly,premium,29.99,organic,android,35-44,yes,2025-05-01,technical_issues
4064,2025-05-26,annual,basic,9.74,paid_social,web,35-44,no,,
4065,2024-10-17,monthly,basic,12.99,organic,android,25-34,yes,2024-11-03,not_using_enough
4066,2025-06-15,monthly,premium,29.99,paid_social,ios,55+,no,,
4067,2025-06-15,monthly,plus,19.99,promo_offer,ios,35-44,yes,2025-09-12,not_using_enough
4068,2025-08-28,monthly,basic,12.99,organic,android,45-54,yes,2025-09-24,not_using_enough
4069,2025-08-16,annual,basic,9.74,organic,ios,35-44,no,,
4070,2024-11-20,annual,basic,9.74,paid_social,ios,18-24,yes,2025-10-21,technical_issues
4071,2024-10-22,monthly,plus,19.99,promo_offer,web,18-24,yes,2025-11-13,not_using_enough
4072,2025-01-05,monthly,basic,12.99,organic,ios,35-44,no,,
4073,2025-09-29,monthly,Basic,12.99,referral,ios,25-34,no,,
4074,2025-07-12,monthly,plus,19.99,referral,web,45-54,no,,
4075,2025-02-03,monthly,basic,12.99,paid_social,ios,45-54,yes,2025-06-29,
4076,2025-04-20,annual,plus,14.99,paid_social,android,35-44,no,,
4077,2025-08-20,annual,plus,14.99,referral,ios,25-34,no,,
4078,2025-04-18,annual,basic,9.74,partner,ios,45-54,no,,
4079,2025-06-04,annual,plus,14.99,paid_social,ios,25-34,no,,
4080,2025-08-30,annual,plus,14.99,partner,ios,25-34,no,,
4081,2024-08-23,monthly,plus,19.99,referral,ios,18-24,no,,
4082,2025-04-25,monthly,plus,19.99,paid_social,ios,25-34,no,,
4083,2025-10-19,monthly,basic,12.99,promo_offer,android,25-34,no,,
4084,2025-02-11,monthly,plus,19.99,organic,android,18-24,yes,2025-06-01,too_expensive
4085,2024-07-27,annual,basic,9.74,referral,android,35-44,yes,2025-06-02,not_using_enough
4086,2025-09-20,annual,plus,14.99,paid_social,android,25-34,no,,
4087,2024-07-13,annual,plus,14.99,organic,android,18-24,yes,2025-06-12,other
4088,2025-08-05,annual,plus,14.99,organic,ios,35-44,no,,
4089,2024-08-22,annual,plus,14.99,organic,web,18-24,yes,2025-07-13,
4090,2024-09-19,monthly,basic,12.99,paid_social,android,55+,yes,2024-10-04,
4091,2024-08-27,annual,basic,9.74,organic,ios,45-54,yes,2025-07-21,other
4092,2024-10-17,monthly,plus,19.99,organic,ios,18-24,yes,2025-08-10,other
4093,2024-08-06,annual,basic,9.74,organic,ios,25-34,yes,2025-07-18,
4094,2025-06-04,annual,plus,14.99,paid_social,ios,25-34,no,,
4095,2025-02-05,annual,plus,14.99,organic,web,45-54,no,,
4096,2025-07-28,monthly,basic,12.99,partner,ios,45-54,no,,
4097,2025-04-24,monthly,basic,12.99,organic,ios,18-24,yes,2025-12-11,technical_issues
4098,2025-09-24,annual,premium,22.49,partner,android,25-34,no,,
4099,2025-01-19,annual,plus,14.99,organic,android,35-44,yes,2025-12-17,not_using_enough
4100,2024-09-08,monthly,basic,12.99,promo_offer,web,18-24,yes,2025-01-20,technical_issues
4101,2025-04-09,annual,basic,9.74,paid_social,web,25-34,no,,
4102,2024-10-23,monthly,basic,12.99,promo_offer,android,25-34,yes,2024-12-31,not_using_enough
4103,2025-10-06,monthly,premium,29.99,organic,web,45-54,no,,
4104,2025-05-07,monthly,plus,19.99,organic,android,55+,no,,
4105,2025-06-07,monthly,basic,12.99,paid_social,android,35-44,no,,
4106,2025-02-11,monthly,basic,12.99,organic,ios,25-34,yes,2025-11-13,not_using_enough
4107,2025-10-15,monthly,basic,12.99,paid_social,android,45-54,no,,
4108,2025-06-28,annual,Basic,9.74,promo_offer,android,35-44,no,,
4109,2025-01-21,annual,plus,14.99,partner,android,35-44,yes,2025-12-01,
4110,2025-10-29,monthly,Basic,12.99,paid_social,ios,25-34,no,,
4111,2025-05-31,monthly,plus,19.99,promo_offer,ios,25-34,yes,2025-07-27,found_alternative
4112,2024-11-22,monthly,basic,12.99,organic,android,35-44,yes,2025-11-23,other
4113,2025-05-21,annual,plus,14.99,organic,ios,18-24,no,,
4114,2024-11-25,annual,basic,9.74,partner,ios,45-54,yes,2025-04-14,
4115,2025-09-25,annual,basic,9.74,organic,ios,35-44,no,,
4116,2024-10-06,annual,basic,9.74,organic,web,18-24,yes,2025-09-03,not_using_enough
4117,2025-09-12,monthly,premium,29.99,paid_social,ios,25-34,yes,2025-11-24,too_expensive
4118,2025-10-05,monthly,basic,12.99,paid_social,ios,55+,no,,
4119,2025-08-08,annual,basic,9.74,promo_offer,web,25-34,no,,
4120,2024-11-02,annual,plus,14.99,organic,ios,35-44,no,,
4121,2025-09-08,annual,basic,9.74,organic,web,35-44,no,,
4122,2025-01-18,monthly,basic,12.99,paid_social,ios,35-44,yes,2025-03-02,not_using_enough
4123,2024-08-31,monthly,basic,12.99,organic,web,35-44,yes,2025-12-28,
4124,2024-08-27,monthly,plus,19.99,organic,ios,25-34,yes,2024-09-15,
4125,2025-08-05,monthly,basic,12.99,promo_offer,android,25-34,no,,
4126,2025-08-11,annual,plus,14.99,referral,android,18-24,no,,
4127,2024-10-16,monthly,plus,19.99,partner,ios,35-44,yes,2025-06-16,found_alternative
4128,2025-07-18,monthly,basic,12.99,referral,android,25-34,yes,2025-12-01,not_using_enough
4129,2024-09-11,annual,basic,9.74,paid_social,android,25-34,no,,
4130,2025-08-04,monthly,plus,19.99,organic,android,25-34,yes,2025-10-10,
4131,2024-09-16,monthly,Plus,19.99,partner,web,25-34,yes,2024-11-02,found_alternative
4132,2025-03-09,annual,plus,14.99,organic,ios,35-44,no,,
4133,2025-03-09,annual,Plus,14.99,promo_offer,android,18-24,no,,
4134,2025-05-22,monthly,basic,12.99,promo_offer,ios,25-34,no,,
4135,2025-03-20,monthly,plus,19.99,promo_offer,android,18-24,no,,
4136,2024-08-21,annual,premium,22.49,promo_offer,ios,35-44,no,,
4137,2024-08-15,monthly,basic,12.99,promo_offer,android,55+,yes,2024-11-24,found_alternative
4138,2024-12-10,annual,basic,9.74,organic,ios,25-34,yes,2025-11-20,technical_issues
4139,2024-12-22,monthly,premium,29.99,paid_social,web,25-34,yes,2025-03-24,not_using_enough
4140,2024-10-30,monthly,basic,12.99,paid_social,ios,45-54,yes,2025-08-21,too_expensive
4141,2025-03-11,monthly,basic,12.99,promo_offer,ios,45-54,yes,2025-05-24,not_using_enough
4142,2024-08-30,monthly,basic,12.99,paid_social,web,45-54,yes,2025-09-18,too_expensive
4143,2024-10-09,monthly,premium,29.99,organic,ios,25-34,yes,2024-12-11,too_expensive
4144,2024-07-06,monthly,basic,12.99,referral,ios,18-24,yes,2025-12-13,other
4145,2025-08-13,monthly,plus,19.99,promo_offer,android,25-34,yes,2025-11-09,technical_issues
4146,2025-10-03,annual,basic,9.74,promo_offer,android,55+,no,,
4147,2025-04-21,monthly,basic,12.99,organic,ios,55+,no,,
4148,2025-07-12,annual,basic,9.74,referral,android,25-34,no,,
4149,2024-10-14,monthly,basic,12.99,organic,ios,55+,yes,2025-03-05,not_using_enough
4150,2025-08-11,annual,plus,14.99,promo_offer,web,25-34,yes,2025-10-28,
4151,2025-06-11,monthly,basic,12.99,promo_offer,ios,25-34,yes,2025-08-26,too_expensive
4152,2025-07-26,annual,basic,9.74,partner,ios,25-34,no,,
4153,2024-12-01,monthly,plus,19.99,promo_offer,ios,25-34,no,,
4154,2025-09-23,monthly,premium,29.99,promo_offer,ios,35-44,yes,2025-11-13,not_using_enough
4155,2024-08-15,monthly,basic,12.99,promo_offer,web,18-24,yes,2025-09-15,found_alternative
4156,2025-09-20,annual,basic,9.74,partner,web,25-34,no,,
4157,2025-07-06,monthly,basic,12.99,paid_social,android,35-44,yes,2025-10-05,
4158,2025-07-06,monthly,premium,29.99,promo_offer,web,25-34,yes,2025-07-18,not_using_enough
4159,2024-10-24,annual,premium,22.49,paid_social,android,18-24,yes,2025-09-21,too_expensive
4160,2025-01-11,monthly,basic,12.99,partner,ios,18-24,yes,2025-02-23,not_using_enough
4161,2024-12-14,monthly,basic,12.99,promo_offer,android,55+,no,,
4162,2024-09-04,monthly,basic,12.99,paid_social,web,25-34,no,,
4163,2024-08-26,annual,basic,9.74,organic,web,35-44,yes,2025-07-22,found_alternative
4164,2025-05-09,annual,plus,14.99,organic,web,55+,no,,
4165,2025-01-22,monthly,premium,29.99,partner,android,35-44,yes,2025-04-13,not_using_enough
4166,2025-09-30,monthly,basic,12.99,paid_social,web,18-24,yes,2025-10-22,too_expensive
4167,2024-11-04,monthly,basic,12.99,organic,ios,25-34,no,,
4168,2025-09-02,monthly,basic,12.99,referral,ios,55+,no,,
4169,2025-05-14,monthly,plus,19.99,referral,web,45-54,no,,
4170,2025-08-25,monthly,basic,12.99,referral,android,45-54,no,,
4171,2024-08-20,annual,basic,9.74,referral,ios,35-44,yes,2025-07-27,not_using_enough
4172,2024-12-21,monthly,plus,19.99,organic,ios,45-54,yes,2025-08-30,not_using_enough
4173,2025-07-12,annual,basic,9.74,partner,ios,18-24,no,,
4174,2025-08-19,annual,basic,9.74,organic,web,18-24,no,,
4175,2024-11-25,monthly,plus,19.99,referral,ios,25-34,yes,2025-01-18,not_using_enough
4176,2025-07-21,monthly,basic,12.99,promo_offer,android,25-34,yes,2025-09-13,not_using_enough
4177,2025-09-24,annual,plus,14.99,paid_social,ios,18-24,no,,
4178,2025-10-29,monthly,basic,12.99,paid_social,android,35-44,no,,
4179,2025-08-17,monthly,plus,19.99,paid_social,web,45-54,no,,
4180,2025-06-16,monthly,Plus,19.99,paid_social,ios,35-44,yes,2025-07-05,
4181,2024-11-29,annual,premium,22.49,referral,android,25-34,no,,
4182,2025-04-28,monthly,basic,12.99,referral,web,35-44,no,,
4183,2024-10-11,monthly,basic,12.99,paid_social,web,18-24,yes,2024-12-02,not_using_enough
4184,2024-11-22,annual,premium,22.49,partner,android,25-34,no,,
4185,2024-10-17,monthly,basic,12.99,partner,web,18-24,yes,2025-05-08,too_expensive
4186,2025-02-06,monthly,basic,12.99,organic,android,25-34,yes,2025-04-15,other
4187,2025-08-19,annual,basic,9.74,promo_offer,android,25-34,yes,2025-12-14,too_expensive
4188,2024-08-28,monthly,basic,12.99,partner,android,35-44,yes,2024-08-28,technical_issues
4189,2025-07-29,monthly,basic,12.99,paid_social,web,35-44,no,,
4190,2025-02-07,monthly,plus,19.99,organic,android,45-54,yes,2025-02-21,too_expensive
4191,2024-09-07,monthly,Plus,19.99,organic,ios,25-34,yes,2024-11-22,not_using_enough
4192,2025-06-01,annual,basic,9.74,promo_offer,ios,55+,no,,
4193,2024-10-18,monthly,basic,12.99,organic,ios,25-34,yes,2025-10-26,not_using_enough
4194,2025-01-12,monthly,premium,29.99,referral,android,25-34,no,,
4195,2025-10-23,annual,plus,14.99,paid_social,android,25-34,no,,
4196,2025-03-01,annual,basic,9.74,partner,ios,25-34,no,,
4197,2025-03-09,annual,basic,9.74,organic,ios,25-34,no,,
4198,2024-12-01,annual,plus,14.99,promo_offer,android,35-44,no,,
4199,2024-09-06,monthly,plus,19.99,promo_offer,ios,18-24,no,,
4200,2025-01-12,annual,basic,9.74,organic,ios,45-54,no,,
