customer_id,month,workouts_completed,minutes_active,classes_booked,support_tickets
1,2024-09,5,140,0,0
1,2024-10,4,116,0,0
1,2024-11,7,208,0,0
1,2024-12,5,109,0,0
1,2025-01,1,41,0,0
1,2025-02,6,119,0,0
1,2025-03,5,167,0,3
1,2025-04,3,78,0,2
1,2025-05,7,245,0,0
1,2025-06,3,111,0,1
2,2025-08,2,58,0,0
2,2025-09,0,0,0,0
2,2025-10,1,34,0,0
2,2025-11,1,33,0,0
2,2025-12,0,0,0,0
3,2025-01,0,0,0,0
4,2024-08,2,80,0,1
5,2025-06,3,79,0,0
5,2025-07,1,41,0,0
5,2025-08,1,30,0,0
5,2025-09,1,40,0,1
5,2025-10,3,109,0,0
5,2025-11,0,,0,0
5,2025-12,0,0,0,0
6,2024-08,4,86,1,0
6,2024-09,2,37,1,0
6,2024-10,11,318,1,0
6,2024-11,4,131,1,0
6,2024-12,5,117,1,0
6,2025-01,2,72,0,1
6,2025-02,5,143,2,0
6,2025-03,3,88,0,0
7,2024-11,1,28,0,0
7,2024-12,3,,0,0
8,2025-10,0,0,0,0
8,2025-11,3,85,0,0
8,2025-12,0,0,0,0
9,2024-08,1,38,0,0
9,2024-09,2,68,0,0
9,2024-10,0,0,0,0
9,2024-11,2,48,0,0
9,2024-12,3,109,0,0
9,2025-01,0,0,0,0
9,2025-02,4,160,0,0
9,2025-03,2,55,0,0
9,2025-04,2,73,0,0
9,2025-05,0,0,0,0
9,2025-06,1,28,0,0
9,2025-07,0,0,0,0
10,2025-01,4,110,0,0
10,2025-02,5,149,0,0
10,2025-03,5,171,0,0
10,2025-04,13,386,0,0
10,2025-05,3,78,0,0
10,2025-06,4,162,0,0
10,2025-07,4,110,0,1
10,2025-08,4,109,0,0
10,2025-09,4,116,0,0
10,2025-10,10,302,0,0
10,2025-11,11,391,0,0
10,2025-12,9,344,0,0
11,2025-10,9,,0,0
11,2025-11,14,472,0,0
11,2025-12,6,169,0,0
12,2025-01,6,116,0,1
12,2025-02,3,98,0,0
12,2025-03,3,85,0,0
12,2025-04,5,123,0,0
12,2025-05,5,148,0,1
12,2025-06,4,149,0,0
12,2025-07,4,153,0,0
12,2025-08,2,72,0,1
12,2025-09,6,234,0,0
12,2025-10,6,116,0,0
12,2025-11,3,85,0,2
12,2025-12,4,160,0,1
13,2024-12,5,91,0,0
13,2025-01,5,194,0,0
13,2025-02,2,61,0,0
14,2025-06,6,172,0,0
14,2025-07,5,107,0,0
14,2025-08,7,,0,1
14,2025-09,9,222,0,0
14,2025-10,8,270,0,1
14,2025-11,12,283,0,0
14,2025-12,3,117,0,0
15,2025-06,2,59,0,0
15,2025-07,4,162,2,0
15,2025-08,7,173,0,0
15,2025-09,5,138,2,0
15,2025-10,2,65,2,0
15,2025-11,7,215,0,0
15,2025-12,1,26,0,0
16,2025-08,1,20,0,0
16,2025-09,7,241,0,0
16,2025-10,1,30,0,0
16,2025-11,3,83,0,0
16,2025-12,6,141,0,0
17,2025-03,7,149,0,0
17,2025-04,7,128,0,0
17,2025-05,3,68,0,0
17,2025-06,7,137,0,0
17,2025-07,4,137,0,1
17,2025-08,2,55,0,0
17,2025-09,1,26,0,0
17,2025-10,4,136,0,0
17,2025-11,1,19,0,0
18,2025-06,2,37,1,0
19,2024-12,2,70,0,0
19,2025-01,3,92,0,0
19,2025-02,3,88,0,0
19,2025-03,2,54,0,0
19,2025-04,5,104,0,1
19,2025-05,4,154,0,0
19,2025-06,1,29,0,0
19,2025-07,2,61,0,0
19,2025-08,1,23,0,0
19,2025-09,7,241,0,0
19,2025-10,5,210,0,0
19,2025-11,4,136,0,0
19,2025-12,7,250,0,0
20,2025-01,1,18,0,0
20,2025-02,1,21,0,0
21,2024-10,4,152,0,0
21,2024-11,4,86,0,0
21,2024-12,4,77,0,0
21,2025-01,4,110,0,0
21,2025-02,1,42,0,0
21,2025-03,2,70,0,0
21,2025-04,8,312,0,0
21,2025-05,1,40,0,0
21,2025-06,2,57,0,0
21,2025-07,0,0,0,1
21,2025-08,0,0,0,0
21,2025-09,1,24,0,0
21,2025-10,0,0,0,0
21,2025-11,1,41,0,0
21,2025-12,0,0,0,0
22,2025-10,4,111,0,0
22,2025-11,3,94,0,0
22,2025-12,3,101,0,0
23,2025-08,8,239,2,0
23,2025-09,2,72,1,0
23,2025-10,9,313,4,0
23,2025-11,8,161,0,0
23,2025-12,9,359,2,1
24,2024-08,1,36,0,0
24,2024-09,6,145,0,1
24,2024-10,4,144,0,1
24,2024-11,4,93,0,1
24,2024-12,7,278,0,0
24,2025-01,5,196,0,0
24,2025-02,3,82,0,0
24,2025-03,5,154,0,0
24,2025-04,6,162,0,0
24,2025-05,8,261,0,0
24,2025-06,4,166,0,1
24,2025-07,5,101,0,0
24,2025-08,7,186,0,0
24,2025-09,8,231,0,0
24,2025-10,7,179,0,0
24,2025-11,4,153,0,0
24,2025-12,2,82,0,0
25,2025-04,3,67,0,1
26,2024-11,6,164,0,0
26,2024-12,0,0,0,0
26,2025-01,3,79,0,1
26,2025-02,3,77,0,1
26,2025-03,5,187,0,2
26,2025-04,1,24,0,1
26,2025-05,1,22,0,0
26,2025-06,7,141,0,0
26,2025-07,4,96,0,0
26,2025-08,4,101,0,0
26,2025-09,4,99,0,0
26,2025-10,2,65,0,1
26,2025-11,6,239,0,0
26,2025-12,5,93,0,0
27,2024-11,6,209,3,0
27,2024-12,3,58,0,0
27,2025-01,4,106,3,0
27,2025-02,4,128,1,1
27,2025-03,5,154,1,0
27,2025-04,5,129,0,0
27,2025-05,2,54,0,0
27,2025-06,7,148,1,1
27,2025-07,4,151,2,0
27,2025-08,3,80,2,0
27,2025-09,1,37,0,0
27,2025-10,3,102,1,3
28,2025-10,5,180,0,0
28,2025-11,2,50,0,0
28,2025-12,1,31,0,0
29,2025-06,0,0,0,0
29,2025-07,1,40,0,0
29,2025-08,0,0,0,0
29,2025-09,2,39,0,0
30,2025-10,5,207,0,1
30,2025-11,4,161,0,0
30,2025-12,6,124,0,0
31,2024-12,4,145,0,0
31,2025-01,1,33,0,0
31,2025-02,2,45,0,0
31,2025-03,0,,0,1
32,2025-01,5,119,0,0
32,2025-02,0,0,0,0
33,2024-10,0,0,0,0
33,2024-11,1,33,0,1
33,2024-12,1,28,0,0
33,2025-01,2,57,1,0
33,2025-02,0,0,0,0
33,2025-03,2,45,0,0
34,2024-09,1,25,1,0
34,2024-10,2,73,0,0
34,2024-11,1,41,0,0
34,2024-12,3,77,3,0
34,2025-01,4,148,0,0
34,2025-02,4,153,0,1
34,2025-03,2,70,1,0
34,2025-04,0,0,0,0
34,2025-05,1,39,1,0
34,2025-06,0,0,0,0
34,2025-07,0,0,0,0
34,2025-08,2,74,3,0
35,2025-02,1,22,0,0
35,2025-03,5,153,3,0
35,2025-04,2,41,1,0
35,2025-05,2,40,1,0
35,2025-06,0,0,0,0
35,2025-07,1,27,1,0
35,2025-08,0,0,0,0
35,2025-09,1,31,0,0
35,2025-10,0,0,0,0
35,2025-11,1,31,0,0
35,2025-12,1,20,0,0
36,2025-10,0,0,0,0
36,2025-11,2,48,0,0
36,2025-12,0,0,0,0
37,2024-12,1,35,0,0
38,2025-02,4,123,0,0
38,2025-03,6,243,0,0
38,2025-04,2,77,0,0
38,2025-05,0,0,0,0
38,2025-06,1,33,0,0
38,2025-07,3,83,0,0
38,2025-08,1,27,0,0
39,2025-08,3,59,0,0
39,2025-09,3,85,0,0
39,2025-10,8,269,0,0
40,2025-08,3,71,0,0
40,2025-09,0,0,0,0
40,2025-10,4,101,2,0
40,2025-11,1,36,1,0
40,2025-12,4,81,2,1
41,2025-04,11,276,2,0
41,2025-05,12,274,3,0
41,2025-06,18,493,3,0
41,2025-07,4,115,1,0
41,2025-08,13,374,4,0
41,2025-09,9,232,4,0
41,2025-10,12,426,1,1
41,2025-11,9,201,8,0
41,2025-12,9,232,5,0
42,2024-07,7,166,0,0
42,2024-08,8,301,0,0
42,2024-09,8,323,0,0
4069,2025-12,3,92,0,0
42,2024-10,11,352,0,0
42,2024-11,15,444,0,0
42,2024-12,14,541,0,0
42,2025-01,12,217,0,0
42,2025-02,11,351,0,0
42,2025-03,10,291,0,0
42,2025-04,8,195,0,0
42,2025-05,5,147,0,0
42,2025-06,15,501,0,0
43,2025-02,2,59,0,0
43,2025-03,3,82,0,1
43,2025-04,3,113,0,0
44,2025-04,2,52,0,0
44,2025-05,0,0,0,0
44,2025-06,0,0,0,0
44,2025-07,2,82,0,0
44,2025-08,1,31,0,0
44,2025-09,1,40,0,1
44,2025-10,0,0,0,0
44,2025-11,0,0,0,0
44,2025-12,0,0,0,0
45,2025-07,1,20,0,0
46,2025-02,4,89,0,0
46,2025-03,4,74,0,0
46,2025-04,1,21,0,0
46,2025-05,4,88,1,0
46,2025-06,4,141,1,0
46,2025-07,3,82,1,0
46,2025-08,5,158,3,0
46,2025-09,0,0,0,0
46,2025-10,2,81,1,0
46,2025-11,5,194,1,0
46,2025-12,1,24,0,0
47,2025-01,10,308,0,0
47,2025-02,6,190,0,0
47,2025-03,8,230,0,0
47,2025-04,10,219,0,0
47,2025-05,5,148,0,0
47,2025-06,9,272,0,0
47,2025-07,4,123,0,0
47,2025-08,4,73,0,0
47,2025-09,7,163,0,0
47,2025-10,6,243,0,0
47,2025-11,10,248,0,0
47,2025-12,8,289,0,0
48,2025-04,2,40,0,0
48,2025-05,2,38,0,0
48,2025-06,0,0,0,0
48,2025-07,2,57,0,0
48,2025-08,0,0,0,0
48,2025-09,2,61,0,0
48,2025-10,1,20,0,0
48,2025-11,3,70,0,1
48,2025-12,0,0,0,0
49,2025-02,3,107,0,0
49,2025-03,3,61,0,1
49,2025-04,0,0,0,0
50,2025-10,2,56,1,2
50,2025-11,1,21,0,0
51,2024-08,9,165,3,0
51,2024-09,11,243,1,0
51,2024-10,12,372,2,0
51,2024-11,9,317,3,0
51,2024-12,9,350,3,0
51,2025-01,9,221,1,0
51,2025-02,8,191,0,0
51,2025-03,8,173,1,0
51,2025-04,7,268,2,0
51,2025-05,14,542,3,0
51,2025-06,6,119,0,0
51,2025-07,12,268,2,0
51,2025-08,11,298,2,0
51,2025-09,14,429,3,0
51,2025-10,10,334,3,0
51,2025-11,9,216,1,0
51,2025-12,7,145,0,0
52,2025-08,1,24,0,0
52,2025-09,3,110,0,1
52,2025-10,0,0,0,0
52,2025-11,1,26,0,0
52,2025-12,1,29,0,0
53,2025-08,3,84,0,0
53,2025-09,1,23,0,0
53,2025-10,1,21,0,0
53,2025-11,3,94,0,0
53,2025-12,2,79,1,0
54,2025-05,1,31,0,0
54,2025-06,0,0,0,0
55,2024-10,2,65,1,0
55,2024-11,3,114,2,0
55,2024-12,0,0,0,0
55,2025-01,5,93,1,0
55,2025-02,4,101,1,0
55,2025-03,1,37,1,0
55,2025-04,1,38,0,0
55,2025-05,0,0,0,0
55,2025-06,1,30,1,2
55,2025-07,0,0,0,0
55,2025-08,0,0,0,1
55,2025-09,1,33,0,0
56,2025-04,4,74,0,0
56,2025-05,0,0,0,0
56,2025-06,1,21,0,0
56,2025-07,2,68,0,0
56,2025-08,3,67,0,0
56,2025-09,0,0,0,0
56,2025-10,4,117,0,0
56,2025-11,0,0,0,0
56,2025-12,1,19,0,0
57,2024-12,20,488,5,0
58,2024-11,5,195,0,0
58,2024-12,6,176,0,0
58,2025-01,9,287,0,0
59,2025-04,4,159,0,0
59,2025-05,4,129,0,0
59,2025-06,6,223,0,0
60,2025-04,8,240,2,0
60,2025-05,10,207,2,0
60,2025-06,10,222,5,0
60,2025-07,7,,2,0
60,2025-08,7,189,2,0
60,2025-09,6,113,2,0
60,2025-10,12,402,0,0
60,2025-11,3,124,0,0
60,2025-12,6,169,2,0
61,2025-04,1,30,0,0
61,2025-05,7,205,0,0
61,2025-06,0,0,0,0
61,2025-07,0,0,0,1
61,2025-08,1,,0,1
62,2025-10,4,155,3,0
62,2025-11,4,117,1,0
62,2025-12,2,70,0,0
63,2025-04,0,0,0,0
63,2025-05,1,30,0,0
63,2025-06,1,33,1,0
63,2025-07,0,0,0,0
63,2025-08,1,20,0,0
63,2025-09,0,0,0,0
63,2025-10,0,0,0,0
63,2025-11,5,182,1,0
63,2025-12,0,0,0,0
64,2025-09,3,88,3,0
64,2025-10,3,84,0,0
64,2025-11,3,97,1,0
64,2025-12,2,48,2,0
65,2024-10,1,24,0,0
66,2024-09,1,30,0,0
66,2024-10,2,37,0,0
66,2024-11,2,52,0,1
66,2024-12,2,40,1,0
66,2025-01,2,,0,0
66,2025-02,4,121,2,0
66,2025-03,1,31,0,1
66,2025-04,3,97,1,3
66,2025-05,1,38,0,0
66,2025-06,2,62,2,1
66,2025-07,2,83,0,0
66,2025-08,1,39,2,0
66,2025-09,1,28,0,0
66,2025-10,0,0,0,1
66,2025-11,0,0,0,0
66,2025-12,0,0,0,0
67,2024-09,1,40,0,0
67,2024-10,1,29,0,0
67,2024-11,3,86,1,0
67,2024-12,1,39,1,0
67,2025-01,2,51,0,0
67,2025-02,1,20,0,0
67,2025-03,1,38,1,0
67,2025-04,1,31,2,0
67,2025-05,1,40,0,0
67,2025-06,0,0,0,0
67,2025-07,1,23,1,0
67,2025-08,1,21,0,1
68,2025-10,5,144,0,0
68,2025-11,3,102,0,0
69,2024-12,3,69,1,0
69,2025-01,2,47,0,0
69,2025-02,0,0,0,0
69,2025-03,1,37,0,0
70,2025-07,2,41,0,0
70,2025-08,4,110,2,0
70,2025-09,1,39,0,0
70,2025-10,1,36,0,0
70,2025-11,0,0,0,0
70,2025-12,1,28,0,1
71,2025-08,4,136,0,0
71,2025-09,5,110,0,0
71,2025-10,1,42,0,0
71,2025-11,3,116,0,0
71,2025-12,2,55,0,0
72,2025-06,2,65,0,0
72,2025-07,5,115,0,0
72,2025-08,4,118,0,2
72,2025-09,5,189,0,0
72,2025-10,4,82,0,0
72,2025-11,0,0,0,1
72,2025-12,1,20,0,1
73,2024-11,0,0,0,0
73,2024-12,1,25,0,1
73,2025-01,4,90,0,0
73,2025-02,2,49,0,0
73,2025-03,0,0,0,1
73,2025-04,1,34,0,1
73,2025-05,1,24,0,0
73,2025-06,4,134,0,1
73,2025-07,0,0,0,0
73,2025-08,0,0,0,1
73,2025-09,0,0,0,0
73,2025-10,1,27,0,1
74,2025-09,3,65,1,0
74,2025-10,1,37,0,0
75,2025-07,7,192,3,0
75,2025-08,9,198,2,0
75,2025-09,7,210,2,0
75,2025-10,5,107,0,0
75,2025-11,8,207,0,1
75,2025-12,11,341,0,0
76,2025-05,2,81,0,0
76,2025-06,4,140,0,0
76,2025-07,2,69,0,0
76,2025-08,4,106,0,0
77,2025-03,7,129,0,0
77,2025-04,2,62,0,0
77,2025-05,4,143,0,0
77,2025-06,4,159,0,0
77,2025-07,2,61,0,0
77,2025-08,3,121,0,0
77,2025-09,4,116,0,0
77,2025-10,1,38,0,0
77,2025-11,0,0,0,0
77,2025-12,2,46,0,0
78,2024-08,3,82,1,0
78,2024-09,0,0,0,0
78,2024-10,5,139,1,0
78,2024-11,2,67,2,0
78,2024-12,1,35,0,0
78,2025-01,2,76,3,0
78,2025-02,1,37,2,0
78,2025-03,0,0,0,0
79,2024-09,0,0,0,0
79,2024-10,2,43,0,0
79,2024-11,0,0,0,0
79,2024-12,2,75,0,0
79,2025-01,0,0,0,1
79,2025-02,0,0,0,0
80,2025-02,17,585,0,0
80,2025-03,14,370,0,0
80,2025-04,16,534,0,0
80,2025-05,12,280,0,0
80,2025-06,9,340,0,0
80,2025-07,14,507,0,0
80,2025-08,7,222,0,0
80,2025-09,9,173,0,0
80,2025-10,7,286,0,1
80,2025-11,11,291,0,0
80,2025-12,13,234,0,1
81,2024-10,0,0,0,0
81,2024-11,2,60,1,0
81,2024-12,2,81,0,0
81,2025-01,2,54,0,0
81,2025-02,1,24,0,0
81,2025-03,2,72,0,0
81,2025-04,0,0,0,0
81,2025-05,1,39,1,0
81,2025-06,1,37,1,0
81,2025-07,1,26,0,1
81,2025-08,0,0,0,0
81,2025-09,0,,0,0
82,2025-08,9,292,1,0
82,2025-09,11,198,1,0
82,2025-10,5,142,2,0
82,2025-11,4,80,1,0
82,2025-12,10,270,4,0
83,2025-03,3,111,2,0
83,2025-04,2,56,0,0
83,2025-05,2,67,0,0
83,2025-06,0,0,0,0
83,2025-07,1,23,2,0
83,2025-08,2,59,0,0
83,2025-09,1,19,0,0
83,2025-10,0,0,0,0
83,2025-11,1,29,0,0
83,2025-12,2,63,0,0
84,2025-08,6,187,1,0
84,2025-09,9,308,2,0
84,2025-10,3,54,1,0
84,2025-11,2,73,0,0
84,2025-12,4,160,1,0
85,2025-10,2,83,0,0
85,2025-11,2,59,0,0
85,2025-12,0,0,0,0
86,2025-01,3,81,3,0
86,2025-02,10,289,5,0
86,2025-03,3,110,1,0
86,2025-04,9,213,3,0
87,2025-08,1,37,1,0
87,2025-09,0,0,0,0
87,2025-10,1,31,0,1
88,2025-03,1,30,0,1
89,2024-10,2,57,1,1
89,2024-11,1,38,0,0
89,2024-12,5,206,3,0
89,2025-01,3,114,0,1
89,2025-02,3,121,0,0
89,2025-03,0,0,0,1
89,2025-04,4,108,2,0
89,2025-05,1,32,0,0
89,2025-06,3,62,4,0
89,2025-07,0,0,0,0
89,2025-08,1,25,0,0
89,2025-09,0,0,0,0
89,2025-10,1,33,0,1
89,2025-11,0,0,0,1
89,2025-12,1,41,1,0
90,2025-05,10,392,0,0
90,2025-06,5,208,0,1
90,2025-07,6,155,0,1
90,2025-08,7,242,0,0
90,2025-09,11,251,0,1
90,2025-10,6,198,0,1
90,2025-11,10,246,0,0
90,2025-12,3,94,0,1
91,2024-09,2,65,0,0
91,2024-10,3,87,0,0
91,2024-11,0,0,0,0
91,2024-12,1,37,0,0
91,2025-01,0,0,0,0
91,2025-02,0,0,0,0
91,2025-03,1,26,0,0
91,2025-04,3,117,0,0
91,2025-05,0,0,0,0
91,2025-06,0,0,0,0
91,2025-07,1,40,0,0
91,2025-08,1,31,0,1
92,2025-08,2,75,0,0
92,2025-09,4,139,0,0
92,2025-10,2,,0,0
92,2025-11,2,56,0,0
92,2025-12,1,39,0,0
93,2025-09,1,36,0,1
93,2025-10,0,0,0,0
93,2025-11,1,28,0,0
94,2025-01,1,41,0,0
94,2025-02,3,96,2,0
94,2025-03,3,98,1,0
94,2025-04,2,64,1,0
95,2024-10,6,134,2,0
95,2024-11,4,,1,0
95,2024-12,3,78,1,0
95,2025-01,7,170,5,0
95,2025-02,5,91,2,0
95,2025-03,9,323,0,0
95,2025-04,2,83,0,0
95,2025-05,4,82,1,0
95,2025-06,3,,0,0
95,2025-07,7,196,1,0
95,2025-08,3,100,1,0
95,2025-09,6,189,3,0
96,2025-07,10,306,0,0
96,2025-08,15,333,0,0
96,2025-09,10,356,0,0
96,2025-10,17,446,0,0
96,2025-11,7,135,0,0
96,2025-12,11,395,0,0
97,2025-05,1,42,1,0
97,2025-06,3,55,2,0
97,2025-07,2,36,1,0
97,2025-08,2,70,0,0
97,2025-09,0,0,0,0
97,2025-10,1,30,1,0
97,2025-11,2,57,1,0
97,2025-12,0,0,0,0
98,2025-09,1,26,0,0
98,2025-10,3,60,0,0
98,2025-11,2,77,0,0
98,2025-12,1,19,0,1
99,2025-06,3,77,3,0
99,2025-07,2,75,2,0
99,2025-08,0,0,0,0
99,2025-09,2,53,0,0
99,2025-10,1,42,0,0
99,2025-11,0,0,0,0
99,2025-12,2,61,3,0
100,2025-06,0,0,0,0
100,2025-07,1,24,0,0
100,2025-08,1,18,0,0
100,2025-09,0,0,0,0
100,2025-10,1,33,0,0
100,2025-11,1,33,0,0
100,2025-12,1,37,0,0
101,2025-02,0,0,0,0
101,2025-03,1,30,0,0
101,2025-04,1,30,0,1
101,2025-05,1,40,0,1
101,2025-06,3,94,0,2
101,2025-07,0,0,0,1
101,2025-08,2,83,0,1
101,2025-09,0,0,0,1
101,2025-10,1,27,0,1
101,2025-11,0,0,0,1
101,2025-12,1,38,0,0
102,2025-10,0,0,0,0
102,2025-11,1,38,0,0
102,2025-12,1,19,0,0
103,2025-07,3,95,1,0
103,2025-08,5,190,1,1
103,2025-09,1,22,0,0
103,2025-10,4,146,0,0
103,2025-11,0,0,0,1
103,2025-12,0,0,0,0
104,2024-12,5,109,1,0
104,2025-01,3,78,1,1
104,2025-02,2,54,1,1
104,2025-03,3,56,0,1
105,2025-06,12,338,3,0
106,2025-08,0,0,0,0
106,2025-09,1,29,0,0
106,2025-10,5,156,1,1
106,2025-11,4,163,0,0
106,2025-12,0,0,0,1
107,2025-01,2,40,0,0
107,2025-02,2,76,0,1
107,2025-03,7,153,1,0
107,2025-04,6,230,1,0
107,2025-05,4,98,1,0
107,2025-06,4,153,1,0
107,2025-07,2,55,0,0
107,2025-08,5,100,1,0
107,2025-09,3,119,4,0
107,2025-10,3,107,1,0
107,2025-11,1,19,0,0
107,2025-12,1,22,0,2
108,2025-10,3,75,0,0
108,2025-11,3,93,0,0
108,2025-12,3,89,0,0
109,2025-07,6,200,0,0
109,2025-08,11,199,0,0
109,2025-09,7,200,0,0
109,2025-10,8,243,0,0
109,2025-11,6,180,0,0
109,2025-12,5,96,0,0
110,2024-08,4,117,0,0
110,2024-09,9,356,1,0
110,2024-10,0,0,0,0
110,2024-11,0,0,0,0
111,2024-09,5,126,0,0
111,2024-10,5,117,0,0
111,2024-11,3,124,0,0
111,2024-12,4,134,0,0
112,2024-10,3,93,1,1
112,2024-11,1,21,0,0
112,2024-12,3,103,0,0
112,2025-01,2,57,2,0
112,2025-02,0,0,0,0
112,2025-03,2,51,1,0
112,2025-04,1,26,0,0
112,2025-05,4,103,0,0
112,2025-06,3,110,0,0
112,2025-07,3,101,0,0
112,2025-08,0,0,0,0
112,2025-09,1,23,0,0
113,2025-10,4,121,5,0
113,2025-11,4,110,1,0
113,2025-12,8,325,3,0
114,2025-06,4,101,0,0
114,2025-07,7,198,0,0
114,2025-08,6,198,0,0
114,2025-09,5,104,0,0
114,2025-10,6,192,0,0
114,2025-11,5,206,0,0
114,2025-12,6,194,0,0
115,2024-09,11,390,6,0
115,2024-10,7,165,1,0
115,2024-11,9,189,4,0
115,2024-12,6,191,3,0
115,2025-01,11,220,3,0
115,2025-02,4,164,1,0
115,2025-03,10,348,3,0
115,2025-04,5,197,1,0
115,2025-05,7,127,3,0
115,2025-06,9,318,1,0
115,2025-07,10,305,2,0
115,2025-08,6,165,1,0
115,2025-09,6,127,2,0
115,2025-10,11,371,2,0
115,2025-11,3,65,1,0
115,2025-12,4,123,0,0
116,2025-07,13,299,3,0
116,2025-08,8,273,4,0
116,2025-09,9,351,3,0
116,2025-10,15,454,6,0
116,2025-11,7,185,5,0
3284,2024-12,6,114,3,0
116,2025-12,14,450,3,0
117,2024-08,7,179,0,0
117,2024-09,8,306,0,0
117,2024-10,9,250,0,1
117,2024-11,6,120,0,1
117,2024-12,14,397,0,1
117,2025-01,12,431,0,0
117,2025-02,6,229,0,0
117,2025-03,3,68,0,1
117,2025-04,4,167,0,0
117,2025-05,7,130,0,0
117,2025-06,10,,0,2
117,2025-07,5,147,0,1
117,2025-08,5,95,0,0
117,2025-09,7,271,0,0
117,2025-10,11,367,0,0
117,2025-11,3,76,0,1
117,2025-12,8,160,0,0
118,2025-04,10,193,0,0
118,2025-05,10,412,0,1
118,2025-06,7,205,0,0
118,2025-07,10,316,0,0
118,2025-08,8,202,0,0
118,2025-09,10,362,0,0
118,2025-10,5,193,0,0
118,2025-11,9,351,0,1
118,2025-12,5,198,0,0
119,2024-12,3,77,0,0
119,2025-01,5,186,0,0
119,2025-02,8,250,0,0
119,2025-03,4,166,0,0
119,2025-04,2,45,0,1
119,2025-05,1,41,0,2
119,2025-06,2,69,0,1
119,2025-07,2,69,0,0
119,2025-08,4,100,0,1
119,2025-09,5,153,0,1
119,2025-10,2,38,0,0
119,2025-11,1,35,0,0
119,2025-12,7,256,0,0
120,2024-10,4,151,0,0
120,2024-11,3,65,2,0
120,2024-12,7,285,1,0
120,2025-01,2,83,1,0
120,2025-02,5,187,0,0
120,2025-03,11,323,8,0
120,2025-04,7,227,0,0
121,2024-10,5,128,3,0
121,2024-11,7,129,2,1
121,2024-12,5,110,1,0
121,2025-01,10,347,4,0
121,2025-02,12,370,5,0
121,2025-03,13,541,1,0
121,2025-04,6,204,3,0
121,2025-05,8,242,6,0
121,2025-06,11,360,4,0
121,2025-07,4,80,1,0
121,2025-08,4,111,3,0
121,2025-09,10,348,3,0
121,2025-10,10,327,4,0
121,2025-11,5,136,2,0
121,2025-12,6,224,0,0
122,2025-10,5,205,5,0
122,2025-11,8,205,3,0
122,2025-12,12,254,5,0
123,2025-10,5,174,1,0
123,2025-11,2,39,0,0
123,2025-12,0,0,0,0
124,2025-08,3,77,0,0
124,2025-09,8,329,0,0
124,2025-10,12,311,0,0
124,2025-11,8,160,0,0
124,2025-12,10,343,0,0
960,2025-12,3,82,0,1
125,2025-05,2,76,0,0
125,2025-06,3,93,0,0
125,2025-07,3,65,0,0
125,2025-08,2,66,0,1
125,2025-09,4,146,0,0
125,2025-10,0,0,0,0
125,2025-11,4,74,0,1
125,2025-12,1,23,0,1
126,2025-01,7,220,0,0
126,2025-02,6,249,0,0
126,2025-03,13,380,0,0
126,2025-04,9,360,0,0
126,2025-05,11,297,0,0
126,2025-06,7,221,0,0
126,2025-07,8,160,0,0
126,2025-08,6,235,0,0
126,2025-09,6,173,0,0
126,2025-10,9,255,0,0
126,2025-11,8,,0,0
126,2025-12,4,130,0,0
127,2025-09,2,59,0,0
128,2025-02,1,29,0,0
128,2025-03,2,46,0,0
128,2025-04,2,44,0,0
128,2025-05,0,0,0,0
128,2025-06,0,0,0,0
128,2025-07,1,33,0,1
128,2025-08,2,41,0,0
128,2025-09,2,66,0,0
128,2025-10,1,39,0,0
128,2025-11,0,0,0,0
128,2025-12,0,0,0,0
129,2024-08,1,21,1,0
129,2024-09,6,196,1,0
129,2024-10,4,98,2,0
129,2024-11,0,0,0,0
129,2024-12,1,18,0,0
129,2025-01,2,52,1,0
129,2025-02,2,55,0,0
129,2025-03,0,0,0,0
130,2025-10,1,20,0,0
130,2025-11,3,90,0,0
130,2025-12,1,33,0,0
131,2024-09,0,0,0,1
131,2024-10,2,66,1,0
131,2024-11,3,110,1,0
131,2024-12,3,78,1,0
131,2025-01,6,225,0,0
131,2025-02,5,185,2,0
131,2025-03,3,115,0,1
131,2025-04,2,37,1,0
131,2025-05,2,70,1,0
131,2025-06,2,48,0,0
131,2025-07,1,19,1,0
131,2025-08,0,0,0,1
131,2025-09,1,36,0,1
131,2025-10,1,24,0,0
131,2025-11,1,19,0,0
131,2025-12,1,35,0,2
132,2024-12,0,0,0,0
132,2025-01,2,38,0,0
132,2025-02,6,114,1,1
132,2025-03,2,43,3,0
132,2025-04,3,103,1,0
132,2025-05,5,160,6,0
132,2025-06,5,187,4,0
132,2025-07,0,0,0,1
132,2025-08,0,0,0,0
132,2025-09,0,0,0,0
132,2025-10,1,38,1,2
132,2025-11,0,0,0,0
132,2025-12,2,79,1,0
133,2025-09,4,80,3,0
133,2025-10,5,207,0,0
133,2025-11,5,196,1,0
133,2025-12,7,181,3,0
134,2024-11,1,21,0,0
134,2024-12,2,59,0,0
134,2025-01,3,63,0,0
134,2025-02,2,57,0,0
134,2025-03,2,64,0,0
134,2025-04,2,55,0,0
134,2025-05,2,59,0,0
134,2025-06,1,23,0,0
134,2025-07,0,0,0,0
134,2025-08,0,0,0,0
134,2025-09,1,19,0,0
134,2025-10,0,0,0,0
135,2025-09,1,28,0,0
135,2025-10,3,98,3,0
135,2025-11,2,59,1,0
135,2025-12,1,33,0,0
136,2025-03,7,161,2,1
136,2025-04,3,56,2,0
136,2025-05,6,133,2,1
136,2025-06,1,30,0,0
136,2025-07,6,199,1,0
136,2025-08,6,190,3,0
136,2025-09,6,173,2,0
136,2025-10,4,82,0,0
136,2025-11,7,202,2,0
136,2025-12,2,76,1,0
137,2025-08,1,26,1,0
137,2025-09,3,97,2,0
137,2025-10,2,52,1,0
137,2025-11,0,0,0,0
137,2025-12,1,26,0,0
138,2025-07,1,,0,0
138,2025-08,4,124,0,0
138,2025-09,4,110,0,0
138,2025-10,1,29,0,0
138,2025-11,1,36,0,0
138,2025-12,2,68,0,0
139,2025-08,3,117,0,0
139,2025-09,1,30,0,0
139,2025-10,4,142,0,0
139,2025-11,0,0,0,0
139,2025-12,3,79,0,0
140,2025-10,7,287,0,0
140,2025-11,10,328,0,0
140,2025-12,8,274,0,0
141,2024-10,1,38,0,0
141,2024-11,5,140,0,1
141,2024-12,3,91,0,0
141,2025-01,1,32,0,0
141,2025-02,1,34,0,0
141,2025-03,3,84,0,0
141,2025-04,3,73,0,0
141,2025-05,0,0,0,0
141,2025-06,1,36,0,0
141,2025-07,1,25,0,0
142,2024-11,2,80,2,0
142,2024-12,8,263,1,0
142,2025-01,4,150,0,0
142,2025-02,9,271,8,0
142,2025-03,9,302,1,0
142,2025-04,6,133,2,0
142,2025-05,5,95,4,0
142,2025-06,4,78,0,0
142,2025-07,8,155,0,0
142,2025-08,3,66,0,0
142,2025-09,5,184,3,1
142,2025-10,4,134,0,0
142,2025-11,5,146,2,0
142,2025-12,2,74,1,0
143,2025-08,2,54,1,0
143,2025-09,7,169,3,0
143,2025-10,2,60,0,0
143,2025-11,3,,0,0
143,2025-12,1,30,0,0
144,2024-08,4,129,1,0
145,2025-02,1,25,0,0
145,2025-03,3,101,0,0
145,2025-04,1,28,0,0
145,2025-05,2,47,0,0
145,2025-06,3,55,0,0
145,2025-07,2,42,0,0
145,2025-08,0,0,0,0
146,2024-07,7,169,0,0
146,2024-08,5,137,0,0
146,2024-09,3,57,0,0
146,2024-10,6,229,0,0
146,2024-11,3,86,0,0
146,2024-12,6,251,0,0
146,2025-01,6,243,0,0
146,2025-02,5,98,0,0
146,2025-03,3,91,0,0
146,2025-04,8,319,0,0
146,2025-05,4,89,0,0
146,2025-06,7,216,0,0
146,2025-07,2,76,0,0
146,2025-08,6,129,0,0
146,2025-09,5,156,0,0
146,2025-10,4,98,0,0
146,2025-11,3,125,0,0
146,2025-12,5,196,0,0
147,2024-11,0,0,0,0
147,2024-12,1,29,0,1
148,2025-07,0,0,0,0
148,2025-08,1,28,0,0
148,2025-09,5,188,0,0
148,2025-10,1,41,0,0
148,2025-11,3,76,0,0
148,2025-12,3,84,0,1
149,2025-02,1,24,0,0
149,2025-03,0,0,0,0
149,2025-04,1,31,0,0
150,2025-04,0,0,0,0
150,2025-05,1,36,2,0
150,2025-06,1,26,1,0
151,2024-08,6,121,2,0
151,2024-09,4,,0,0
152,2025-03,1,32,1,0
152,2025-04,12,262,6,0
152,2025-05,7,208,5,0
152,2025-06,11,207,7,0
152,2025-07,9,291,4,0
152,2025-08,5,95,1,0
152,2025-09,6,230,5,0
152,2025-10,5,135,1,0
152,2025-11,9,235,4,0
152,2025-12,4,165,4,0
153,2024-11,2,80,1,0
153,2024-12,5,100,2,0
153,2025-01,8,255,3,0
153,2025-02,4,138,1,0
153,2025-03,5,158,1,1
153,2025-04,3,62,0,1
153,2025-05,6,233,1,0
153,2025-06,5,169,1,1
153,2025-07,9,,4,1
154,2025-05,10,206,0,0
154,2025-06,15,325,0,0
154,2025-07,7,188,0,0
154,2025-08,12,504,0,1
154,2025-09,13,265,0,0
154,2025-10,11,388,0,0
154,2025-11,10,373,0,0
154,2025-12,7,168,0,0
155,2025-01,4,167,0,0
155,2025-02,3,110,0,0
155,2025-03,4,82,3,1
155,2025-04,6,144,4,2
156,2025-09,14,445,0,0
156,2025-10,20,787,0,0
156,2025-11,14,515,0,0
156,2025-12,13,246,0,0
157,2024-11,0,0,0,0
157,2024-12,2,63,1,0
157,2025-01,0,0,0,0
157,2025-02,0,0,0,0
157,2025-03,0,0,0,0
158,2025-07,6,,0,0
158,2025-08,8,311,0,0
158,2025-09,4,110,0,1
159,2024-12,0,0,0,0
160,2024-11,0,0,0,0
160,2024-12,3,121,1,0
161,2024-11,1,24,0,0
161,2024-12,11,377,8,0
161,2025-01,3,89,2,0
161,2025-02,11,318,7,0
161,2025-03,3,103,2,2
161,2025-04,4,87,0,0
161,2025-05,5,115,2,0
161,2025-06,6,236,1,0
161,2025-07,4,80,1,0
161,2025-08,3,120,4,0
161,2025-09,1,28,0,0
161,2025-10,6,236,5,0
162,2025-10,0,0,0,0
162,2025-11,1,22,0,0
162,2025-12,0,0,0,0
163,2025-10,2,46,0,0
163,2025-11,1,40,0,0
163,2025-12,2,73,0,0
898,2025-07,3,92,0,0
164,2025-09,0,0,0,0
164,2025-10,4,162,0,0
164,2025-11,1,31,0,0
164,2025-12,2,72,0,0
165,2024-09,4,153,0,0
165,2024-10,2,62,0,0
165,2024-11,4,86,0,0
165,2024-12,3,107,0,0
165,2025-01,1,22,0,1
166,2025-10,0,0,0,0
1762,2025-07,0,0,0,0
166,2025-11,2,63,0,0
166,2025-12,3,65,0,0
167,2025-02,10,302,0,0
167,2025-03,11,405,0,0
167,2025-04,17,656,0,0
167,2025-05,11,376,0,0
167,2025-06,9,314,0,0
167,2025-07,10,278,0,0
167,2025-08,19,543,0,1
167,2025-09,8,236,0,0
167,2025-10,7,218,0,0
167,2025-11,8,150,0,0
167,2025-12,6,203,0,0
168,2024-09,2,52,0,1
168,2024-10,0,0,0,0
168,2024-11,4,99,1,0
168,2024-12,1,28,1,0
168,2025-01,1,21,1,0
168,2025-02,2,62,0,0
168,2025-03,2,72,1,0
168,2025-04,1,21,1,0
168,2025-05,2,59,0,0
168,2025-06,0,0,0,0
168,2025-07,0,0,0,0
168,2025-08,0,0,0,0
169,2024-10,2,77,0,0
170,2024-11,5,103,2,0
170,2024-12,6,141,5,0
170,2025-01,6,110,4,0
170,2025-02,7,142,1,1
170,2025-03,7,269,5,0
170,2025-04,10,,5,1
170,2025-05,7,246,4,1
170,2025-06,8,233,3,0
170,2025-07,4,132,2,1
170,2025-08,1,,0,1
170,2025-09,5,203,3,1
170,2025-10,6,157,4,0
170,2025-11,5,98,3,1
170,2025-12,5,141,2,0
171,2024-12,6,248,0,0
171,2025-01,5,135,0,0
171,2025-02,8,291,1,0
171,2025-03,6,131,2,0
171,2025-04,2,44,1,0
171,2025-05,8,296,1,0
171,2025-06,6,224,3,0
171,2025-07,4,140,2,0
171,2025-08,5,198,3,0
171,2025-09,10,294,3,1
171,2025-10,2,53,2,0
171,2025-11,5,105,2,0
1048,2025-01,3,125,0,0
172,2024-08,3,93,3,0
172,2024-09,2,58,0,0
172,2024-10,4,153,3,0
172,2024-11,4,145,2,0
172,2024-12,4,149,0,0
172,2025-01,3,,2,0
172,2025-02,2,70,1,0
172,2025-03,0,0,0,0
172,2025-04,2,51,0,0
172,2025-05,3,82,1,0
172,2025-06,0,0,0,0
172,2025-07,3,57,1,1
173,2025-05,5,117,1,0
173,2025-06,5,192,1,0
173,2025-07,4,132,1,0
173,2025-08,1,35,0,0
173,2025-09,5,145,2,0
173,2025-10,3,63,1,0
173,2025-11,6,,2,0
173,2025-12,4,109,1,1
174,2025-08,5,133,0,0
174,2025-09,14,540,0,1
174,2025-10,13,365,0,0
174,2025-11,9,293,0,0
174,2025-12,5,137,0,0
175,2024-08,3,95,0,0
175,2024-09,3,94,0,0
176,2024-12,7,218,0,0
176,2025-01,4,91,0,0
176,2025-02,10,338,0,0
176,2025-03,7,145,0,0
176,2025-04,5,136,0,1
176,2025-05,6,160,0,1
176,2025-06,5,114,0,0
176,2025-07,6,108,0,1
176,2025-08,6,197,0,0
176,2025-09,7,246,0,2
176,2025-10,3,58,0,0
176,2025-11,5,118,0,0
177,2025-05,2,41,0,1
177,2025-06,2,61,1,0
177,2025-07,7,151,1,0
177,2025-08,1,25,2,1
177,2025-09,2,41,1,0
177,2025-10,2,56,1,0
177,2025-11,1,39,1,0
177,2025-12,3,77,0,0
178,2025-02,3,117,1,0
179,2024-12,1,19,0,0
180,2025-05,7,210,1,0
180,2025-06,5,148,2,0
180,2025-07,6,188,3,0
181,2024-08,4,123,1,0
182,2024-09,2,38,0,0
182,2024-10,2,56,1,0
182,2024-11,0,0,0,0
182,2024-12,6,239,2,0
182,2025-01,1,36,2,0
182,2025-02,4,112,1,0
182,2025-03,1,42,1,0
182,2025-04,7,174,3,0
182,2025-05,2,48,0,0
182,2025-06,2,67,1,0
182,2025-07,2,69,1,0
182,2025-08,1,25,1,0
182,2025-09,3,68,1,0
182,2025-10,4,79,1,0
182,2025-11,6,178,0,1
182,2025-12,2,64,0,1
183,2024-09,3,119,0,0
183,2024-10,2,42,1,0
183,2024-11,1,29,0,0
183,2024-12,1,25,0,0
183,2025-01,2,42,1,0
183,2025-02,4,107,0,0
183,2025-03,2,60,1,0
183,2025-04,3,118,2,0
183,2025-05,1,21,0,0
183,2025-06,1,40,0,0
183,2025-07,1,26,1,1
183,2025-08,2,56,1,0
183,2025-09,1,20,0,0
184,2025-05,3,65,0,0
184,2025-06,3,107,0,0
184,2025-07,3,94,0,1
185,2025-10,6,114,0,0
185,2025-11,10,333,0,0
185,2025-12,3,75,0,0
186,2025-02,9,294,2,0
186,2025-03,8,200,1,0
186,2025-04,6,118,1,0
186,2025-05,10,378,1,0
186,2025-06,10,388,0,0
186,2025-07,10,359,5,0
186,2025-08,5,172,2,0
186,2025-09,9,249,2,0
186,2025-10,9,195,4,0
186,2025-11,10,260,2,0
186,2025-12,10,307,4,1
187,2025-02,6,208,1,0
187,2025-03,8,197,0,0
187,2025-04,5,157,3,0
187,2025-05,6,171,1,0
187,2025-06,6,239,2,0
187,2025-07,3,63,0,0
187,2025-08,6,219,2,0
187,2025-09,5,134,1,0
187,2025-10,6,206,1,0
187,2025-11,11,277,4,0
187,2025-12,2,59,3,0
188,2025-03,6,216,2,0
189,2025-03,3,106,0,0
189,2025-04,3,95,0,0
2111,2025-04,10,202,2,0
189,2025-05,6,225,0,1
189,2025-06,3,99,0,0
189,2025-07,4,164,0,0
189,2025-08,1,27,0,1
189,2025-09,3,104,0,1
189,2025-10,3,81,0,0
189,2025-11,5,101,0,0
189,2025-12,3,59,0,0
190,2025-04,4,155,0,0
190,2025-05,10,196,0,0
190,2025-06,6,229,0,0
190,2025-07,11,242,0,0
190,2025-08,10,396,0,0
190,2025-09,13,332,0,0
190,2025-10,12,474,0,0
190,2025-11,10,357,0,0
190,2025-12,7,269,0,0
191,2025-01,1,37,0,0
191,2025-02,2,63,0,0
191,2025-03,3,69,0,0
191,2025-04,11,301,0,0
191,2025-05,9,321,0,0
191,2025-06,3,71,0,0
191,2025-07,5,153,0,0
191,2025-08,1,31,0,0
191,2025-09,7,247,0,0
191,2025-10,4,125,0,0
191,2025-11,7,287,0,0
191,2025-12,7,245,0,0
192,2025-08,2,51,1,0
192,2025-09,4,165,2,0
192,2025-10,5,181,2,0
192,2025-11,1,29,0,0
192,2025-12,5,152,0,0
193,2025-08,1,26,0,0
193,2025-09,2,68,2,0
193,2025-10,1,34,0,0
193,2025-11,0,0,0,0
193,2025-12,0,0,0,0
194,2025-03,5,141,0,0
194,2025-04,7,181,0,0
194,2025-05,4,133,0,0
194,2025-06,4,155,0,0
194,2025-07,1,41,0,0
194,2025-08,4,143,0,0
194,2025-09,5,102,0,0
194,2025-10,2,55,0,0
194,2025-11,5,123,0,0
194,2025-12,5,166,0,0
195,2024-09,2,60,0,0
195,2024-10,7,229,0,0
195,2024-11,2,67,0,0
195,2024-12,1,33,0,0
195,2025-01,2,48,0,0
195,2025-02,2,62,0,0
195,2025-03,1,22,0,0
195,2025-04,1,22,0,0
195,2025-05,0,0,0,0
195,2025-06,0,0,0,0
195,2025-07,3,109,0,1
195,2025-08,0,0,0,2
195,2025-09,2,60,0,0
195,2025-10,0,0,0,0
195,2025-11,1,34,0,0
196,2025-04,1,34,1,0
196,2025-05,1,42,2,0
196,2025-06,3,68,1,0
196,2025-07,0,0,0,0
196,2025-08,5,104,3,0
196,2025-09,0,0,0,0
196,2025-10,2,57,3,0
196,2025-11,1,39,0,0
196,2025-12,1,31,0,0
197,2024-08,12,323,0,0
197,2024-09,10,322,0,0
197,2024-10,16,610,0,0
197,2024-11,11,242,0,0
197,2024-12,11,267,0,0
197,2025-01,15,509,0,0
197,2025-02,15,505,0,0
197,2025-03,15,,0,0
197,2025-04,13,302,0,0
197,2025-05,8,303,0,0
197,2025-06,12,418,0,0
197,2025-07,8,205,0,0
197,2025-08,20,667,0,0
197,2025-09,13,274,0,0
197,2025-10,6,205,0,0
197,2025-11,18,476,0,0
197,2025-12,14,571,0,0
198,2025-04,4,149,1,0
198,2025-05,1,29,0,0
199,2024-09,7,175,0,0
200,2024-11,0,,0,1
200,2024-12,3,118,0,0
200,2025-01,1,32,0,0
200,2025-02,2,83,0,0
200,2025-03,1,32,0,0
200,2025-04,1,19,0,2
200,2025-05,0,0,0,0
200,2025-06,0,0,0,1
200,2025-07,0,0,0,0
200,2025-08,0,0,0,1
200,2025-09,2,40,0,1
200,2025-10,2,71,0,1
201,2025-04,7,157,0,0
201,2025-05,5,190,0,0
201,2025-06,6,237,0,0
201,2025-07,7,170,0,0
201,2025-08,7,267,0,0
201,2025-09,6,190,0,0
201,2025-10,4,,0,0
201,2025-11,8,276,0,0
201,2025-12,3,112,0,1
202,2025-10,9,217,6,0
202,2025-11,15,282,2,0
202,2025-12,6,201,5,0
203,2025-07,5,180,0,0
203,2025-08,2,71,0,0
203,2025-09,6,219,0,0
203,2025-10,4,105,0,1
203,2025-11,4,110,0,0
203,2025-12,3,95,0,0
204,2024-07,1,19,0,0
204,2024-08,0,0,0,0
204,2024-09,2,55,0,0
205,2025-01,16,379,4,0
205,2025-02,19,485,4,0
205,2025-03,17,333,4,0
205,2025-04,12,296,2,0
205,2025-05,22,543,6,0
205,2025-06,11,337,2,0
205,2025-07,24,658,8,0
205,2025-08,20,546,3,0
205,2025-09,18,737,2,0
205,2025-10,19,573,1,0
205,2025-11,11,264,3,0
205,2025-12,15,531,1,0
206,2025-10,1,21,0,0
206,2025-11,2,79,0,1
206,2025-12,5,95,0,0
207,2025-09,4,87,0,0
207,2025-10,7,282,0,1
207,2025-11,9,219,0,0
207,2025-12,10,383,0,0
208,2025-04,2,73,0,1
209,2025-10,5,206,1,0
209,2025-11,8,221,2,0
209,2025-12,7,210,2,0
210,2025-05,1,26,0,0
210,2025-06,1,27,0,0
210,2025-07,1,30,0,0
210,2025-08,1,26,0,0
210,2025-09,4,107,0,0
210,2025-10,4,166,0,0
210,2025-11,1,20,0,0
210,2025-12,1,33,0,0
211,2024-10,5,161,0,0
211,2024-11,2,45,0,0
211,2024-12,2,61,0,0
211,2025-01,7,144,0,0
211,2025-02,6,147,0,0
211,2025-03,7,165,0,0
211,2025-04,2,79,0,0
211,2025-05,2,79,0,0
211,2025-06,4,77,0,0
211,2025-07,5,157,0,0
211,2025-08,6,136,0,0
211,2025-09,4,86,0,0
212,2025-07,1,23,0,0
212,2025-08,4,132,1,0
212,2025-09,0,0,0,0
212,2025-10,3,64,1,0
212,2025-11,0,0,0,0
212,2025-12,2,74,2,0
213,2025-10,1,35,0,0
213,2025-11,1,21,0,1
214,2025-07,8,185,1,0
214,2025-08,5,99,0,0
214,2025-09,4,114,0,0
214,2025-10,2,53,0,0
214,2025-11,9,243,1,0
215,2025-01,2,70,0,1
215,2025-02,2,67,0,1
215,2025-03,2,76,0,2
215,2025-04,1,40,0,0
215,2025-05,1,42,0,2
215,2025-06,1,27,0,0
215,2025-07,0,0,0,0
215,2025-08,0,0,0,1
215,2025-09,2,78,0,0
215,2025-10,2,72,0,0
215,2025-11,0,0,0,1
215,2025-12,0,0,0,1
216,2025-02,16,664,0,0
216,2025-03,10,267,0,0
216,2025-04,14,492,0,0
216,2025-05,13,467,0,0
216,2025-06,10,220,0,2
216,2025-07,21,863,0,1
216,2025-08,7,286,0,0
216,2025-09,18,532,0,0
216,2025-10,12,252,0,0
216,2025-11,13,415,0,0
216,2025-12,14,297,0,0
217,2025-05,1,22,0,0
217,2025-06,1,34,0,0
218,2024-11,9,217,4,0
218,2024-12,9,371,4,0
218,2025-01,6,249,2,0
218,2025-02,10,280,4,0
218,2025-03,10,234,3,0
218,2025-04,14,301,7,0
218,2025-05,9,170,0,0
218,2025-06,2,46,1,0
218,2025-07,8,210,4,1
218,2025-08,6,172,2,0
218,2025-09,4,148,2,0
218,2025-10,6,248,2,1
218,2025-11,7,150,1,0
218,2025-12,5,185,0,0
219,2025-08,10,347,2,0
219,2025-09,16,504,4,0
219,2025-10,11,368,4,0
219,2025-11,14,511,6,0
219,2025-12,13,432,4,0
220,2024-11,10,314,0,0
220,2024-12,11,407,0,0
220,2025-01,6,188,0,0
220,2025-02,5,162,0,0
220,2025-03,6,182,0,0
220,2025-04,10,265,0,0
220,2025-05,12,341,0,0
220,2025-06,6,120,0,0
220,2025-07,6,225,0,0
220,2025-08,4,136,0,0
220,2025-09,4,121,0,0
220,2025-10,6,,0,0
220,2025-11,8,323,0,0
220,2025-12,7,245,0,0
221,2025-09,7,271,1,0
221,2025-10,13,317,5,0
221,2025-11,12,217,3,0
221,2025-12,12,221,1,0
222,2024-07,7,137,0,0
222,2024-08,7,258,0,0
222,2024-09,5,162,0,0
223,2025-06,10,401,0,0
223,2025-07,13,492,0,0
223,2025-08,7,165,0,0
223,2025-09,5,149,0,0
223,2025-10,7,275,0,0
223,2025-11,8,286,0,0
223,2025-12,10,301,0,0
224,2024-10,0,0,0,0
224,2024-11,2,73,0,0
224,2024-12,1,33,0,0
224,2025-01,0,0,0,0
224,2025-02,1,,0,0
224,2025-03,0,0,0,1
225,2025-02,2,47,0,0
225,2025-03,1,25,0,0
225,2025-04,0,0,0,0
225,2025-05,0,0,0,1
225,2025-06,3,119,0,0
225,2025-07,1,24,0,0
225,2025-08,2,64,0,0
225,2025-09,1,19,0,1
225,2025-10,4,145,0,0
225,2025-11,2,60,0,0
225,2025-12,1,26,0,0
226,2025-10,5,95,4,0
226,2025-11,8,316,5,0
226,2025-12,5,117,4,0
227,2024-11,3,67,0,0
227,2024-12,2,48,0,0
227,2025-01,4,92,0,1
227,2025-02,1,39,0,0
227,2025-03,3,97,0,0
227,2025-04,2,54,0,0
227,2025-05,1,18,0,0
227,2025-06,1,,0,0
227,2025-07,1,35,0,0
227,2025-08,2,75,0,0
227,2025-09,2,57,0,0
227,2025-10,0,0,0,0
227,2025-11,2,55,0,0
227,2025-12,0,0,0,1
228,2024-10,4,149,0,0
228,2024-11,4,156,0,0
228,2024-12,5,119,2,0
228,2025-01,5,100,1,0
228,2025-02,6,215,2,0
228,2025-03,2,45,1,0
228,2025-04,7,138,0,0
228,2025-05,3,64,0,0
228,2025-06,1,25,0,0
228,2025-07,3,89,0,0
228,2025-08,13,334,0,0
228,2025-09,5,208,3,0
228,2025-10,11,324,1,0
228,2025-11,2,61,1,0
228,2025-12,8,276,3,0
229,2025-03,2,48,1,0
229,2025-04,3,96,0,0
229,2025-05,0,0,0,0
229,2025-06,1,26,0,0
229,2025-07,0,0,0,0
229,2025-08,0,0,0,0
229,2025-09,0,0,0,0
229,2025-10,0,0,0,0
229,2025-11,1,21,0,0
229,2025-12,1,31,0,0
230,2024-12,13,405,0,0
231,2024-11,7,180,1,0
232,2024-12,11,420,0,0
232,2025-01,8,286,0,0
232,2025-02,6,116,0,0
232,2025-03,5,153,0,0
232,2025-04,7,221,0,1
232,2025-05,3,114,0,0
232,2025-06,7,188,0,1
232,2025-07,4,117,0,1
232,2025-08,5,113,0,0
233,2025-03,7,222,0,0
233,2025-04,4,166,0,0
233,2025-05,2,48,0,0
233,2025-06,2,44,0,0
233,2025-07,5,115,0,0
233,2025-08,1,29,0,1
233,2025-09,2,44,0,1
233,2025-10,2,51,0,2
233,2025-11,2,41,0,0
233,2025-12,2,82,0,0
234,2025-06,3,105,0,0
235,2024-09,12,309,3,0
235,2024-10,8,,2,0
235,2024-11,9,253,1,0
235,2024-12,8,157,2,0
235,2025-01,16,501,3,0
235,2025-02,5,203,3,0
235,2025-03,6,218,1,0
235,2025-04,6,179,2,0
235,2025-05,10,363,3,0
235,2025-06,11,295,2,0
235,2025-07,5,132,2,0
235,2025-08,2,58,1,0
235,2025-09,8,170,2,1
235,2025-10,9,328,5,0
235,2025-11,12,280,3,0
235,2025-12,6,194,2,0
236,2024-10,1,27,0,0
236,2024-11,3,89,0,0
236,2024-12,2,82,0,0
236,2025-01,2,61,0,0
236,2025-02,0,0,0,0
236,2025-03,5,96,0,0
236,2025-04,1,38,0,0
236,2025-05,2,55,0,0
236,2025-06,3,82,0,0
237,2024-09,2,82,1,0
237,2024-10,4,142,0,0
237,2024-11,1,38,0,0
237,2024-12,1,20,0,0
237,2025-01,0,0,0,0
237,2025-02,2,66,0,0
238,2025-07,2,84,0,1
238,2025-08,5,121,0,0
238,2025-09,10,239,3,0
238,2025-10,4,103,1,0
238,2025-11,3,84,1,0
238,2025-12,3,92,1,0
239,2025-02,5,152,2,0
239,2025-03,6,146,1,1
239,2025-04,10,236,2,0
239,2025-05,13,346,2,0
239,2025-06,8,254,0,0
239,2025-07,10,285,1,0
239,2025-08,6,242,2,0
239,2025-09,13,477,4,0
239,2025-10,7,167,1,0
239,2025-11,2,,0,0
239,2025-12,4,158,2,0
240,2025-01,4,123,0,0
240,2025-02,4,160,0,0
240,2025-03,4,110,0,0
241,2025-04,2,81,1,0
241,2025-05,3,120,1,0
241,2025-06,1,21,1,0
241,2025-07,5,107,5,0
241,2025-08,6,197,1,0
241,2025-09,1,18,1,0
241,2025-10,3,66,0,0
241,2025-11,1,37,1,0
241,2025-12,5,130,3,0
242,2024-09,2,63,0,0
242,2024-10,0,0,0,0
242,2024-11,4,103,0,0
242,2024-12,3,119,0,0
242,2025-01,6,210,0,0
3648,2025-07,1,31,0,0
242,2025-02,2,65,0,0
242,2025-03,3,63,0,0
242,2025-04,4,131,0,0
242,2025-05,4,76,0,0
242,2025-06,4,110,0,0
242,2025-07,3,97,0,0
242,2025-08,1,33,0,0
242,2025-09,4,98,0,0
242,2025-10,4,113,0,0
242,2025-11,5,195,0,0
242,2025-12,7,156,0,0
243,2025-08,8,231,5,0
243,2025-09,14,359,3,1
243,2025-10,17,468,2,0
244,2025-05,0,0,0,0
245,2025-02,1,23,1,0
245,2025-03,2,39,0,1
245,2025-04,1,39,2,1
245,2025-05,2,41,2,0
245,2025-06,1,34,0,1
245,2025-07,0,0,0,1
245,2025-08,0,0,0,0
245,2025-09,1,30,2,0
245,2025-10,2,48,1,0
245,2025-11,0,0,0,2
245,2025-12,1,20,0,0
246,2025-08,6,146,0,1
246,2025-09,5,107,0,0
246,2025-10,2,60,0,0
246,2025-11,8,150,0,0
246,2025-12,4,168,0,0
247,2025-04,5,119,0,0
247,2025-05,6,159,0,0
247,2025-06,7,177,0,0
247,2025-07,5,116,0,0
247,2025-08,8,283,0,0
247,2025-09,9,173,0,0
247,2025-10,5,122,0,0
247,2025-11,9,165,0,0
247,2025-12,9,317,0,0
248,2024-10,1,38,0,0
248,2024-11,4,81,0,0
248,2024-12,1,38,0,1
248,2025-01,2,44,1,0
248,2025-02,1,22,0,0
248,2025-03,2,79,0,0
248,2025-04,0,0,0,0
248,2025-05,0,0,0,0
248,2025-06,0,0,0,0
248,2025-07,0,0,0,0
248,2025-08,3,64,0,0
248,2025-09,2,55,1,1
249,2024-07,14,538,4,0
249,2024-08,27,755,3,0
249,2024-09,20,582,7,0
249,2024-10,32,810,12,0
249,2024-11,22,833,4,0
249,2024-12,19,413,8,1
249,2025-01,19,773,8,0
249,2025-02,16,490,1,0
249,2025-03,21,507,3,0
249,2025-04,19,763,3,0
249,2025-05,22,636,3,1
249,2025-06,31,1189,8,0
249,2025-07,23,770,1,0
249,2025-08,12,227,3,0
249,2025-09,22,673,4,1
249,2025-10,18,736,4,0
249,2025-11,19,560,4,1
249,2025-12,24,745,10,0
250,2025-01,2,43,2,0
250,2025-02,1,33,0,0
250,2025-03,1,27,1,0
250,2025-04,1,22,0,0
250,2025-05,1,34,3,0
250,2025-06,2,58,0,0
250,2025-07,2,40,1,0
250,2025-08,2,52,0,0
250,2025-09,1,36,1,0
250,2025-10,3,104,1,0
250,2025-11,2,36,1,0
250,2025-12,1,27,0,0
251,2024-12,3,67,0,0
251,2025-01,3,107,2,1
251,2025-02,2,57,1,0
251,2025-03,5,107,0,0
251,2025-04,6,179,2,0
251,2025-05,0,0,0,0
252,2024-11,3,64,2,0
252,2024-12,1,24,0,0
252,2025-01,3,101,1,0
252,2025-02,3,63,3,0
252,2025-03,3,123,1,0
252,2025-04,2,50,0,0
252,2025-05,4,80,1,0
252,2025-06,4,141,0,0
253,2025-09,3,83,0,1
253,2025-10,0,0,0,0
253,2025-11,1,29,0,1
253,2025-12,0,0,0,0
254,2024-10,0,0,0,0
255,2024-10,2,69,0,0
255,2024-11,5,103,0,0
255,2024-12,10,381,0,0
255,2025-01,7,256,0,0
255,2025-02,5,143,0,1
255,2025-03,7,169,0,0
255,2025-04,6,205,0,0
255,2025-05,6,238,0,0
255,2025-06,8,259,0,0
255,2025-07,6,147,0,0
255,2025-08,9,173,0,1
255,2025-09,6,238,0,0
255,2025-10,7,236,0,0
255,2025-11,6,252,0,1
255,2025-12,8,285,0,0
256,2024-12,16,462,0,0
256,2025-01,14,576,0,0
256,2025-02,16,622,0,0
256,2025-03,20,568,0,0
3282,2025-12,0,0,0,0
256,2025-04,17,354,0,0
256,2025-05,9,188,0,0
256,2025-06,16,465,0,0
256,2025-07,27,764,0,0
256,2025-08,16,373,0,0
256,2025-09,15,402,0,0
256,2025-10,14,360,0,0
256,2025-11,15,270,0,0
256,2025-12,17,424,0,0
257,2024-11,6,121,2,0
257,2024-12,7,262,2,0
257,2025-01,3,95,1,0
257,2025-02,8,170,0,0
257,2025-03,2,53,0,0
257,2025-04,5,179,0,0
257,2025-05,6,153,0,0
257,2025-06,10,318,2,0
257,2025-07,10,262,2,0
257,2025-08,5,92,0,0
257,2025-09,8,310,2,0
257,2025-10,3,59,0,0
258,2024-09,0,0,0,0
258,2024-10,0,0,0,0
258,2024-11,0,0,0,0
258,2024-12,2,38,0,0
259,2025-03,12,344,4,0
259,2025-04,7,129,4,0
259,2025-05,13,297,6,0
259,2025-06,8,315,7,0
259,2025-07,12,395,6,0
259,2025-08,9,304,5,0
259,2025-09,11,427,1,0
259,2025-10,7,205,2,0
259,2025-11,4,102,2,0
259,2025-12,9,200,6,0
260,2025-10,1,37,0,0
260,2025-11,3,126,0,0
260,2025-12,2,72,0,0
261,2025-04,7,263,1,0
261,2025-05,10,367,1,0
261,2025-06,5,114,2,0
261,2025-07,9,329,1,1
262,2024-10,7,198,1,0
262,2024-11,11,239,3,0
262,2024-12,6,203,1,0
262,2025-01,9,238,5,0
262,2025-02,5,158,1,0
262,2025-03,6,117,0,0
262,2025-04,8,185,2,0
262,2025-05,12,395,4,0
262,2025-06,4,93,1,0
262,2025-07,6,217,2,0
262,2025-08,8,296,0,0
263,2024-12,0,0,0,0
264,2025-01,4,156,3,0
264,2025-02,4,164,1,0
264,2025-03,7,222,5,0
264,2025-04,4,128,2,0
264,2025-05,2,60,1,0
264,2025-06,7,230,3,0
264,2025-07,2,54,2,0
264,2025-08,5,167,3,0
264,2025-09,6,146,3,0
264,2025-10,4,100,0,0
264,2025-11,7,214,1,0
264,2025-12,2,50,4,0
265,2024-08,9,212,0,0
266,2025-06,3,59,1,0
267,2025-02,6,243,1,0
267,2025-03,19,398,6,1
267,2025-04,17,572,1,1
267,2025-05,13,423,5,0
267,2025-06,14,309,1,0
267,2025-07,19,773,5,0
267,2025-08,10,382,6,0
267,2025-09,9,353,5,0
267,2025-10,10,371,3,1
267,2025-11,8,300,2,0
267,2025-12,8,207,1,0
268,2024-12,3,81,0,0
268,2025-01,3,102,0,0
268,2025-02,5,199,0,0
268,2025-03,5,181,0,0
268,2025-04,3,75,0,0
268,2025-05,2,65,0,0
268,2025-06,1,27,0,0
268,2025-07,0,0,0,0
268,2025-08,0,0,0,0
268,2025-09,1,28,0,0
268,2025-10,1,26,0,0
268,2025-11,1,24,0,0
268,2025-12,3,64,0,0
269,2025-10,4,108,4,0
269,2025-11,6,112,2,0
269,2025-12,3,91,0,0
270,2025-04,4,97,0,1
270,2025-05,4,140,0,0
270,2025-06,5,207,0,0
270,2025-07,6,200,0,0
270,2025-08,5,147,0,0
270,2025-09,10,235,0,0
270,2025-10,3,124,0,0
270,2025-11,8,325,0,1
270,2025-12,7,227,0,1
271,2025-08,10,283,3,0
271,2025-09,13,504,9,0
271,2025-10,9,229,10,0
271,2025-11,14,561,5,0
271,2025-12,11,349,4,0
272,2025-03,8,323,2,0
272,2025-04,9,305,1,0
272,2025-05,5,117,1,0
272,2025-06,6,124,1,0
272,2025-07,4,101,1,0
272,2025-08,6,132,2,0
272,2025-09,7,145,3,0
272,2025-10,5,127,3,0
272,2025-11,3,103,1,1
272,2025-12,11,342,4,0
273,2025-05,7,211,0,0
273,2025-06,5,148,0,0
273,2025-07,6,128,0,0
274,2025-01,3,124,0,0
274,2025-02,4,113,0,0
274,2025-03,4,114,0,1
275,2025-06,1,22,1,0
275,2025-07,0,0,0,0
275,2025-08,1,40,1,1
275,2025-09,0,0,0,0
275,2025-10,0,0,0,0
275,2025-11,1,22,0,0
275,2025-12,0,0,0,0
276,2024-07,6,175,5,1
276,2024-08,6,236,0,0
276,2024-09,4,87,2,0
276,2024-10,6,132,0,1
276,2024-11,5,175,1,0
276,2024-12,6,155,1,1
277,2024-08,0,0,0,0
277,2024-09,0,0,0,0
277,2024-10,4,167,0,0
277,2024-11,2,83,0,0
277,2024-12,1,33,1,1
277,2025-01,2,38,0,0
277,2025-02,2,36,1,0
277,2025-03,1,28,0,0
277,2025-04,3,77,0,0
277,2025-05,1,36,1,0
277,2025-06,1,39,1,0
277,2025-07,1,24,0,0
278,2024-10,2,56,0,0
278,2024-11,1,20,0,0
278,2024-12,2,70,0,0
278,2025-01,2,45,0,0
278,2025-02,5,163,0,1
278,2025-03,5,192,0,0
278,2025-04,4,84,0,0
278,2025-05,1,27,0,0
278,2025-06,1,19,0,0
278,2025-07,2,63,0,0
278,2025-08,1,38,0,0
278,2025-09,1,31,0,0
279,2025-09,4,165,0,0
279,2025-10,4,123,0,0
279,2025-11,2,82,0,0
279,2025-12,5,134,0,0
280,2025-03,0,0,0,0
281,2025-03,1,18,0,0
281,2025-04,3,91,0,1
281,2025-05,0,0,0,0
281,2025-06,6,134,0,0
281,2025-07,1,23,0,1
282,2025-09,2,67,2,0
282,2025-10,0,0,0,0
282,2025-11,4,77,0,0
283,2024-07,1,30,0,0
283,2024-08,1,20,0,0
284,2024-12,2,78,0,0
285,2024-09,5,117,0,0
285,2024-10,5,116,0,0
285,2024-11,7,131,0,0
285,2024-12,9,246,0,0
285,2025-01,5,153,0,0
285,2025-02,7,126,0,0
285,2025-03,12,464,0,0
285,2025-04,5,174,0,0
285,2025-05,7,154,0,0
285,2025-06,9,177,0,0
285,2025-07,5,100,0,0
285,2025-08,2,57,0,1
285,2025-09,9,247,0,0
285,2025-10,3,94,0,0
285,2025-11,6,182,0,0
285,2025-12,8,177,0,0
286,2025-09,4,155,2,0
286,2025-10,5,157,1,0
286,2025-11,3,67,1,0
286,2025-12,5,183,3,0
287,2024-12,1,27,0,0
287,2025-01,0,0,0,0
287,2025-02,1,22,0,0
287,2025-03,1,25,0,0
288,2025-05,3,69,0,0
288,2025-06,8,281,0,0
288,2025-07,4,114,0,0
288,2025-08,6,119,0,0
289,2024-09,0,0,0,0
289,2024-10,4,75,0,0
289,2024-11,2,41,0,0
289,2024-12,1,26,0,0
290,2024-11,0,0,0,0
290,2024-12,1,37,0,0
290,2025-01,1,24,0,0
291,2024-12,5,114,0,0
291,2025-01,2,77,1,0
291,2025-02,2,38,1,0
291,2025-03,1,20,0,0
291,2025-04,2,71,0,0
292,2025-03,5,126,3,0
292,2025-04,1,27,1,0
292,2025-05,14,558,5,0
292,2025-06,2,53,0,0
292,2025-07,9,365,0,0
292,2025-08,6,168,2,0
292,2025-09,5,118,6,0
292,2025-10,6,174,3,0
292,2025-11,4,82,1,0
292,2025-12,10,267,3,1
293,2025-07,4,110,0,0
293,2025-08,4,123,1,0
293,2025-09,0,0,0,0
293,2025-10,6,128,2,0
293,2025-11,1,,2,1
293,2025-12,3,71,0,3
294,2025-03,1,42,0,0
294,2025-04,0,0,0,0
294,2025-05,1,28,0,0
294,2025-06,1,27,0,0
295,2025-07,4,167,2,0
295,2025-08,15,591,3,0
295,2025-09,10,405,0,0
295,2025-10,7,193,3,0
295,2025-11,9,197,4,0
295,2025-12,9,221,2,0
296,2024-10,0,0,0,0
296,2024-11,3,71,0,1
296,2024-12,2,42,0,0
296,2025-01,2,78,0,0
296,2025-02,1,26,0,0
296,2025-03,2,51,0,0
296,2025-04,1,22,0,0
296,2025-05,1,39,0,0
296,2025-06,0,0,0,0
296,2025-07,1,26,0,0
296,2025-08,0,0,0,0
296,2025-09,0,0,0,0
297,2024-09,5,134,1,0
297,2024-10,4,133,3,0
297,2024-11,3,63,3,0
297,2024-12,8,241,6,0
297,2025-01,7,141,3,0
297,2025-02,3,74,2,0
297,2025-03,7,249,5,0
297,2025-04,2,80,0,0
297,2025-05,4,146,2,0
297,2025-06,6,177,2,0
297,2025-07,2,51,1,1
297,2025-08,4,102,4,0
297,2025-09,4,113,1,0
297,2025-10,3,122,1,1
297,2025-11,3,126,1,0
297,2025-12,4,142,2,1
298,2025-02,2,68,0,1
298,2025-03,4,120,0,0
298,2025-04,5,194,1,0
298,2025-05,2,47,3,0
298,2025-06,5,100,1,1
298,2025-07,1,35,0,0
298,2025-08,2,44,2,1
298,2025-09,2,76,1,0
298,2025-10,1,34,1,0
298,2025-11,6,248,0,0
298,2025-12,0,0,0,0
938,2025-05,0,0,0,2
299,2025-02,2,64,0,0
299,2025-03,2,38,0,0
299,2025-04,3,106,0,0
299,2025-05,2,58,0,0
299,2025-06,5,177,0,0
299,2025-07,4,96,0,0
299,2025-08,1,31,0,0
299,2025-09,6,176,0,0
299,2025-10,8,256,0,0
299,2025-11,3,,0,0
299,2025-12,1,20,0,0
300,2024-12,1,39,0,0
300,2025-01,4,86,0,0
300,2025-02,2,53,0,0
300,2025-03,1,25,0,0
300,2025-04,2,45,0,0
300,2025-05,2,38,0,0
300,2025-06,3,54,0,1
300,2025-07,1,20,0,1
300,2025-08,4,102,0,1
300,2025-09,2,73,0,0
300,2025-10,2,46,0,1
300,2025-11,1,32,0,0
300,2025-12,3,64,0,2
301,2024-08,1,28,0,0
301,2024-09,2,77,1,0
301,2024-10,2,80,1,0
301,2024-11,2,67,1,0
301,2024-12,3,112,0,0
301,2025-01,1,29,0,0
301,2025-02,0,0,0,0
301,2025-03,1,41,0,0
301,2025-04,1,29,0,0
302,2025-05,0,0,0,0
302,2025-06,2,65,0,0
302,2025-07,3,106,0,0
302,2025-08,4,124,0,0
302,2025-09,2,52,0,0
302,2025-10,1,32,0,0
302,2025-11,2,81,0,0
303,2025-04,4,93,0,0
303,2025-05,6,231,0,0
303,2025-06,5,171,0,0
303,2025-07,6,156,0,0
303,2025-08,2,38,0,0
303,2025-09,4,119,0,0
303,2025-10,7,208,0,0
303,2025-11,5,92,0,0
303,2025-12,2,68,0,1
304,2024-08,1,30,0,0
304,2024-09,1,24,0,0
304,2024-10,1,35,0,0
304,2024-11,3,79,1,0
304,2024-12,3,67,1,0
304,2025-01,2,75,0,0
304,2025-02,0,0,0,0
304,2025-03,4,137,2,0
304,2025-04,1,21,0,0
304,2025-05,1,42,0,0
304,2025-06,0,0,0,0
304,2025-07,2,71,2,0
304,2025-08,2,76,0,0
304,2025-09,0,0,0,0
304,2025-10,1,35,0,0
304,2025-11,1,36,1,0
304,2025-12,0,0,0,0
305,2025-03,1,34,0,0
305,2025-04,5,209,0,0
305,2025-05,7,141,0,0
305,2025-06,6,125,0,0
305,2025-07,3,110,0,0
305,2025-08,1,30,0,0
305,2025-09,3,73,0,0
305,2025-10,4,107,0,0
305,2025-11,2,44,0,0
305,2025-12,3,78,0,0
306,2024-08,3,116,0,0
306,2024-09,6,140,0,1
306,2024-10,12,377,0,0
306,2024-11,5,107,0,0
306,2024-12,10,236,0,0
306,2025-01,8,331,0,0
306,2025-02,10,308,0,0
306,2025-03,8,227,0,0
306,2025-04,7,197,0,0
306,2025-05,14,315,0,0
306,2025-06,12,297,0,0
306,2025-07,5,161,0,0
306,2025-08,8,190,0,0
306,2025-09,6,212,0,0
306,2025-10,9,358,0,0
306,2025-11,10,268,0,0
306,2025-12,8,204,0,1
307,2025-03,3,65,1,0
307,2025-04,1,41,0,0
307,2025-05,0,0,0,0
307,2025-06,2,59,1,0
307,2025-07,4,133,0,0
307,2025-08,0,0,0,0
307,2025-09,1,25,0,0
307,2025-10,0,0,0,1
307,2025-11,0,0,0,0
307,2025-12,0,0,0,0
308,2025-10,7,211,1,0
308,2025-11,8,284,1,0
308,2025-12,1,18,0,1
309,2025-10,1,24,0,0
310,2025-08,3,85,0,0
310,2025-09,4,92,2,0
310,2025-10,1,36,1,0
310,2025-11,2,78,0,0
310,2025-12,5,165,2,0
311,2025-10,3,64,0,0
311,2025-11,6,217,0,0
311,2025-12,3,116,1,0
312,2024-11,3,83,0,0
312,2024-12,6,234,1,0
312,2025-01,5,187,1,0
312,2025-02,6,172,0,0
312,2025-03,2,50,1,0
312,2025-04,5,185,2,0
312,2025-05,1,28,1,1
312,2025-06,3,61,1,0
312,2025-07,5,148,1,0
312,2025-08,6,241,1,0
312,2025-09,3,55,0,0
312,2025-10,1,32,0,0
312,2025-11,5,175,1,0
312,2025-12,4,149,0,0
313,2024-10,2,44,3,1
313,2024-11,7,181,5,0
313,2024-12,0,0,0,0
313,2025-01,3,106,1,0
313,2025-02,3,125,2,0
313,2025-03,6,143,4,0
313,2025-04,1,38,0,0
313,2025-05,2,79,2,0
313,2025-06,2,70,0,0
313,2025-07,4,73,0,0
313,2025-08,1,24,1,0
313,2025-09,1,35,0,0
314,2025-02,2,83,0,0
314,2025-03,1,39,2,0
314,2025-04,2,76,1,1
315,2025-08,5,194,0,0
315,2025-09,0,0,0,0
316,2025-06,7,255,1,0
316,2025-07,5,98,1,0
316,2025-08,7,245,5,1
316,2025-09,5,193,0,1
316,2025-10,3,93,1,0
316,2025-11,4,151,0,0
316,2025-12,4,79,0,0
317,2025-09,3,86,2,0
317,2025-10,10,353,3,0
317,2025-11,3,100,0,0
317,2025-12,2,42,2,0
318,2025-08,0,0,0,0
319,2025-03,2,73,2,0
319,2025-04,5,186,1,0
319,2025-05,8,162,2,0
319,2025-06,0,0,0,0
319,2025-07,3,121,1,0
319,2025-08,0,0,0,0
319,2025-09,2,61,2,0
319,2025-10,1,32,0,0
319,2025-11,2,49,0,0
319,2025-12,1,29,0,0
320,2025-07,5,186,0,0
320,2025-08,5,129,3,1
320,2025-09,4,137,4,0
320,2025-10,11,285,4,0
320,2025-11,5,190,1,0
320,2025-12,4,94,1,0
321,2025-07,9,188,0,0
321,2025-08,14,334,0,0
321,2025-09,10,254,0,0
321,2025-10,5,191,0,0
321,2025-11,15,354,0,0
321,2025-12,16,662,0,0
322,2024-08,5,91,0,1
322,2024-09,6,189,0,0
322,2024-10,8,277,0,0
322,2024-11,8,288,0,1
322,2024-12,6,132,0,1
322,2025-01,3,66,0,0
322,2025-02,7,253,0,0
322,2025-03,8,172,0,1
323,2025-05,1,20,0,0
323,2025-06,0,0,0,0
324,2025-04,9,218,3,0
324,2025-05,4,81,2,0
324,2025-06,5,146,3,0
324,2025-07,7,131,3,0
324,2025-08,7,222,1,0
324,2025-09,7,164,3,0
324,2025-10,10,315,2,0
324,2025-11,6,208,0,0
299,2025-08,1,31,0,0
325,2024-07,8,336,1,0
325,2024-08,11,377,2,0
325,2024-09,4,146,2,0
325,2024-10,7,,2,0
325,2024-11,9,314,1,1
325,2024-12,9,209,3,0
325,2025-01,6,110,0,0
325,2025-02,5,100,0,0
325,2025-03,6,200,1,0
325,2025-04,8,301,5,0
325,2025-05,7,293,3,0
325,2025-06,3,93,0,0
325,2025-07,3,63,1,0
325,2025-08,10,,2,0
325,2025-09,6,113,3,0
325,2025-10,7,200,3,0
325,2025-11,5,172,2,0
325,2025-12,6,129,4,0
326,2024-11,2,43,0,0
326,2024-12,2,55,0,1
326,2025-01,2,61,0,1
326,2025-02,5,101,0,0
326,2025-03,2,39,0,0
326,2025-04,3,84,0,0
326,2025-05,4,94,0,0
326,2025-06,4,81,0,0
326,2025-07,2,45,0,0
326,2025-08,1,18,0,2
326,2025-09,2,61,0,0
326,2025-10,0,0,0,0
327,2025-10,7,169,0,0
327,2025-11,7,278,0,0
327,2025-12,4,164,0,0
328,2025-09,4,81,2,0
328,2025-10,2,42,0,1
328,2025-11,5,111,2,1
328,2025-12,3,99,0,1
329,2024-10,4,92,0,0
329,2024-11,0,0,0,0
329,2024-12,0,0,0,0
329,2025-01,3,,1,0
329,2025-02,4,154,2,0
329,2025-03,1,33,1,0
330,2025-09,2,82,1,0
330,2025-10,0,0,0,1
331,2024-10,1,25,0,0
331,2024-11,2,78,0,0
331,2024-12,4,160,0,0
331,2025-01,2,59,0,0
331,2025-02,0,0,0,0
331,2025-03,1,32,0,0
332,2025-09,8,216,1,0
332,2025-10,13,505,3,0
332,2025-11,13,306,2,0
332,2025-12,14,539,3,0
333,2025-09,1,19,0,0
333,2025-10,1,23,0,1
334,2024-09,1,20,0,0
334,2024-10,7,234,1,0
334,2024-11,3,122,2,0
335,2025-01,0,0,0,0
335,2025-02,7,154,0,0
335,2025-03,7,137,0,0
335,2025-04,5,176,0,0
335,2025-05,6,121,0,0
336,2024-08,0,,0,0
336,2024-09,6,179,2,0
337,2025-02,5,200,0,0
337,2025-03,6,239,0,0
337,2025-04,3,117,0,1
337,2025-05,11,260,0,0
337,2025-06,4,102,0,0
337,2025-07,8,153,0,0
337,2025-08,3,85,0,0
337,2025-09,5,121,0,0
337,2025-10,6,182,0,0
337,2025-11,5,102,0,0
337,2025-12,4,96,0,0
338,2025-05,0,0,0,0
338,2025-06,1,27,0,0
338,2025-07,1,28,0,0
339,2024-11,6,167,1,0
339,2024-12,5,121,3,0
339,2025-01,1,35,0,0
339,2025-02,2,65,2,0
339,2025-03,4,129,1,0
339,2025-04,1,20,0,0
340,2024-09,2,72,1,0
340,2024-10,5,136,1,0
340,2024-11,1,20,0,0
340,2024-12,4,85,0,1
340,2025-01,7,147,2,0
340,2025-02,5,92,2,0
340,2025-03,4,144,0,1
340,2025-04,5,165,2,0
340,2025-05,3,124,1,0
340,2025-06,3,109,1,0
340,2025-07,4,128,1,0
340,2025-08,5,105,4,1
341,2025-03,6,133,0,0
341,2025-04,20,734,0,0
341,2025-05,13,489,0,0
341,2025-06,14,531,0,0
341,2025-07,11,291,0,0
341,2025-08,12,348,0,0
342,2025-08,7,250,0,0
342,2025-09,3,99,0,0
342,2025-10,6,168,0,0
342,2025-11,6,226,0,0
342,2025-12,7,169,0,0
343,2024-12,3,59,0,0
343,2025-01,2,67,0,0
343,2025-02,3,95,1,0
343,2025-03,2,43,2,0
343,2025-04,2,39,0,1
343,2025-05,3,57,0,0
343,2025-06,1,28,0,1
343,2025-07,5,181,0,0
343,2025-08,2,37,0,0
343,2025-09,1,20,1,0
343,2025-10,2,70,2,0
343,2025-11,2,58,0,0
343,2025-12,2,59,0,0
344,2025-01,3,108,2,1
344,2025-02,8,159,4,0
344,2025-03,3,85,2,0
344,2025-04,3,82,2,0
344,2025-05,6,127,4,0
344,2025-06,9,260,1,0
344,2025-07,2,46,1,1
344,2025-08,4,141,0,0
344,2025-09,4,106,2,0
344,2025-10,5,183,5,0
344,2025-11,5,177,1,0
344,2025-12,3,111,3,0
345,2025-02,7,147,1,0
345,2025-03,1,34,1,0
345,2025-04,5,143,1,0
345,2025-05,2,70,1,0
345,2025-06,9,219,0,0
345,2025-07,6,138,2,0
345,2025-08,3,99,1,0
345,2025-09,5,204,2,0
345,2025-10,2,37,0,0
345,2025-11,3,107,1,0
345,2025-12,6,216,1,0
346,2025-01,1,20,0,1
346,2025-02,4,142,0,1
346,2025-03,4,116,0,2
346,2025-04,2,46,0,0
346,2025-05,6,127,0,0
346,2025-06,2,69,0,0
346,2025-07,4,116,0,0
346,2025-08,3,69,0,0
346,2025-09,8,277,0,1
346,2025-10,1,28,0,0
346,2025-11,4,122,0,0
346,2025-12,2,82,0,0
347,2025-01,3,93,0,0
347,2025-02,0,0,0,0
347,2025-03,1,28,0,0
347,2025-04,1,34,0,1
348,2025-05,6,222,3,0
348,2025-06,3,75,2,0
348,2025-07,3,118,1,0
348,2025-08,3,74,2,0
348,2025-09,2,58,2,0
348,2025-10,3,73,4,0
348,2025-11,3,91,3,0
348,2025-12,7,148,8,0
349,2025-03,6,240,1,0
349,2025-04,2,43,0,0
349,2025-05,2,36,0,0
349,2025-06,2,82,0,0
349,2025-07,5,161,1,0
349,2025-08,1,21,0,0
349,2025-09,3,55,1,0
349,2025-10,0,0,0,0
349,2025-11,1,34,1,0
349,2025-12,0,0,0,0
350,2025-08,7,273,0,1
350,2025-09,10,392,2,0
350,2025-10,4,109,1,0
350,2025-11,2,65,0,0
350,2025-12,8,258,0,0
351,2025-02,6,128,2,0
351,2025-03,4,145,0,0
351,2025-04,5,116,1,0
351,2025-05,9,170,2,0
351,2025-06,1,27,0,0
351,2025-07,2,79,4,0
351,2025-08,2,82,0,1
351,2025-09,7,160,4,0
351,2025-10,7,261,1,0
351,2025-11,6,210,3,0
351,2025-12,2,82,0,0
352,2025-04,3,122,0,0
352,2025-05,2,53,1,0
352,2025-06,6,157,2,1
352,2025-07,4,132,0,0
352,2025-08,3,89,0,0
352,2025-09,2,57,0,0
352,2025-10,5,193,1,0
352,2025-11,6,177,1,0
352,2025-12,4,145,0,0
353,2025-02,3,118,2,0
353,2025-03,5,99,0,0
353,2025-04,6,230,2,1
353,2025-05,3,96,3,0
353,2025-06,6,144,4,0
353,2025-07,2,42,0,0
353,2025-08,5,148,1,1
354,2024-07,1,35,0,0
354,2024-08,0,0,0,0
354,2024-09,1,29,0,0
355,2025-07,5,130,2,1
355,2025-08,5,200,0,1
355,2025-09,4,110,0,0
355,2025-10,4,76,0,0
355,2025-11,6,248,2,0
355,2025-12,3,89,2,0
356,2025-03,1,41,0,0
356,2025-04,3,64,0,0
356,2025-05,2,75,0,0
356,2025-06,3,,0,0
356,2025-07,4,78,0,0
356,2025-08,1,26,0,0
356,2025-09,2,51,0,0
356,2025-10,1,30,0,0
356,2025-11,3,99,0,0
356,2025-12,1,36,0,0
357,2025-08,19,727,0,0
357,2025-09,18,638,0,0
357,2025-10,14,563,0,0
357,2025-11,14,539,0,0
357,2025-12,13,454,0,0
358,2025-10,0,0,0,0
358,2025-11,3,87,0,0
358,2025-12,1,35,0,1
359,2024-10,8,164,1,0
359,2024-11,7,236,1,0
359,2024-12,4,81,1,0
359,2025-01,8,161,5,0
359,2025-02,5,133,2,1
359,2025-03,3,112,1,0
359,2025-04,9,183,2,0
359,2025-05,5,180,2,0
359,2025-06,9,162,1,0
359,2025-07,9,347,3,0
359,2025-08,8,293,1,0
359,2025-09,7,288,2,0
359,2025-10,7,140,2,0
359,2025-11,4,137,1,0
359,2025-12,5,126,0,0
360,2024-08,3,101,1,0
360,2024-09,5,180,0,0
360,2024-10,2,84,0,0
360,2024-11,2,73,0,0
360,2024-12,1,36,0,1
361,2024-12,4,127,1,0
361,2025-01,4,126,4,0
361,2025-02,4,101,2,0
361,2025-03,2,42,0,0
361,2025-04,2,54,1,0
362,2024-08,4,109,3,0
362,2024-09,2,48,0,0
362,2024-10,5,182,1,0
362,2024-11,3,96,2,0
362,2024-12,5,192,2,0
362,2025-01,2,39,0,0
362,2025-02,5,201,2,0
362,2025-03,4,125,3,1
362,2025-04,1,24,0,0
362,2025-05,7,173,1,0
362,2025-06,5,144,4,0
362,2025-07,1,21,0,0
362,2025-08,3,91,3,0
362,2025-09,5,196,3,0
362,2025-10,3,117,2,1
362,2025-11,4,163,1,0
362,2025-12,3,95,1,0
363,2025-05,9,241,0,0
363,2025-06,10,225,0,0
363,2025-07,9,219,0,0
363,2025-08,9,317,0,0
363,2025-09,11,305,0,0
363,2025-10,8,321,0,0
363,2025-11,12,297,0,0
363,2025-12,8,,0,0
364,2025-03,1,25,0,0
365,2024-07,2,67,0,1
365,2024-08,1,30,0,0
365,2024-09,3,106,0,0
365,2024-10,1,23,0,2
365,2024-11,0,0,0,0
365,2024-12,2,54,0,0
365,2025-01,1,31,0,0
366,2024-07,6,115,2,0
366,2024-08,9,354,6,0
366,2024-09,5,104,5,0
366,2024-10,3,115,3,0
366,2024-11,3,107,1,0
366,2024-12,4,141,2,0
366,2025-01,2,61,1,0
366,2025-02,1,29,1,0
366,2025-03,1,24,1,0
366,2025-04,1,30,0,0
366,2025-05,1,35,0,0
366,2025-06,0,0,0,0
367,2025-08,7,135,0,0
367,2025-09,9,278,0,0
367,2025-10,7,211,0,0
367,2025-11,11,315,0,0
367,2025-12,11,240,0,0
368,2025-04,4,138,0,0
368,2025-05,1,24,1,0
368,2025-06,1,31,2,0
368,2025-07,0,0,0,1
368,2025-08,3,69,1,0
368,2025-09,2,79,0,0
368,2025-10,1,31,1,0
368,2025-11,3,82,0,0
368,2025-12,1,35,0,0
369,2025-03,4,158,0,0
369,2025-04,5,191,0,0
369,2025-05,5,104,2,0
370,2025-06,8,323,1,0
370,2025-07,8,215,3,0
370,2025-08,7,259,3,0
370,2025-09,15,293,7,0
370,2025-10,4,83,0,0
370,2025-11,10,238,2,0
370,2025-12,10,417,4,0
371,2024-10,4,131,0,0
371,2024-11,4,149,0,0
371,2024-12,6,156,0,0
371,2025-01,5,122,0,0
372,2025-03,5,181,4,1
372,2025-04,2,71,0,0
372,2025-05,4,128,1,0
372,2025-06,6,212,3,0
372,2025-07,5,147,2,0
372,2025-08,5,117,2,0
372,2025-09,6,149,3,0
372,2025-10,5,209,2,0
372,2025-11,4,82,1,0
372,2025-12,4,133,1,0
373,2024-12,4,100,0,0
116,2025-08,8,273,4,0
373,2025-01,7,286,0,0
373,2025-02,6,213,0,0
373,2025-03,7,174,0,0
373,2025-04,3,112,0,0
373,2025-05,4,93,0,0
373,2025-06,3,70,0,0
373,2025-07,4,140,0,0
373,2025-08,7,284,0,0
373,2025-09,4,75,0,0
373,2025-10,6,228,0,0
373,2025-11,1,18,0,0
374,2025-02,3,83,0,0
375,2025-04,11,241,3,0
375,2025-05,14,537,8,1
375,2025-06,2,69,0,1
375,2025-07,9,277,2,0
375,2025-08,9,359,3,0
375,2025-09,9,301,3,0
375,2025-10,14,413,2,2
375,2025-11,9,324,2,0
375,2025-12,8,239,0,1
376,2025-05,1,20,0,0
376,2025-06,2,58,0,0
376,2025-07,5,202,0,0
376,2025-08,4,83,0,0
376,2025-09,0,0,0,0
377,2025-01,1,28,0,0
377,2025-02,2,63,0,0
377,2025-03,0,0,0,0
377,2025-04,0,0,0,0
377,2025-05,0,0,0,0
377,2025-06,0,0,0,0
377,2025-07,0,0,0,0
377,2025-08,2,61,0,0
377,2025-09,0,0,0,0
377,2025-10,0,0,0,0
377,2025-11,0,0,0,0
377,2025-12,1,35,0,0
378,2025-10,4,121,0,0
378,2025-11,2,83,0,0
378,2025-12,1,26,0,0
379,2025-04,1,24,0,0
379,2025-05,2,75,0,0
379,2025-06,2,64,0,0
379,2025-07,1,28,1,0
379,2025-08,2,47,0,0
379,2025-09,1,31,1,0
379,2025-10,1,32,1,0
379,2025-11,2,82,0,0
379,2025-12,1,38,1,0
380,2024-11,0,0,0,0
381,2025-03,0,0,0,0
381,2025-04,3,119,0,1
381,2025-05,0,0,0,0
381,2025-06,2,65,0,0
381,2025-07,1,36,0,0
381,2025-08,0,0,0,0
381,2025-09,0,,0,0
381,2025-10,0,0,0,0
381,2025-11,0,0,0,0
381,2025-12,1,,0,0
382,2024-11,8,321,0,1
382,2024-12,6,130,0,0
382,2025-01,3,100,0,0
382,2025-02,9,270,0,0
382,2025-03,9,362,0,0
382,2025-04,13,294,0,0
382,2025-05,4,75,0,0
382,2025-06,4,80,0,0
382,2025-07,3,82,0,0
382,2025-08,7,236,0,0
382,2025-09,6,198,0,0
382,2025-10,5,121,0,0
382,2025-11,10,408,0,1
382,2025-12,3,72,0,0
383,2024-07,5,128,0,0
383,2024-08,3,106,1,0
383,2024-09,4,168,1,0
383,2024-10,4,128,0,0
383,2024-11,6,109,1,0
383,2024-12,6,193,0,0
383,2025-01,1,42,1,0
383,2025-02,4,155,0,0
383,2025-03,3,93,0,0
383,2025-04,1,22,0,0
383,2025-05,4,114,0,0
383,2025-06,3,125,0,0
383,2025-07,3,70,0,0
383,2025-08,6,225,1,0
383,2025-09,2,63,0,0
383,2025-10,3,93,2,1
383,2025-11,1,31,1,0
383,2025-12,2,39,1,0
384,2025-09,2,59,1,0
385,2025-05,0,0,0,0
386,2025-09,4,94,2,0
386,2025-10,11,249,4,0
386,2025-11,9,254,1,0
386,2025-12,18,727,2,0
387,2025-08,3,89,1,1
388,2025-04,2,62,0,0
388,2025-05,4,91,2,0
388,2025-06,3,61,1,0
388,2025-07,0,0,0,0
389,2025-08,4,142,0,0
389,2025-09,0,0,0,0
389,2025-10,2,61,0,0
389,2025-11,0,0,0,0
389,2025-12,3,59,0,0
390,2025-04,4,137,1,0
390,2025-05,2,39,0,0
390,2025-06,3,63,2,0
390,2025-07,0,0,0,0
390,2025-08,0,0,0,0
390,2025-09,0,0,0,0
390,2025-10,1,32,0,0
390,2025-11,1,41,1,1
390,2025-12,1,21,0,0
391,2025-05,0,,0,1
392,2025-04,5,112,2,0
392,2025-05,1,42,1,0
392,2025-06,3,73,0,0
392,2025-07,5,196,3,0
392,2025-08,1,20,1,0
392,2025-09,5,197,4,0
392,2025-10,6,181,3,0
392,2025-11,3,120,3,0
392,2025-12,2,,1,0
393,2025-07,3,123,0,0
393,2025-08,0,0,0,0
394,2024-07,8,231,0,0
394,2024-08,4,147,0,0
394,2024-09,10,388,0,0
394,2024-10,16,638,0,0
394,2024-11,10,316,0,1
394,2024-12,11,327,0,0
394,2025-01,12,493,0,0
394,2025-02,6,153,0,0
394,2025-03,5,199,0,0
394,2025-04,5,196,0,0
394,2025-05,10,350,0,0
394,2025-06,7,213,0,0
395,2024-12,1,25,0,0
395,2025-01,0,0,0,0
395,2025-02,3,107,0,0
395,2025-03,2,74,0,0
395,2025-04,0,0,0,1
395,2025-05,2,51,0,0
395,2025-06,0,0,0,0
395,2025-07,0,0,0,0
395,2025-08,2,46,1,0
395,2025-09,1,34,0,0
395,2025-10,0,0,0,0
395,2025-11,0,0,0,0
396,2025-08,1,26,0,0
397,2024-09,1,29,0,0
398,2024-12,2,61,2,0
398,2025-01,2,73,1,0
398,2025-02,2,54,1,0
398,2025-03,1,37,0,0
398,2025-04,2,84,0,0
398,2025-05,2,60,0,0
398,2025-06,2,75,0,1
398,2025-07,2,38,3,0
398,2025-08,2,80,0,0
398,2025-09,6,125,1,0
398,2025-10,2,45,0,0
398,2025-11,1,28,2,0
399,2025-07,0,0,0,0
399,2025-08,4,138,0,0
399,2025-09,1,31,0,0
399,2025-10,4,145,0,0
400,2025-06,2,54,0,1
400,2025-07,2,50,2,0
400,2025-08,3,90,2,0
400,2025-09,1,37,0,0
400,2025-10,0,0,0,0
400,2025-11,2,56,0,0
400,2025-12,2,37,1,0
401,2024-11,1,18,1,0
401,2024-12,1,34,0,0
401,2025-01,3,98,0,0
401,2025-02,2,49,0,0
401,2025-03,1,20,0,0
401,2025-04,1,34,0,0
402,2025-03,4,135,0,0
402,2025-04,7,294,0,0
402,2025-05,4,118,0,0
402,2025-06,6,234,0,0
402,2025-07,4,99,0,0
402,2025-08,7,227,0,0
402,2025-09,5,193,0,0
402,2025-10,3,91,0,0
402,2025-11,7,135,0,0
402,2025-12,5,96,0,0
403,2025-10,5,175,0,0
403,2025-11,3,96,0,0
403,2025-12,3,76,0,1
404,2025-06,2,50,0,0
404,2025-07,2,,0,0
404,2025-08,3,111,0,0
404,2025-09,1,23,0,0
404,2025-10,1,25,0,0
404,2025-11,1,41,1,0
404,2025-12,2,80,0,0
405,2024-08,4,134,0,0
405,2024-09,1,33,0,1
405,2024-10,4,165,0,0
405,2024-11,3,77,0,0
405,2024-12,2,41,0,0
405,2025-01,0,0,0,0
405,2025-02,4,154,0,0
405,2025-03,4,83,0,1
405,2025-04,0,0,0,0
405,2025-05,1,26,0,1
405,2025-06,2,80,0,1
405,2025-07,2,54,0,0
405,2025-08,0,0,0,0
405,2025-09,0,,0,0
405,2025-10,1,26,0,1
405,2025-11,1,42,0,0
405,2025-12,0,0,0,0
406,2024-08,5,112,0,0
406,2024-09,2,65,0,0
406,2024-10,2,61,0,0
406,2024-11,2,74,0,0
406,2024-12,1,26,0,0
406,2025-01,1,18,0,0
406,2025-02,1,37,0,0
406,2025-03,0,0,0,0
406,2025-04,0,0,0,0
406,2025-05,1,31,0,0
406,2025-06,1,37,0,0
406,2025-07,1,22,0,1
407,2024-10,1,24,0,0
407,2024-11,2,71,0,0
407,2024-12,5,130,3,0
407,2025-01,6,241,2,0
407,2025-02,3,98,2,0
407,2025-03,5,178,3,0
407,2025-04,4,74,0,0
407,2025-05,5,169,0,0
407,2025-06,6,220,3,0
407,2025-07,1,40,0,0
407,2025-08,7,241,1,0
407,2025-09,6,188,1,0
407,2025-10,2,50,3,0
407,2025-11,3,62,4,0
407,2025-12,9,338,5,1
408,2025-05,1,36,1,0
408,2025-06,6,134,2,0
408,2025-07,1,37,1,0
408,2025-08,4,87,3,0
408,2025-09,4,118,0,0
409,2025-08,1,20,0,0
410,2025-10,1,26,0,0
410,2025-11,2,47,0,0
410,2025-12,0,0,0,0
411,2025-09,2,59,0,0
411,2025-10,6,149,0,0
411,2025-11,5,202,0,0
411,2025-12,2,65,0,0
412,2025-08,7,144,4,0
412,2025-09,5,99,2,0
412,2025-10,3,72,2,0
412,2025-11,7,194,3,1
412,2025-12,6,169,0,0
413,2025-05,2,68,0,0
413,2025-06,3,70,0,0
413,2025-07,1,22,0,0
413,2025-08,1,28,0,0
413,2025-09,5,165,0,0
413,2025-10,4,77,0,0
413,2025-11,1,36,0,0
413,2025-12,0,0,0,0
414,2024-07,0,0,0,0
414,2024-08,0,0,0,0
624,2025-03,2,41,0,0
414,2024-09,1,22,0,0
414,2024-10,0,0,0,0
414,2024-11,0,0,0,0
414,2024-12,1,24,0,0
414,2025-01,0,0,0,0
414,2025-02,2,62,1,0
414,2025-03,1,32,0,0
414,2025-04,2,71,0,0
414,2025-05,0,0,0,0
414,2025-06,2,48,1,0
415,2025-08,5,152,0,0
415,2025-09,8,223,0,0
415,2025-10,3,105,0,1
415,2025-11,3,57,0,0
415,2025-12,2,52,0,0
416,2025-01,3,107,1,0
416,2025-02,11,459,4,0
416,2025-03,12,446,9,0
416,2025-04,8,252,3,0
416,2025-05,5,180,2,0
416,2025-06,7,288,3,0
416,2025-07,6,212,1,0
416,2025-08,8,300,2,1
416,2025-09,7,231,3,0
416,2025-10,9,167,3,1
416,2025-11,9,252,3,0
416,2025-12,6,153,1,0
417,2024-09,3,62,0,0
417,2024-10,3,125,0,0
417,2024-11,1,33,1,0
417,2024-12,2,42,1,1
417,2025-01,3,99,1,0
417,2025-02,2,62,1,0
417,2025-03,1,38,1,0
417,2025-04,2,72,0,0
417,2025-05,1,27,0,0
417,2025-06,0,0,0,0
417,2025-07,0,0,0,1
417,2025-08,0,0,0,0
418,2025-05,2,75,1,0
418,2025-06,5,187,5,0
418,2025-07,3,112,0,0
418,2025-08,2,58,1,0
418,2025-09,1,21,0,0
418,2025-10,5,209,1,0
418,2025-11,3,80,1,0
418,2025-12,1,34,0,0
419,2025-07,0,0,0,0
419,2025-08,2,43,1,0
419,2025-09,5,178,3,0
419,2025-10,0,0,0,0
420,2024-07,11,302,0,0
420,2024-08,9,344,0,0
420,2024-09,15,502,0,0
420,2024-10,11,262,0,0
421,2024-07,3,61,1,0
421,2024-08,2,81,1,0
421,2024-09,4,158,0,0
421,2024-10,2,67,0,0
421,2024-11,1,20,0,0
421,2024-12,4,107,0,0
421,2025-01,1,34,0,0
421,2025-02,0,0,0,0
421,2025-03,3,84,2,0
421,2025-04,1,41,1,0
421,2025-05,1,39,0,0
421,2025-06,2,64,0,0
421,2025-07,1,37,1,0
421,2025-08,1,33,0,0
421,2025-09,1,30,0,0
421,2025-10,0,0,0,0
421,2025-11,0,0,0,0
421,2025-12,0,0,0,0
422,2025-08,0,0,0,0
422,2025-09,3,114,0,0
422,2025-10,1,42,0,0
422,2025-11,0,0,0,0
422,2025-12,1,30,0,0
423,2024-11,0,0,0,0
423,2024-12,3,56,0,0
423,2025-01,1,19,0,0
423,2025-02,3,66,0,0
423,2025-03,1,20,0,0
423,2025-04,1,36,0,0
423,2025-05,1,40,0,0
423,2025-06,2,75,0,0
423,2025-07,1,28,0,0
423,2025-08,1,40,0,0
423,2025-09,0,0,0,0
423,2025-10,1,24,0,0
423,2025-11,2,66,0,0
423,2025-12,1,22,0,0
424,2024-07,0,0,0,0
424,2024-08,0,0,0,0
425,2025-09,6,136,0,0
425,2025-10,3,81,0,1
425,2025-11,4,124,0,0
425,2025-12,8,297,0,0
426,2025-06,0,0,0,0
426,2025-07,2,45,0,0
426,2025-08,1,24,0,0
426,2025-09,1,18,0,0
426,2025-10,0,,0,0
426,2025-11,0,0,0,0
426,2025-12,0,0,0,0
427,2024-11,2,58,0,0
427,2024-12,3,119,0,0
427,2025-01,0,0,0,0
428,2024-12,2,66,0,0
428,2025-01,0,0,0,0
428,2025-02,3,112,0,0
428,2025-03,1,19,0,0
428,2025-04,1,39,0,0
428,2025-05,0,0,0,0
428,2025-06,1,19,0,0
428,2025-07,1,38,0,0
428,2025-08,2,53,0,0
428,2025-09,0,0,0,0
428,2025-10,0,0,0,0
428,2025-11,0,0,0,0
429,2025-08,0,0,0,0
429,2025-09,1,29,0,0
429,2025-10,0,0,0,0
429,2025-11,0,0,0,0
429,2025-12,0,0,0,0
430,2024-12,4,87,0,1
430,2025-01,7,171,3,0
430,2025-02,6,228,3,0
430,2025-03,7,176,1,0
430,2025-04,6,135,3,0
430,2025-05,10,235,4,1
430,2025-06,11,437,0,0
430,2025-07,10,228,4,1
430,2025-08,7,168,2,0
430,2025-09,5,,1,0
430,2025-10,8,261,4,1
430,2025-11,8,283,1,0
430,2025-12,7,268,1,0
431,2025-08,16,416,0,0
431,2025-09,14,357,0,0
431,2025-10,20,732,0,0
431,2025-11,13,241,0,0
431,2025-12,17,530,0,0
432,2025-05,2,69,0,1
432,2025-06,2,69,0,0
432,2025-07,4,150,0,0
432,2025-08,2,42,0,0
432,2025-09,0,0,0,0
433,2025-01,3,123,0,0
433,2025-02,4,100,0,0
433,2025-03,5,178,0,1
433,2025-04,5,134,2,0
433,2025-05,2,79,0,0
433,2025-06,5,123,1,0
433,2025-07,3,93,0,1
433,2025-08,2,72,1,0
433,2025-09,2,58,0,1
433,2025-10,0,0,0,0
433,2025-11,0,0,0,1
433,2025-12,2,66,0,1
434,2025-10,4,131,0,0
434,2025-11,4,134,0,0
434,2025-12,7,270,0,0
435,2024-12,3,89,2,0
435,2025-01,0,0,0,0
435,2025-02,3,117,0,0
435,2025-03,3,122,1,1
435,2025-04,4,154,2,0
435,2025-05,4,129,2,0
435,2025-06,6,205,2,0
435,2025-07,4,82,3,0
435,2025-08,4,158,2,0
435,2025-09,3,118,0,0
435,2025-10,3,80,0,0
435,2025-11,1,41,0,0
435,2025-12,2,78,0,1
436,2025-10,0,0,0,0
436,2025-11,3,90,1,0
436,2025-12,1,32,0,0
437,2025-06,1,34,1,0
437,2025-07,6,171,1,0
437,2025-08,4,114,1,0
437,2025-09,3,126,0,1
437,2025-10,8,159,1,0
437,2025-11,6,159,0,0
437,2025-12,9,239,0,0
438,2024-11,3,111,0,0
438,2024-12,2,60,0,0
438,2025-01,8,186,2,0
438,2025-02,9,227,4,0
438,2025-03,7,253,3,1
438,2025-04,8,306,0,0
438,2025-05,9,266,1,0
438,2025-06,8,173,4,0
438,2025-07,7,167,2,0
438,2025-08,3,55,0,0
438,2025-09,2,50,0,0
438,2025-10,6,124,2,0
438,2025-11,3,74,2,0
438,2025-12,6,222,2,0
439,2024-10,0,0,0,0
439,2024-11,0,0,0,0
439,2024-12,3,104,0,0
439,2025-01,3,60,0,0
1576,2025-10,6,196,5,1
439,2025-02,6,174,0,0
440,2025-05,2,52,1,0
440,2025-06,3,62,1,0
440,2025-07,1,21,0,1
440,2025-08,0,0,0,1
441,2024-07,3,74,0,0
441,2024-08,2,60,0,0
441,2024-09,0,,0,0
441,2024-10,3,71,0,0
441,2024-11,2,78,0,0
441,2024-12,3,77,0,0
441,2025-01,0,0,0,0
441,2025-02,2,40,0,0
441,2025-03,1,29,0,0
441,2025-04,1,32,0,0
441,2025-05,0,0,0,1
441,2025-06,0,0,0,2
442,2025-01,2,81,0,0
442,2025-02,3,82,0,0
442,2025-03,2,59,1,0
442,2025-04,1,35,0,1
442,2025-05,2,39,1,0
442,2025-06,1,33,0,0
442,2025-07,2,74,0,0
442,2025-08,1,31,0,0
443,2024-11,2,55,0,1
443,2024-12,3,91,0,0
443,2025-01,3,87,0,0
443,2025-02,1,38,0,0
444,2025-06,11,452,6,0
445,2025-04,0,0,0,0
445,2025-05,0,0,0,0
445,2025-06,1,28,0,0
445,2025-07,2,64,0,0
445,2025-08,4,76,0,0
445,2025-09,0,0,0,0
445,2025-10,2,37,0,0
445,2025-11,1,36,0,0
445,2025-12,0,0,0,0
446,2025-08,5,122,0,0
446,2025-09,13,476,0,0
446,2025-10,5,171,0,0
446,2025-11,9,225,0,0
446,2025-12,4,104,0,0
447,2025-06,2,41,0,0
447,2025-07,1,34,0,0
447,2025-08,10,408,4,0
447,2025-09,3,86,1,0
447,2025-10,4,156,1,0
447,2025-11,3,80,0,0
447,2025-12,4,161,1,0
448,2024-10,2,44,0,0
448,2024-11,4,76,0,0
448,2024-12,4,105,0,0
448,2025-01,5,132,0,0
448,2025-02,3,111,0,0
448,2025-03,6,223,0,0
448,2025-04,6,165,0,0
448,2025-05,3,64,0,0
448,2025-06,2,64,0,1
448,2025-07,9,219,0,0
448,2025-08,3,69,0,0
448,2025-09,5,104,0,1
449,2024-08,3,67,2,0
449,2024-09,4,111,1,0
449,2024-10,3,70,2,0
450,2025-01,4,131,0,0
450,2025-02,4,92,0,0
450,2025-03,2,57,0,0
450,2025-04,1,38,0,0
451,2025-01,0,0,0,0
451,2025-02,1,33,0,0
451,2025-03,1,40,0,0
451,2025-04,0,0,0,0
451,2025-05,0,0,0,0
451,2025-06,1,39,0,0
451,2025-07,2,69,0,0
451,2025-08,1,32,0,0
451,2025-09,0,0,0,0
451,2025-10,0,0,0,0
451,2025-11,3,89,0,0
451,2025-12,1,30,0,0
452,2025-07,7,147,3,0
452,2025-08,8,282,1,0
452,2025-09,16,295,4,0
452,2025-10,7,170,0,0
452,2025-11,11,394,1,0
452,2025-12,8,173,3,0
453,2025-03,0,0,0,0
453,2025-04,0,0,0,0
453,2025-05,1,35,0,0
454,2025-08,0,0,0,0
454,2025-09,0,0,0,0
454,2025-10,3,59,0,0
454,2025-11,4,110,0,0
454,2025-12,0,0,0,0
455,2025-02,1,33,0,0
456,2024-12,5,171,2,0
456,2025-01,2,48,0,0
456,2025-02,4,135,0,0
456,2025-03,3,103,0,0
456,2025-04,6,224,3,1
456,2025-05,3,84,0,0
456,2025-06,6,239,2,0
456,2025-07,2,40,1,0
456,2025-08,4,111,2,0
456,2025-09,2,40,0,0
456,2025-10,6,250,2,0
456,2025-11,6,128,2,0
456,2025-12,4,164,1,0
457,2025-08,4,141,0,0
457,2025-09,1,38,0,0
457,2025-10,0,0,0,0
457,2025-11,2,46,2,0
457,2025-12,0,0,0,0
458,2025-06,1,34,0,0
458,2025-07,1,24,1,0
458,2025-08,0,0,0,0
459,2025-08,3,56,1,1
459,2025-09,1,26,0,1
459,2025-10,9,264,4,0
459,2025-11,3,76,3,0
459,2025-12,3,110,0,0
460,2024-10,5,157,1,0
460,2024-11,2,76,0,0
460,2024-12,5,92,0,0
460,2025-01,6,178,2,0
460,2025-02,6,251,1,0
460,2025-03,3,74,0,0
460,2025-04,3,81,1,0
460,2025-05,4,133,2,0
460,2025-06,3,60,2,0
460,2025-07,5,210,1,0
460,2025-08,2,78,0,0
460,2025-09,6,212,1,0
460,2025-10,5,102,2,0
460,2025-11,2,70,3,0
460,2025-12,2,42,0,0
461,2025-05,2,67,0,0
461,2025-06,3,82,0,0
461,2025-07,2,55,0,0
461,2025-08,0,0,0,0
461,2025-09,2,76,0,1
461,2025-10,2,47,0,0
461,2025-11,1,41,0,0
461,2025-12,0,0,0,0
462,2024-09,3,106,1,0
462,2024-10,3,97,2,0
462,2024-11,2,83,2,0
462,2024-12,3,75,0,0
462,2025-01,5,149,1,0
462,2025-02,2,64,0,1
462,2025-03,1,37,0,1
462,2025-04,0,0,0,0
462,2025-05,2,59,0,0
462,2025-06,1,31,1,0
462,2025-07,2,62,2,0
462,2025-08,0,,0,0
462,2025-09,0,0,0,0
462,2025-10,0,0,0,0
462,2025-11,1,26,0,0
462,2025-12,1,20,2,0
463,2025-07,0,0,0,0
464,2025-08,1,19,0,0
464,2025-09,3,61,0,0
464,2025-10,7,177,1,0
464,2025-11,3,110,1,0
464,2025-12,2,40,1,0
465,2025-10,6,,1,0
465,2025-11,4,167,1,0
465,2025-12,5,111,3,0
466,2025-02,4,111,2,0
466,2025-03,2,51,0,0
466,2025-04,6,202,4,1
467,2025-01,5,175,0,0
467,2025-02,1,22,0,0
467,2025-03,10,251,0,0
467,2025-04,5,124,0,0
467,2025-05,5,169,0,0
467,2025-06,5,168,0,0
467,2025-07,5,132,0,0
467,2025-08,6,165,0,0
467,2025-09,5,161,0,0
467,2025-10,3,80,0,0
467,2025-11,7,276,0,0
467,2025-12,3,96,0,0
468,2025-03,4,93,0,0
468,2025-04,6,156,1,0
468,2025-05,2,75,1,0
468,2025-06,0,0,0,0
468,2025-07,1,28,0,0
468,2025-08,2,51,2,0
468,2025-09,2,74,0,0
468,2025-10,2,72,1,0
468,2025-11,2,38,1,0
468,2025-12,5,191,1,0
469,2024-12,4,107,0,0
469,2025-01,3,96,0,0
469,2025-02,5,167,0,0
469,2025-03,3,,0,0
469,2025-04,6,158,0,0
469,2025-05,6,228,0,0
469,2025-06,6,170,0,0
469,2025-07,6,224,0,0
469,2025-08,6,137,0,0
469,2025-09,3,104,0,1
469,2025-10,6,144,0,0
469,2025-11,1,26,0,0
469,2025-12,3,115,0,0
470,2025-04,5,96,0,0
470,2025-05,4,136,0,0
470,2025-06,8,330,0,1
471,2024-07,5,186,0,0
471,2024-08,3,84,0,0
471,2024-09,3,76,0,0
471,2024-10,2,70,0,0
471,2024-11,1,28,0,0
471,2024-12,3,121,0,0
471,2025-01,3,95,0,0
471,2025-02,2,63,0,0
471,2025-03,5,175,0,0
471,2025-04,5,209,0,0
471,2025-05,0,0,0,0
471,2025-06,1,40,0,0
471,2025-07,1,22,0,0
471,2025-08,0,0,0,0
471,2025-09,1,24,0,0
471,2025-10,0,0,0,0
471,2025-11,1,28,0,0
471,2025-12,0,0,0,1
472,2024-10,9,164,3,1
472,2024-11,10,280,1,1
472,2024-12,6,248,1,1
472,2025-01,13,463,9,0
472,2025-02,6,179,4,0
472,2025-03,14,491,3,0
472,2025-04,18,397,5,0
472,2025-05,8,316,3,0
472,2025-06,4,98,2,0
472,2025-07,13,541,8,0
472,2025-08,8,205,4,0
472,2025-09,15,457,8,0
472,2025-10,10,256,5,0
472,2025-11,11,360,1,0
472,2025-12,4,106,4,0
473,2025-10,2,80,0,0
473,2025-11,3,113,0,0
473,2025-12,2,57,1,0
474,2025-01,8,285,0,0
474,2025-02,6,225,0,0
474,2025-03,4,154,0,0
474,2025-04,4,143,0,0
474,2025-05,7,165,0,0
474,2025-06,3,69,0,0
474,2025-07,2,51,0,0
474,2025-08,3,90,0,0
474,2025-09,2,82,0,0
474,2025-10,0,0,0,0
475,2024-09,2,84,0,0
475,2024-10,4,114,0,0
475,2024-11,2,66,0,0
475,2024-12,1,18,0,0
475,2025-01,2,37,0,0
475,2025-02,0,0,0,0
476,2025-01,6,228,0,1
476,2025-02,3,68,0,0
476,2025-03,8,195,0,0
476,2025-04,5,95,0,0
476,2025-05,2,,0,0
476,2025-06,5,157,0,0
476,2025-07,2,49,0,0
476,2025-08,7,274,0,0
476,2025-09,3,101,0,0
476,2025-10,5,165,0,0
476,2025-11,4,106,0,1
476,2025-12,4,108,0,0
477,2025-03,9,342,0,1
477,2025-04,1,32,0,0
477,2025-05,12,406,0,0
477,2025-06,6,156,0,0
477,2025-07,8,300,0,0
477,2025-08,11,233,0,0
477,2025-09,8,309,0,0
477,2025-10,7,138,0,0
477,2025-11,5,95,0,0
477,2025-12,8,245,0,0
478,2025-06,3,70,0,0
478,2025-07,4,138,1,2
478,2025-08,2,67,0,1
479,2025-09,0,0,0,1
479,2025-10,0,0,0,0
479,2025-11,0,0,0,0
479,2025-12,1,29,0,0
480,2025-02,4,,0,0
481,2024-11,3,,0,0
481,2024-12,7,254,0,0
481,2025-01,5,114,0,0
481,2025-02,7,218,0,0
481,2025-03,8,259,0,0
481,2025-04,5,177,0,0
481,2025-05,6,122,0,0
481,2025-06,9,297,0,0
481,2025-07,9,261,0,0
481,2025-08,2,51,0,1
481,2025-09,6,152,0,1
481,2025-10,6,183,0,0
481,2025-11,4,148,0,0
482,2025-05,7,196,0,0
482,2025-06,11,308,0,0
482,2025-07,10,277,0,0
482,2025-08,7,,0,1
482,2025-09,7,232,0,0
482,2025-10,8,259,0,0
482,2025-11,7,157,0,0
482,2025-12,8,161,0,0
483,2025-05,3,79,0,0
483,2025-06,1,25,0,0
483,2025-07,1,30,0,0
483,2025-08,3,55,0,0
483,2025-09,0,0,0,0
483,2025-10,0,0,0,0
483,2025-11,2,42,0,0
483,2025-12,1,31,0,0
484,2024-07,3,104,0,0
484,2024-08,6,133,0,0
484,2024-09,8,234,2,0
484,2024-10,6,196,2,0
484,2024-11,3,94,1,0
484,2024-12,6,111,2,0
484,2025-01,7,285,1,0
484,2025-02,6,182,1,0
484,2025-03,6,250,3,0
484,2025-04,5,196,0,0
484,2025-05,6,202,2,1
484,2025-06,3,96,3,0
484,2025-07,5,185,1,0
484,2025-08,7,209,0,0
484,2025-09,6,131,2,0
484,2025-10,4,142,1,0
484,2025-11,7,140,0,0
484,2025-12,2,53,0,2
485,2025-03,3,57,0,0
485,2025-04,4,,1,0
485,2025-05,2,54,1,0
485,2025-06,2,76,0,0
485,2025-07,3,80,1,1
485,2025-08,0,0,0,0
485,2025-09,1,33,0,2
485,2025-10,2,61,0,0
485,2025-11,1,38,1,1
485,2025-12,1,23,0,0
486,2024-10,3,106,0,0
486,2024-11,2,38,0,0
486,2024-12,3,111,0,0
486,2025-01,2,78,0,1
486,2025-02,2,47,0,0
486,2025-03,0,0,0,0
486,2025-04,2,84,0,0
486,2025-05,1,26,0,0
486,2025-06,3,122,0,0
486,2025-07,0,0,0,0
486,2025-08,4,159,0,0
486,2025-09,1,42,0,0
487,2025-06,9,300,1,0
487,2025-07,13,523,1,0
487,2025-08,9,165,3,0
488,2025-05,5,176,0,0
489,2025-01,0,0,0,0
489,2025-02,1,41,1,0
489,2025-03,2,53,1,0
489,2025-04,3,90,0,0
489,2025-05,4,122,2,0
489,2025-06,2,55,0,1
489,2025-07,2,66,0,0
489,2025-08,1,22,0,0
489,2025-09,3,81,0,0
489,2025-10,0,0,0,0
489,2025-11,0,0,0,1
489,2025-12,0,0,0,0
490,2025-01,1,,0,0
490,2025-02,2,42,0,0
490,2025-03,2,66,0,0
490,2025-04,5,181,0,0
490,2025-05,3,121,0,0
490,2025-06,2,56,0,0
490,2025-07,1,39,0,0
490,2025-08,0,0,0,0
490,2025-09,2,84,0,0
490,2025-10,0,0,0,0
490,2025-11,1,30,0,0
490,2025-12,3,80,0,0
491,2025-04,1,33,1,0
1196,2024-12,3,57,0,1
492,2024-12,9,318,4,0
492,2025-01,8,197,3,1
492,2025-02,6,243,6,0
492,2025-03,11,233,4,0
492,2025-04,6,199,0,0
492,2025-05,14,346,7,0
492,2025-06,11,334,7,0
492,2025-07,10,200,2,0
493,2025-04,12,230,4,0
493,2025-05,13,469,2,0
493,2025-06,6,188,2,0
493,2025-07,12,289,2,0
493,2025-08,9,331,3,0
493,2025-09,15,323,2,0
493,2025-10,9,336,2,0
493,2025-11,8,176,4,0
493,2025-12,11,232,3,0
494,2025-09,6,225,3,0
494,2025-10,2,73,1,1
494,2025-11,12,363,6,0
494,2025-12,12,458,6,0
495,2025-01,2,41,0,0
495,2025-02,0,0,0,0
495,2025-03,1,,0,0
495,2025-04,0,0,0,0
495,2025-05,1,41,0,0
495,2025-06,1,20,0,0
495,2025-07,2,55,0,0
495,2025-08,0,0,0,0
495,2025-09,0,0,0,0
495,2025-10,0,0,0,0
495,2025-11,1,21,0,1
495,2025-12,0,0,0,0
496,2025-05,2,79,1,0
496,2025-06,8,227,6,0
496,2025-07,7,160,2,0
496,2025-08,5,169,4,0
496,2025-09,6,221,1,0
496,2025-10,5,151,0,0
496,2025-11,2,43,1,0
496,2025-12,4,83,0,0
497,2024-10,5,107,2,0
497,2024-11,5,125,1,0
497,2024-12,8,178,4,0
497,2025-01,6,243,0,0
497,2025-02,8,270,2,0
497,2025-03,6,204,0,0
497,2025-04,4,130,1,0
497,2025-05,9,312,3,0
497,2025-06,4,90,0,0
497,2025-07,7,180,2,0
497,2025-08,7,194,6,0
497,2025-09,11,234,4,0
497,2025-10,10,370,4,0
497,2025-11,7,274,3,0
497,2025-12,4,107,0,0
498,2025-01,1,28,0,0
499,2024-11,5,136,0,0
500,2024-11,2,54,0,0
500,2024-12,2,43,0,0
500,2025-01,3,62,0,0
500,2025-02,5,92,0,0
500,2025-03,4,168,0,0
500,2025-04,2,54,0,0
500,2025-05,0,0,0,0
500,2025-06,1,35,0,0
500,2025-07,1,22,0,0
500,2025-08,0,0,0,0
500,2025-09,0,0,0,0
500,2025-10,2,37,0,0
500,2025-11,2,69,0,0
500,2025-12,0,0,0,0
501,2024-12,8,173,1,0
501,2025-01,14,381,5,0
501,2025-02,7,234,2,0
501,2025-03,15,288,4,0
501,2025-04,13,325,3,1
501,2025-05,15,440,1,0
501,2025-06,13,407,3,0
501,2025-07,6,130,1,0
501,2025-08,5,197,1,1
501,2025-09,10,339,2,0
501,2025-10,13,325,5,0
501,2025-11,4,144,0,0
501,2025-12,10,307,5,0
502,2025-04,0,0,0,0
503,2025-09,6,157,3,0
503,2025-10,5,142,2,0
503,2025-11,4,121,2,0
503,2025-12,5,177,1,0
504,2025-03,1,24,1,0
504,2025-04,0,0,0,0
504,2025-05,0,0,0,0
504,2025-06,0,0,0,0
504,2025-07,0,0,0,0
504,2025-08,1,32,0,0
504,2025-09,0,0,0,0
504,2025-10,0,0,0,0
504,2025-11,0,0,0,0
504,2025-12,0,0,0,0
505,2025-07,1,24,1,0
505,2025-08,2,51,1,0
505,2025-09,3,83,1,0
505,2025-10,3,92,0,0
505,2025-11,2,43,1,0
505,2025-12,3,104,1,0
506,2025-10,4,158,0,0
506,2025-11,1,41,0,0
506,2025-12,0,0,0,0
507,2025-05,6,133,1,0
507,2025-06,1,31,0,0
507,2025-07,5,91,0,0
507,2025-08,9,221,2,1
507,2025-09,5,97,0,0
507,2025-10,6,137,0,0
507,2025-11,7,262,4,1
507,2025-12,7,292,1,0
508,2024-10,8,324,0,0
508,2024-11,5,188,0,0
508,2024-12,4,107,0,0
508,2025-01,8,259,0,0
508,2025-02,3,110,0,0
508,2025-03,7,272,0,0
508,2025-04,4,124,0,0
508,2025-05,8,306,0,0
508,2025-06,3,70,0,0
508,2025-07,7,289,0,1
508,2025-08,6,217,0,0
508,2025-09,4,134,0,0
508,2025-10,4,96,0,0
508,2025-11,4,83,0,0
508,2025-12,9,245,0,0
509,2025-07,2,52,0,0
509,2025-08,2,45,0,1
509,2025-09,3,55,0,0
509,2025-10,2,82,0,0
509,2025-11,3,92,0,0
509,2025-12,1,41,0,0
510,2025-09,5,135,1,0
510,2025-10,3,73,2,1
510,2025-11,7,198,2,1
510,2025-12,1,22,0,0
511,2024-11,1,18,0,0
511,2024-12,4,103,0,0
511,2025-01,2,77,0,0
511,2025-02,2,56,0,0
511,2025-03,1,34,0,1
2891,2025-07,2,39,0,0
511,2025-04,1,31,0,0
511,2025-05,0,0,0,0
511,2025-06,0,0,0,0
511,2025-07,0,0,0,0
511,2025-08,2,74,0,0
511,2025-09,0,0,0,0
511,2025-10,0,0,0,0
512,2025-06,4,164,2,0
512,2025-07,3,94,1,0
512,2025-08,6,123,0,0
512,2025-09,5,130,0,0
513,2025-05,4,107,0,0
513,2025-06,5,175,0,0
513,2025-07,7,202,0,1
513,2025-08,4,76,0,0
513,2025-09,4,129,0,0
513,2025-10,6,252,0,0
513,2025-11,6,138,0,0
513,2025-12,4,78,0,0
514,2025-02,1,23,0,0
514,2025-03,4,88,0,0
514,2025-04,2,43,0,0
514,2025-05,5,198,0,0
514,2025-06,2,56,0,0
514,2025-07,0,0,0,0
514,2025-08,1,30,0,0
514,2025-09,0,0,0,0
514,2025-10,2,39,0,0
514,2025-11,2,42,0,0
514,2025-12,0,0,0,0
515,2024-10,0,0,0,0
515,2024-11,0,0,0,0
515,2024-12,0,0,0,0
515,2025-01,2,68,0,0
515,2025-02,0,0,0,0
515,2025-03,0,0,0,0
515,2025-04,0,0,0,0
515,2025-05,1,35,0,0
515,2025-06,0,0,0,0
515,2025-07,0,0,0,0
515,2025-08,0,0,0,0
515,2025-09,0,0,0,0
516,2025-10,3,77,0,0
516,2025-11,2,40,0,0
516,2025-12,3,111,2,1
517,2025-04,6,133,0,0
517,2025-05,7,212,0,0
517,2025-06,7,153,0,0
517,2025-07,10,314,0,0
517,2025-08,6,134,0,1
517,2025-09,9,353,0,1
517,2025-10,7,158,0,2
517,2025-11,4,146,0,3
517,2025-12,10,255,0,0
518,2025-07,2,82,0,0
518,2025-08,4,96,0,0
518,2025-09,5,,0,0
518,2025-10,6,179,0,0
518,2025-11,2,78,0,1
518,2025-12,10,277,0,0
519,2025-01,2,42,0,0
519,2025-02,2,68,0,0
519,2025-03,1,24,0,0
519,2025-04,1,39,0,0
519,2025-05,1,29,0,0
519,2025-06,0,0,0,0
519,2025-07,0,0,0,0
519,2025-08,1,38,0,1
519,2025-09,0,0,0,0
1047,2025-11,0,0,0,1
519,2025-10,1,24,0,1
519,2025-11,0,0,0,0
519,2025-12,0,0,0,0
520,2024-10,1,23,1,0
520,2024-11,3,57,2,0
520,2024-12,0,0,0,0
520,2025-01,0,0,0,0
521,2025-03,4,86,0,1
521,2025-04,0,0,0,0
521,2025-05,1,36,0,0
521,2025-06,3,111,2,0
521,2025-07,2,76,1,0
521,2025-08,3,68,1,0
521,2025-09,4,121,3,0
521,2025-10,5,202,2,0
521,2025-11,3,79,1,0
521,2025-12,5,140,3,0
522,2025-08,6,172,0,1
522,2025-09,6,205,0,0
522,2025-10,5,154,0,0
522,2025-11,4,141,0,0
522,2025-12,4,112,0,0
523,2025-09,3,57,1,0
523,2025-10,1,20,0,0
524,2025-02,4,143,0,0
524,2025-03,4,105,0,0
524,2025-04,3,86,0,0
524,2025-05,2,67,0,0
524,2025-06,3,89,0,0
524,2025-07,5,206,0,0
3353,2025-03,5,134,2,0
524,2025-08,9,235,0,0
524,2025-09,1,37,0,0
524,2025-10,1,40,0,1
524,2025-11,7,249,0,0
792,2025-10,1,40,0,0
524,2025-12,1,40,0,0
525,2025-04,1,37,0,0
525,2025-05,0,0,0,0
525,2025-06,2,61,0,0
525,2025-07,1,,0,0
525,2025-08,1,23,0,0
526,2025-08,8,233,0,0
526,2025-09,5,160,0,0
526,2025-10,4,80,0,0
526,2025-11,8,258,0,0
526,2025-12,8,277,0,0
527,2025-07,2,49,0,0
527,2025-08,2,50,0,0
527,2025-09,1,21,0,0
527,2025-10,1,40,0,0
527,2025-11,3,103,0,0
527,2025-12,2,83,0,0
528,2024-08,12,446,0,0
528,2024-09,17,638,0,0
528,2024-10,22,742,0,0
528,2024-11,13,414,0,0
528,2024-12,12,242,0,0
528,2025-01,17,457,0,0
528,2025-02,14,453,0,0
528,2025-03,10,312,0,0
528,2025-04,11,,0,0
528,2025-05,13,367,0,0
528,2025-06,16,605,0,0
528,2025-07,14,,0,0
528,2025-08,14,373,0,0
528,2025-09,10,365,0,0
528,2025-10,12,247,0,0
528,2025-11,13,300,0,0
528,2025-12,15,557,0,0
529,2024-10,2,77,1,0
529,2024-11,3,78,3,0
529,2024-12,3,73,2,0
529,2025-01,5,198,1,0
529,2025-02,4,143,1,0
529,2025-03,0,0,0,0
529,2025-04,3,125,1,0
529,2025-05,1,25,0,0
529,2025-06,1,24,0,0
529,2025-07,0,0,0,0
530,2025-02,5,140,0,0
530,2025-03,2,76,0,0
530,2025-04,4,145,0,0
530,2025-05,2,64,0,1
530,2025-06,0,0,0,1
530,2025-07,1,32,0,1
530,2025-08,0,0,0,0
530,2025-09,2,41,0,1
530,2025-10,1,36,0,0
530,2025-11,2,45,0,0
530,2025-12,0,0,0,0
531,2025-10,3,109,1,0
531,2025-11,2,48,0,0
531,2025-12,1,34,0,0
532,2024-11,0,0,0,0
533,2025-10,1,38,0,0
533,2025-11,3,119,0,0
533,2025-12,0,0,0,0
534,2024-09,1,38,0,0
534,2024-10,1,35,0,0
535,2024-09,7,134,1,0
535,2024-10,5,166,1,0
535,2024-11,14,277,7,0
535,2024-12,9,312,2,0
535,2025-01,8,322,3,0
535,2025-02,9,,2,0
535,2025-03,16,484,3,0
535,2025-04,18,433,6,0
535,2025-05,9,208,3,0
535,2025-06,12,263,7,0
535,2025-07,13,332,3,0
535,2025-08,10,418,3,0
535,2025-09,10,297,3,1
535,2025-10,10,400,0,0
535,2025-11,12,348,1,0
535,2025-12,8,257,3,0
536,2025-03,2,56,0,0
537,2025-10,2,65,1,0
537,2025-11,1,31,1,0
537,2025-12,2,84,0,0
538,2025-03,6,141,2,0
538,2025-04,4,102,1,0
538,2025-05,4,112,1,1
538,2025-06,6,157,1,0
539,2024-08,4,80,0,0
539,2024-09,10,200,0,0
539,2024-10,4,163,0,0
539,2024-11,9,368,0,0
539,2024-12,6,192,0,0
539,2025-01,2,64,0,0
539,2025-02,4,158,0,0
539,2025-03,6,249,0,0
539,2025-04,3,98,0,0
539,2025-05,5,194,0,1
539,2025-06,6,217,0,0
539,2025-07,8,249,0,0
540,2025-01,5,114,0,0
540,2025-02,3,64,0,0
540,2025-03,6,113,1,0
540,2025-04,8,222,1,1
541,2024-11,4,166,0,0
541,2024-12,11,276,0,0
541,2025-01,6,204,0,0
541,2025-02,8,227,0,1
541,2025-03,12,388,0,0
541,2025-04,5,185,0,0
541,2025-05,5,199,0,0
541,2025-06,1,23,0,0
541,2025-07,7,230,0,0
541,2025-08,3,119,0,0
541,2025-09,7,201,0,0
541,2025-10,5,148,0,0
541,2025-11,2,62,0,1
541,2025-12,4,111,0,1
542,2025-03,0,0,0,0
542,2025-04,3,114,0,0
542,2025-05,2,70,0,0
542,2025-06,1,24,0,0
542,2025-07,0,0,0,1
542,2025-08,4,82,0,0
542,2025-09,3,56,0,0
542,2025-10,0,0,0,0
542,2025-11,0,0,0,0
542,2025-12,0,0,0,0
543,2024-12,3,81,0,0
543,2025-01,3,106,0,0
543,2025-02,2,74,0,0
543,2025-03,1,22,0,0
544,2025-10,9,213,0,0
544,2025-11,9,236,1,0
544,2025-12,7,197,4,1
545,2025-10,2,40,0,0
545,2025-11,1,18,0,0
545,2025-12,5,99,0,0
546,2025-05,3,89,0,0
546,2025-06,1,22,0,0
546,2025-07,1,32,0,0
546,2025-08,1,21,0,0
546,2025-09,2,48,0,0
546,2025-10,1,37,0,0
546,2025-11,3,118,0,0
546,2025-12,0,0,0,0
547,2024-09,2,51,0,0
547,2024-10,2,63,0,0
547,2024-11,4,75,0,0
547,2024-12,3,97,0,0
547,2025-01,2,77,0,0
547,2025-02,1,26,0,0
547,2025-03,3,85,0,0
547,2025-04,1,22,0,0
547,2025-05,0,0,0,0
547,2025-06,4,84,0,0
547,2025-07,1,35,0,0
547,2025-08,2,77,0,0
547,2025-09,2,59,0,0
547,2025-10,3,98,0,0
547,2025-11,0,0,0,0
547,2025-12,1,33,0,0
548,2025-04,1,19,0,0
548,2025-05,4,136,1,0
548,2025-06,4,137,0,0
548,2025-07,1,38,0,0
548,2025-08,3,78,5,0
548,2025-09,2,46,1,0
548,2025-10,3,57,0,0
548,2025-11,2,55,1,0
548,2025-12,1,34,0,1
549,2024-11,4,84,2,0
549,2024-12,3,71,0,0
549,2025-01,0,0,0,0
549,2025-02,5,117,1,0
549,2025-03,4,131,1,0
549,2025-04,2,66,0,0
549,2025-05,2,,2,0
549,2025-06,3,119,0,1
549,2025-07,1,24,0,1
549,2025-08,5,175,2,2
549,2025-09,0,0,0,0
549,2025-10,5,141,2,1
549,2025-11,3,59,1,2
549,2025-12,3,90,1,0
550,2025-04,4,121,7,0
551,2024-08,8,274,2,0
551,2024-09,3,54,0,0
551,2024-10,6,154,0,0
551,2024-11,3,95,0,1
551,2024-12,4,100,0,0
551,2025-01,7,155,3,0
551,2025-02,9,356,2,0
551,2025-03,6,155,1,0
551,2025-04,3,79,0,0
551,2025-05,6,108,0,0
551,2025-06,4,,4,0
551,2025-07,8,152,5,1
552,2024-10,9,245,0,0
552,2024-11,8,245,0,1
552,2024-12,7,254,0,0
552,2025-01,5,128,0,0
552,2025-02,4,92,0,0
552,2025-03,8,149,0,0
552,2025-04,7,253,0,0
552,2025-05,10,390,0,0
552,2025-06,5,141,0,0
552,2025-07,6,193,0,0
552,2025-08,5,160,0,0
552,2025-09,4,139,0,0
552,2025-10,7,206,0,0
552,2025-11,5,130,0,0
552,2025-12,4,151,0,1
553,2025-09,0,0,0,1
553,2025-10,1,40,0,0
553,2025-11,0,0,0,1
554,2025-04,2,79,0,0
554,2025-05,4,87,2,0
554,2025-06,2,59,0,0
554,2025-07,3,62,1,0
554,2025-08,5,93,2,0
554,2025-09,5,141,1,0
554,2025-10,4,114,1,0
554,2025-11,1,31,0,0
554,2025-12,7,229,1,1
555,2025-10,6,145,0,0
555,2025-11,6,195,0,0
555,2025-12,6,114,2,1
556,2024-09,11,333,4,0
556,2024-10,15,312,5,0
556,2024-11,9,218,2,0
556,2024-12,14,518,2,0
556,2025-01,15,281,8,0
556,2025-02,9,254,3,0
556,2025-03,9,193,5,0
556,2025-04,9,339,2,0
556,2025-05,18,640,4,0
556,2025-06,16,462,2,0
556,2025-07,11,372,3,0
509,2025-08,2,45,0,1
556,2025-08,8,210,2,0
556,2025-09,9,219,4,0
556,2025-10,12,343,3,0
556,2025-11,4,145,1,0
556,2025-12,6,142,1,0
557,2025-01,2,76,0,0
557,2025-02,4,97,0,0
557,2025-03,3,66,0,0
557,2025-04,5,187,0,0
557,2025-05,1,21,0,0
557,2025-06,1,25,0,0
557,2025-07,1,34,0,0
557,2025-08,0,0,0,0
557,2025-09,1,29,0,0
557,2025-10,1,23,0,0
557,2025-11,0,0,0,0
557,2025-12,3,122,0,0
558,2025-08,2,76,0,0
558,2025-09,4,139,0,0
558,2025-10,4,154,1,0
559,2025-05,3,67,0,0
560,2025-01,8,300,0,0
560,2025-02,3,115,0,1
560,2025-03,7,213,0,0
560,2025-04,2,50,0,0
560,2025-05,8,266,0,0
560,2025-06,6,225,0,0
560,2025-07,6,214,0,0
561,2025-02,2,56,2,0
561,2025-03,1,23,0,0
561,2025-04,4,118,4,0
561,2025-05,3,,0,0
561,2025-06,2,74,0,0
561,2025-07,3,103,0,0
561,2025-08,1,39,0,0
561,2025-09,1,25,2,0
561,2025-10,0,0,0,0
561,2025-11,1,23,0,0
561,2025-12,0,0,0,0
562,2025-03,4,120,2,0
562,2025-04,2,77,0,0
562,2025-05,5,201,2,0
562,2025-06,4,,1,0
562,2025-07,3,86,1,0
562,2025-08,3,55,0,1
562,2025-09,4,89,2,0
562,2025-10,3,92,0,2
562,2025-11,3,103,1,0
562,2025-12,2,60,0,0
563,2025-09,6,221,0,0
563,2025-10,1,34,0,0
563,2025-11,1,22,0,0
563,2025-12,4,140,0,0
564,2025-01,2,43,0,0
564,2025-02,1,22,0,1
564,2025-03,3,59,0,0
564,2025-04,2,47,1,0
564,2025-05,6,126,1,1
564,2025-06,0,0,0,0
564,2025-07,4,102,1,0
564,2025-08,0,0,0,0
564,2025-09,1,34,0,0
564,2025-10,0,0,0,1
564,2025-11,0,0,0,2
564,2025-12,1,20,0,1
565,2025-04,6,239,0,0
3902,2025-08,6,118,0,0
565,2025-05,7,195,0,0
565,2025-06,6,185,0,0
565,2025-07,6,238,0,0
565,2025-08,3,94,0,0
565,2025-09,8,147,0,0
565,2025-10,5,153,0,0
566,2025-02,7,222,2,0
566,2025-03,8,202,3,0
566,2025-04,3,104,0,0
566,2025-05,3,69,2,0
566,2025-06,5,187,3,0
566,2025-07,6,214,1,0
566,2025-08,3,108,1,0
566,2025-09,3,89,1,0
566,2025-10,4,156,0,0
566,2025-11,4,97,2,0
566,2025-12,5,107,1,0
567,2025-10,3,86,0,0
567,2025-11,7,181,0,0
567,2025-12,5,145,1,0
568,2024-07,5,162,0,0
568,2024-08,8,147,0,0
568,2024-09,8,293,0,0
568,2024-10,3,,0,0
568,2024-11,9,250,0,0
568,2024-12,2,60,0,0
568,2025-01,2,65,0,0
568,2025-02,2,55,0,0
568,2025-03,5,189,0,0
568,2025-04,5,99,0,0
568,2025-05,5,182,0,0
568,2025-06,4,163,0,0
568,2025-07,6,184,0,0
568,2025-08,1,35,0,0
568,2025-09,2,,0,0
568,2025-10,3,64,0,0
568,2025-11,3,93,0,0
568,2025-12,3,103,0,0
569,2024-10,3,,5,0
569,2024-11,1,25,0,0
569,2024-12,1,23,0,0
569,2025-01,1,26,0,0
569,2025-02,4,80,2,0
569,2025-03,1,28,1,0
569,2025-04,3,108,0,0
569,2025-05,2,58,0,0
569,2025-06,2,74,0,1
569,2025-07,0,0,0,0
569,2025-08,4,130,2,0
569,2025-09,1,39,0,0
569,2025-10,0,0,0,0
569,2025-11,0,0,0,0
569,2025-12,0,0,0,0
570,2025-02,3,78,0,1
570,2025-03,4,163,1,0
571,2025-03,12,499,1,0
571,2025-04,7,210,1,0
571,2025-05,10,282,4,0
571,2025-06,7,156,3,0
571,2025-07,7,275,1,0
571,2025-08,13,511,6,0
571,2025-09,9,241,2,0
571,2025-10,11,371,5,0
571,2025-11,7,144,1,0
571,2025-12,3,115,1,0
572,2025-06,6,200,0,0
572,2025-07,2,46,0,0
572,2025-08,9,276,0,0
572,2025-09,7,275,0,0
572,2025-10,3,94,0,0
572,2025-11,3,88,0,0
572,2025-12,4,100,0,0
573,2024-12,13,533,3,0
574,2025-03,12,413,3,0
574,2025-04,11,258,6,0
574,2025-05,10,271,2,0
574,2025-06,9,373,7,0
574,2025-07,14,294,5,0
574,2025-08,11,451,4,0
574,2025-09,10,411,6,0
574,2025-10,9,226,3,0
574,2025-11,5,143,2,0
574,2025-12,12,362,7,0
575,2024-07,4,74,0,0
575,2024-08,2,69,0,0
575,2024-09,3,101,0,0
575,2024-10,5,146,0,0
575,2024-11,4,110,0,0
575,2024-12,2,82,0,0
575,2025-01,1,28,0,0
575,2025-02,1,34,0,1
575,2025-03,2,46,0,0
575,2025-04,2,36,0,1
576,2025-08,3,104,1,0
576,2025-09,2,55,0,0
576,2025-10,2,49,1,0
577,2025-10,3,75,0,0
577,2025-11,2,63,0,0
577,2025-12,1,19,0,0
578,2025-09,4,147,0,0
578,2025-10,4,153,0,0
578,2025-11,1,25,0,0
578,2025-12,2,65,0,0
579,2024-07,14,403,0,0
579,2024-08,9,311,0,0
579,2024-09,5,122,0,0
579,2024-10,6,231,0,0
579,2024-11,5,136,0,0
579,2024-12,5,101,0,0
579,2025-01,6,250,0,0
579,2025-02,5,132,0,0
579,2025-03,3,65,0,0
579,2025-04,9,302,0,0
579,2025-05,5,164,0,1
579,2025-06,6,127,0,0
580,2025-03,6,247,0,0
580,2025-04,7,147,0,0
580,2025-05,8,175,1,0
580,2025-06,6,110,1,0
580,2025-07,6,153,2,0
580,2025-08,6,244,2,0
580,2025-09,7,246,4,0
580,2025-10,4,117,2,0
580,2025-11,4,138,2,0
580,2025-12,7,247,1,0
581,2025-10,0,0,0,0
581,2025-11,4,129,0,0
581,2025-12,1,24,0,0
582,2025-05,10,196,0,0
582,2025-06,4,139,0,0
582,2025-07,5,176,0,0
582,2025-08,10,302,0,0
582,2025-09,8,264,0,0
582,2025-10,4,82,0,0
582,2025-11,6,204,0,0
582,2025-12,4,162,0,0
583,2024-11,2,64,2,0
583,2024-12,1,24,1,0
583,2025-01,2,61,1,0
583,2025-02,4,127,0,0
583,2025-03,1,27,0,0
583,2025-04,2,66,1,0
583,2025-05,0,0,0,0
583,2025-06,2,71,0,0
583,2025-07,1,41,1,0
583,2025-08,1,36,0,0
583,2025-09,2,79,0,0
583,2025-10,0,0,0,0
584,2025-08,4,88,2,0
584,2025-09,6,176,3,0
584,2025-10,7,150,2,0
584,2025-11,5,174,2,0
584,2025-12,9,294,2,0
585,2025-05,0,0,0,0
585,2025-06,3,85,0,0
585,2025-07,0,0,0,0
585,2025-08,2,66,0,1
586,2025-05,3,56,0,0
586,2025-06,4,84,0,0
586,2025-07,4,138,0,0
586,2025-08,8,192,0,0
586,2025-09,1,36,0,0
586,2025-10,2,68,0,0
586,2025-11,5,146,0,0
586,2025-12,4,162,0,0
587,2025-08,2,76,0,0
587,2025-09,2,37,0,0
587,2025-10,2,73,0,0
587,2025-11,2,48,0,0
587,2025-12,1,18,0,0
588,2025-02,6,219,1,0
588,2025-03,4,129,1,0
588,2025-04,2,66,0,0
588,2025-05,4,104,0,0
588,2025-06,2,66,0,0
588,2025-07,0,0,0,0
588,2025-08,1,39,0,0
588,2025-09,1,21,1,0
588,2025-10,3,92,0,0
588,2025-11,2,71,1,0
588,2025-12,1,31,1,0
589,2024-12,15,390,0,0
589,2025-01,14,378,0,0
589,2025-02,20,575,0,1
589,2025-03,21,527,0,0
589,2025-04,18,492,0,0
589,2025-05,16,303,0,0
590,2025-06,3,122,0,0
590,2025-07,3,97,0,0
590,2025-08,1,30,0,0
590,2025-09,2,36,0,0
590,2025-10,1,36,0,0
590,2025-11,3,103,0,0
591,2024-12,1,41,0,0
591,2025-01,3,115,0,0
591,2025-02,2,71,0,0
591,2025-03,3,74,0,0
591,2025-04,1,37,0,1
591,2025-05,0,0,0,0
591,2025-06,2,73,0,0
591,2025-07,0,0,0,0
591,2025-08,3,110,0,0
591,2025-09,2,40,0,0
591,2025-10,1,31,0,0
591,2025-11,0,0,0,0
592,2024-12,5,126,2,0
592,2025-01,5,95,0,0
592,2025-02,4,157,1,0
592,2025-03,3,94,2,0
592,2025-04,4,75,5,0
592,2025-05,5,189,4,0
592,2025-06,7,175,4,0
592,2025-07,8,331,0,0
592,2025-08,4,101,0,0
592,2025-09,6,179,4,0
592,2025-10,1,40,0,0
592,2025-11,3,98,2,0
592,2025-12,9,219,5,0
593,2024-08,9,231,0,0
593,2024-09,8,214,0,0
593,2024-10,4,81,0,0
593,2024-11,9,165,0,0
593,2024-12,4,89,0,0
593,2025-01,11,338,0,0
593,2025-02,15,583,0,0
593,2025-03,8,224,0,1
593,2025-04,6,148,0,0
593,2025-05,7,216,0,0
593,2025-06,3,67,0,0
593,2025-07,1,23,0,0
593,2025-08,6,167,0,0
593,2025-09,6,116,0,0
593,2025-10,6,140,0,0
593,2025-11,4,151,0,1
593,2025-12,5,164,0,0
594,2025-05,2,81,0,0
594,2025-06,2,39,0,0
594,2025-07,3,110,0,0
594,2025-08,2,65,0,0
594,2025-09,5,127,0,0
594,2025-10,2,54,0,0
594,2025-11,4,135,0,0
594,2025-12,3,,0,0
595,2025-02,8,194,0,0
595,2025-03,6,193,0,0
595,2025-04,5,116,0,0
595,2025-05,9,250,0,0
595,2025-06,8,272,0,0
595,2025-07,6,236,0,0
595,2025-08,7,187,0,0
595,2025-09,10,386,0,0
595,2025-10,9,183,0,0
595,2025-11,9,192,0,0
595,2025-12,4,144,0,0
596,2025-01,3,100,0,0
596,2025-02,3,66,0,0
596,2025-03,1,29,0,0
596,2025-04,4,77,0,0
596,2025-05,1,40,0,0
596,2025-06,6,204,0,0
596,2025-07,5,114,0,0
596,2025-08,5,178,0,0
596,2025-09,7,241,0,0
596,2025-10,2,48,0,0
596,2025-11,5,92,0,0
596,2025-12,3,56,0,0
597,2024-08,13,453,5,0
597,2024-09,10,265,3,0
597,2024-10,12,384,3,0
597,2024-11,10,296,0,0
597,2024-12,10,334,7,0
597,2025-01,8,207,3,0
597,2025-02,13,529,5,0
597,2025-03,15,590,5,0
597,2025-04,9,242,3,0
597,2025-05,7,201,4,0
597,2025-06,9,195,2,0
597,2025-07,10,270,5,0
597,2025-08,11,337,4,0
597,2025-09,8,162,5,0
597,2025-10,14,316,9,0
597,2025-11,10,204,5,1
597,2025-12,8,194,1,0
598,2025-04,6,131,0,0
598,2025-05,6,227,0,0
598,2025-06,5,156,0,0
598,2025-07,4,98,0,0
598,2025-08,3,72,0,0
598,2025-09,4,109,0,1
598,2025-10,1,30,0,0
598,2025-11,2,40,0,0
598,2025-12,1,34,0,0
599,2025-05,4,137,0,0
599,2025-06,11,404,0,0
599,2025-07,6,244,0,0
599,2025-08,6,119,0,0
599,2025-09,3,123,0,0
599,2025-10,6,162,0,0
599,2025-11,6,244,0,0
599,2025-12,4,121,0,0
600,2025-09,5,151,0,0
600,2025-10,3,124,0,0
600,2025-11,2,43,0,0
600,2025-12,2,75,0,0
601,2025-08,5,189,1,1
601,2025-09,9,262,4,1
601,2025-10,3,62,1,1
601,2025-11,5,95,0,0
601,2025-12,11,229,1,0
602,2025-02,2,48,0,0
602,2025-03,2,82,0,0
602,2025-04,2,48,0,0
603,2025-03,4,97,2,0
603,2025-04,3,86,1,0
603,2025-05,1,38,0,0
603,2025-06,3,98,1,0
603,2025-07,0,0,0,0
603,2025-08,0,0,0,0
603,2025-09,0,0,0,0
603,2025-10,1,20,0,0
603,2025-11,2,76,0,0
604,2025-03,4,72,1,0
604,2025-04,3,105,1,0
604,2025-05,5,154,0,0
604,2025-06,3,81,1,1
604,2025-07,2,43,0,0
604,2025-08,3,81,1,0
604,2025-09,3,82,1,0
604,2025-10,3,124,0,0
604,2025-11,1,19,0,0
604,2025-12,5,147,2,0
605,2025-05,1,20,0,0
605,2025-06,4,127,0,0
605,2025-07,1,23,0,0
605,2025-08,2,73,0,0
605,2025-09,1,26,0,0
606,2025-06,9,353,0,0
606,2025-07,7,147,0,0
606,2025-08,10,193,0,0
606,2025-09,11,413,0,0
606,2025-10,9,243,0,0
606,2025-11,7,147,0,0
606,2025-12,2,79,0,0
607,2025-07,7,180,0,0
607,2025-08,12,396,0,0
607,2025-09,9,223,0,0
607,2025-10,16,605,0,1
607,2025-11,11,305,0,0
607,2025-12,3,73,0,0
608,2025-07,1,31,0,0
608,2025-08,3,83,0,1
608,2025-09,2,42,0,0
608,2025-10,5,156,0,0
608,2025-11,3,73,0,0
609,2025-04,9,177,0,0
609,2025-05,5,103,0,0
609,2025-06,1,32,0,0
609,2025-07,4,138,0,0
609,2025-08,7,245,0,0
609,2025-09,8,184,0,0
609,2025-10,9,206,0,0
609,2025-11,2,51,0,0
609,2025-12,1,38,0,0
610,2025-08,1,30,0,0
610,2025-09,1,36,0,0
610,2025-10,2,72,0,0
610,2025-11,0,0,0,0
611,2024-08,6,125,1,0
611,2024-09,3,123,1,0
611,2024-10,0,0,0,0
611,2024-11,5,126,1,0
611,2024-12,6,144,3,0
611,2025-01,3,101,1,0
611,2025-02,8,195,2,0
611,2025-03,6,161,1,1
611,2025-04,3,55,1,1
611,2025-05,3,111,3,0
611,2025-06,2,66,0,0
611,2025-07,3,82,2,0
611,2025-08,3,101,0,0
611,2025-09,7,138,0,0
611,2025-10,4,93,0,0
611,2025-11,4,165,1,0
611,2025-12,2,75,1,0
612,2024-12,3,100,0,0
612,2025-01,3,114,0,0
612,2025-02,0,0,0,0
613,2025-03,2,58,3,0
613,2025-04,6,206,2,0
613,2025-05,8,219,9,0
613,2025-06,3,112,2,0
613,2025-07,1,33,0,0
613,2025-08,7,232,3,0
613,2025-09,2,47,1,0
613,2025-10,2,45,1,0
613,2025-11,2,76,3,0
613,2025-12,3,62,1,0
614,2024-09,6,222,0,0
615,2025-04,2,48,0,0
615,2025-05,4,126,0,0
615,2025-06,2,83,0,0
615,2025-07,4,135,1,0
615,2025-08,2,51,1,0
615,2025-09,1,28,0,1
616,2024-08,2,40,2,0
616,2024-09,2,78,2,0
616,2024-10,2,37,1,0
616,2024-11,1,36,0,0
616,2024-12,2,63,0,0
616,2025-01,0,0,0,0
616,2025-02,2,54,2,0
616,2025-03,2,74,1,0
616,2025-04,1,18,0,0
616,2025-05,1,28,0,0
616,2025-06,3,61,2,0
616,2025-07,3,123,1,0
616,2025-08,1,27,0,0
616,2025-09,0,0,0,0
616,2025-10,0,0,0,0
616,2025-11,1,27,0,0
616,2025-12,0,0,0,0
617,2025-06,5,161,3,0
617,2025-07,10,417,1,0
617,2025-08,7,167,4,0
617,2025-09,7,262,1,0
617,2025-10,9,235,1,0
617,2025-11,11,370,2,1
617,2025-12,12,236,5,0
618,2025-06,4,86,0,0
618,2025-07,4,101,1,0
618,2025-08,2,65,1,0
618,2025-09,3,65,0,0
618,2025-10,2,45,1,0
618,2025-11,5,188,1,0
618,2025-12,3,55,0,0
619,2025-10,2,68,1,0
619,2025-11,1,33,0,1
619,2025-12,0,0,0,0
620,2025-05,2,55,0,0
620,2025-06,2,42,0,0
620,2025-07,3,82,1,0
620,2025-08,0,0,0,0
620,2025-09,4,75,1,0
620,2025-10,1,18,0,0
620,2025-11,1,25,0,0
620,2025-12,2,71,0,0
621,2025-09,5,150,0,0
621,2025-10,4,114,0,0
621,2025-11,5,100,0,0
621,2025-12,7,169,0,0
622,2025-10,2,38,1,0
622,2025-11,3,87,0,0
622,2025-12,2,79,1,1
623,2025-10,8,187,2,0
623,2025-11,15,445,5,0
623,2025-12,7,226,3,0
624,2024-12,2,54,0,0
624,2025-01,2,80,0,0
624,2025-02,0,0,0,0
624,2025-03,2,41,0,0
624,2025-04,2,72,1,0
625,2024-12,6,159,1,0
625,2025-01,8,165,4,0
625,2025-02,13,441,3,0
625,2025-03,4,149,3,0
625,2025-04,12,423,2,0
625,2025-05,6,184,2,0
625,2025-06,6,127,1,0
1776,2025-09,4,140,2,0
625,2025-07,17,,5,0
625,2025-08,4,157,2,0
625,2025-09,8,160,0,0
625,2025-10,7,188,1,0
625,2025-11,9,303,2,0
625,2025-12,9,270,0,0
626,2025-05,1,19,0,0
627,2025-07,17,443,0,0
627,2025-08,20,555,0,0
627,2025-09,25,919,0,0
627,2025-10,32,726,0,0
627,2025-11,27,533,0,0
627,2025-12,22,402,0,0
628,2024-10,1,34,0,0
628,2024-11,1,35,0,0
628,2024-12,0,0,0,0
629,2025-01,7,221,0,0
629,2025-02,10,344,0,0
629,2025-03,15,517,0,0
629,2025-04,9,317,0,0
629,2025-05,10,214,0,0
629,2025-06,12,327,0,0
629,2025-07,17,622,0,0
629,2025-08,7,193,0,0
629,2025-09,12,242,0,0
629,2025-10,16,311,0,0
629,2025-11,7,194,0,0
629,2025-12,12,326,0,0
630,2024-10,1,18,0,0
631,2025-09,1,34,0,0
631,2025-10,6,200,0,0
631,2025-11,5,206,0,0
631,2025-12,6,109,0,0
632,2025-04,0,0,0,0
632,2025-05,0,0,0,0
632,2025-06,2,67,0,0
632,2025-07,0,0,0,0
632,2025-08,0,0,0,0
632,2025-09,2,69,0,0
632,2025-10,1,31,0,0
632,2025-11,0,0,0,0
632,2025-12,0,0,0,0
633,2025-04,2,57,0,0
633,2025-05,0,0,0,0
633,2025-06,0,0,0,0
633,2025-07,2,56,0,0
633,2025-08,1,32,0,1
634,2024-09,3,104,1,0
634,2024-10,5,95,2,0
634,2024-11,7,206,4,0
634,2024-12,4,79,2,0
634,2025-01,7,264,5,0
634,2025-02,6,239,2,0
634,2025-03,7,156,3,0
634,2025-04,7,186,0,0
634,2025-05,2,74,0,0
634,2025-06,3,68,1,0
634,2025-07,3,72,1,0
634,2025-08,4,118,0,0
634,2025-09,3,71,0,0
634,2025-10,3,74,1,0
634,2025-11,2,54,0,0
634,2025-12,7,252,3,0
635,2025-01,4,139,0,0
635,2025-02,3,68,0,0
635,2025-03,6,167,0,0
635,2025-04,4,124,0,0
635,2025-05,8,213,0,0
635,2025-06,0,,0,0
635,2025-07,3,87,0,0
635,2025-08,3,56,0,0
635,2025-09,5,185,0,2
635,2025-10,2,71,0,0
635,2025-11,8,328,0,1
635,2025-12,13,525,0,0
636,2024-12,2,51,0,0
636,2025-01,1,33,0,0
636,2025-02,4,99,0,0
636,2025-03,3,93,0,0
636,2025-04,3,82,0,0
636,2025-05,3,88,0,0
636,2025-06,1,23,0,0
636,2025-07,1,25,0,0
636,2025-08,3,64,0,0
636,2025-09,2,48,0,0
636,2025-10,1,20,0,0
636,2025-11,0,0,0,0
637,2025-04,5,148,1,0
637,2025-05,4,91,0,0
637,2025-06,4,90,1,0
637,2025-07,3,101,1,0
637,2025-08,2,54,1,0
637,2025-09,8,145,0,0
637,2025-10,2,40,0,0
637,2025-11,5,98,1,0
637,2025-12,0,0,0,0
638,2024-12,4,164,0,0
638,2025-01,6,230,1,1
638,2025-02,7,200,3,0
638,2025-03,11,336,10,0
638,2025-04,11,,5,0
638,2025-05,9,354,1,0
638,2025-06,11,248,6,0
638,2025-07,8,223,4,0
638,2025-08,7,270,2,0
638,2025-09,7,153,0,0
638,2025-10,7,273,6,0
638,2025-11,8,235,2,0
638,2025-12,9,261,7,0
639,2024-08,5,102,0,0
639,2024-09,11,270,0,0
639,2024-10,5,191,0,0
639,2024-11,8,220,0,0
639,2024-12,8,210,0,0
640,2024-08,3,118,0,0
640,2024-09,4,124,0,0
640,2024-10,3,124,0,0
640,2024-11,2,69,0,0
640,2024-12,3,62,0,0
640,2025-01,4,87,0,0
640,2025-02,3,78,0,1
640,2025-03,1,33,0,0
640,2025-04,2,48,0,0
640,2025-05,0,0,0,0
640,2025-06,1,31,0,0
640,2025-07,1,19,0,0
640,2025-08,0,0,0,0
640,2025-09,2,77,0,0
640,2025-10,1,26,0,0
640,2025-11,2,62,0,0
640,2025-12,1,19,0,0
641,2025-02,9,348,0,0
641,2025-03,1,,0,0
641,2025-04,7,270,0,0
641,2025-05,6,173,0,0
641,2025-06,8,313,0,0
641,2025-07,4,149,0,0
641,2025-08,4,104,0,0
641,2025-09,5,111,0,0
641,2025-10,6,250,0,0
641,2025-11,4,146,0,0
641,2025-12,6,175,0,0
642,2024-08,5,148,4,0
642,2024-09,0,0,0,0
642,2024-10,2,45,1,0
642,2024-11,0,0,0,0
642,2024-12,2,63,0,0
642,2025-01,1,24,0,0
642,2025-02,2,52,1,1
642,2025-03,0,0,0,0
642,2025-04,0,0,0,0
642,2025-05,0,0,0,0
642,2025-06,1,30,0,0
642,2025-07,0,0,0,0
643,2025-09,0,0,0,0
643,2025-10,0,0,0,0
643,2025-11,2,73,0,0
643,2025-12,2,76,0,0
644,2025-08,8,320,1,0
644,2025-09,13,308,3,0
644,2025-10,7,216,3,0
644,2025-11,11,214,1,0
644,2025-12,13,279,6,0
645,2025-02,2,44,2,0
645,2025-03,6,187,2,0
645,2025-04,2,46,1,0
645,2025-05,11,439,2,0
645,2025-06,6,203,2,0
645,2025-07,4,95,0,0
645,2025-08,4,88,0,0
645,2025-09,8,295,3,0
645,2025-10,4,154,1,0
645,2025-11,5,190,0,0
645,2025-12,3,106,1,0
646,2025-03,1,34,0,0
646,2025-04,4,124,0,0
646,2025-05,2,42,0,0
646,2025-06,5,109,0,0
646,2025-07,3,124,0,0
646,2025-08,3,84,0,0
646,2025-09,2,58,0,0
646,2025-10,3,81,0,1
646,2025-11,7,167,0,0
646,2025-12,6,148,0,0
647,2024-12,5,198,3,0
647,2025-01,4,112,1,0
647,2025-02,8,,5,0
647,2025-03,3,71,0,0
647,2025-04,4,121,4,0
647,2025-05,1,42,1,0
647,2025-06,3,115,1,0
647,2025-07,5,128,1,0
648,2024-12,6,133,0,0
648,2025-01,14,334,2,0
648,2025-02,7,208,2,0
648,2025-03,13,368,2,0
648,2025-04,9,246,1,0
648,2025-05,9,215,1,1
2883,2024-10,7,230,2,0
648,2025-06,9,254,1,0
648,2025-07,7,234,4,0
648,2025-08,10,367,2,0
648,2025-09,10,338,2,0
648,2025-10,9,377,3,0
648,2025-11,5,203,1,0
648,2025-12,6,212,4,0
649,2025-05,2,59,0,0
649,2025-06,1,40,0,1
649,2025-07,2,43,0,1
650,2025-04,4,95,0,0
650,2025-05,2,60,1,0
650,2025-06,1,32,0,0
650,2025-07,2,82,2,0
650,2025-08,0,0,0,0
650,2025-09,0,0,0,0
650,2025-10,0,0,0,0
650,2025-11,1,38,0,0
650,2025-12,0,0,0,1
651,2025-03,3,83,0,1
651,2025-04,2,42,0,0
651,2025-05,1,29,1,0
651,2025-06,0,0,0,0
651,2025-07,0,0,0,0
651,2025-08,0,0,0,0
651,2025-09,1,22,0,0
651,2025-10,1,31,0,0
652,2025-04,6,130,0,0
652,2025-05,4,93,0,0
652,2025-06,6,168,0,0
652,2025-07,5,153,0,1
653,2025-05,0,0,0,0
653,2025-06,0,0,0,0
653,2025-07,1,35,1,0
653,2025-08,0,0,0,0
653,2025-09,1,38,0,0
653,2025-10,1,36,0,1
653,2025-11,0,0,0,0
653,2025-12,0,0,0,0
654,2025-09,2,71,0,0
654,2025-10,4,143,1,0
654,2025-11,10,208,3,0
654,2025-12,6,146,2,0
655,2025-07,4,115,0,0
655,2025-08,4,95,1,0
655,2025-09,4,151,2,0
655,2025-10,5,119,2,0
655,2025-11,4,98,3,0
995,2025-11,6,250,5,0
655,2025-12,5,99,3,0
656,2024-07,3,62,1,0
656,2024-08,4,87,1,0
656,2024-09,3,103,0,0
656,2024-10,2,66,0,0
656,2024-11,3,72,0,0
656,2024-12,4,128,0,0
656,2025-01,2,47,0,0
656,2025-02,2,73,0,2
657,2025-09,13,354,0,0
657,2025-10,15,541,0,0
657,2025-11,19,535,0,0
657,2025-12,21,,0,0
658,2024-12,1,27,0,0
658,2025-01,3,118,0,0
658,2025-02,0,0,0,0
658,2025-03,1,31,0,0
658,2025-04,3,94,0,0
658,2025-05,3,112,0,0
658,2025-06,0,0,0,0
658,2025-07,2,58,0,0
658,2025-08,2,69,0,0
658,2025-09,2,53,0,0
658,2025-10,1,38,0,1
658,2025-11,0,0,0,0
659,2025-09,2,55,0,0
659,2025-10,1,40,0,0
659,2025-11,2,66,0,0
659,2025-12,3,68,0,0
660,2025-03,8,330,1,0
660,2025-04,12,477,3,0
660,2025-05,9,332,5,0
660,2025-06,11,203,2,0
660,2025-07,7,223,1,0
660,2025-08,8,174,0,0
660,2025-09,14,437,3,0
660,2025-10,15,492,4,0
660,2025-11,10,202,1,0
660,2025-12,7,207,1,0
661,2025-09,5,206,0,0
661,2025-10,8,292,0,0
661,2025-11,7,253,0,0
661,2025-12,5,112,0,0
662,2025-01,1,30,0,0
662,2025-02,9,182,4,0
662,2025-03,6,112,3,0
662,2025-04,3,69,2,0
663,2025-10,7,238,0,0
663,2025-11,2,57,0,0
663,2025-12,9,274,0,2
664,2024-10,4,76,3,0
664,2024-11,3,93,1,0
664,2024-12,3,118,0,0
664,2025-01,3,61,0,0
664,2025-02,6,166,2,0
665,2025-02,2,53,0,1
665,2025-03,8,177,3,0
665,2025-04,5,200,0,0
665,2025-05,1,19,1,0
665,2025-06,3,109,1,1
665,2025-07,1,31,0,0
665,2025-08,5,175,3,1
665,2025-09,4,123,2,0
665,2025-10,2,40,0,0
665,2025-11,5,170,3,0
665,2025-12,3,84,1,0
2310,2024-11,5,113,2,1
666,2025-04,1,37,1,0
666,2025-05,1,32,0,0
666,2025-06,0,0,0,0
666,2025-07,0,0,0,0
666,2025-08,1,23,0,0
666,2025-09,1,23,0,0
666,2025-10,1,27,2,0
666,2025-11,1,39,0,0
666,2025-12,0,0,0,0
667,2025-03,5,94,0,1
668,2024-12,3,73,2,0
668,2025-01,5,94,1,0
668,2025-02,4,151,0,0
668,2025-03,4,120,0,0
668,2025-04,8,183,1,0
668,2025-05,12,466,3,0
668,2025-06,5,149,0,0
668,2025-07,1,40,0,0
668,2025-08,3,78,1,0
668,2025-09,2,51,2,0
668,2025-10,6,129,2,0
668,2025-11,2,38,2,0
668,2025-12,3,100,2,0
669,2024-09,9,181,4,0
669,2024-10,7,281,2,0
669,2024-11,14,349,8,1
669,2024-12,14,378,7,0
669,2025-01,8,157,2,0
669,2025-02,7,197,0,0
669,2025-03,14,315,4,0
669,2025-04,19,785,2,0
669,2025-05,14,452,4,0
669,2025-06,9,271,1,0
669,2025-07,14,577,2,0
669,2025-08,10,273,2,0
669,2025-09,13,502,5,0
669,2025-10,6,191,2,0
669,2025-11,12,482,1,0
669,2025-12,4,123,1,0
670,2025-01,1,27,0,0
671,2024-12,3,67,2,0
671,2025-01,5,141,0,0
671,2025-02,5,,1,0
671,2025-03,4,152,1,0
671,2025-04,7,196,1,0
671,2025-05,5,190,1,0
671,2025-06,2,37,0,0
671,2025-07,6,200,2,0
671,2025-08,6,130,2,0
671,2025-09,5,141,1,0
671,2025-10,6,177,4,0
671,2025-11,6,140,3,0
672,2025-10,7,174,4,0
672,2025-11,6,251,9,0
672,2025-12,4,128,1,1
673,2025-05,17,321,0,0
673,2025-06,8,166,0,0
673,2025-07,12,416,0,0
674,2025-09,2,38,0,0
674,2025-10,2,39,1,0
674,2025-11,3,83,1,0
674,2025-12,1,31,2,0
675,2025-08,2,69,0,0
675,2025-09,2,67,0,0
675,2025-10,5,157,0,0
675,2025-11,0,0,0,0
675,2025-12,0,,0,0
676,2025-06,1,21,0,1
676,2025-07,1,39,0,0
676,2025-08,2,40,0,0
677,2024-11,5,199,0,0
677,2024-12,5,170,1,0
677,2025-01,8,313,2,0
677,2025-02,5,143,1,0
677,2025-03,9,234,5,0
678,2024-08,1,36,0,0
678,2024-09,2,52,1,0
678,2024-10,1,28,0,0
679,2024-12,2,55,1,0
679,2025-01,2,73,0,0
679,2025-02,10,182,2,0
680,2025-03,1,27,0,0
681,2024-12,3,112,0,0
681,2025-01,7,284,0,0
681,2025-02,10,206,0,0
681,2025-03,6,226,0,0
681,2025-04,3,67,0,0
681,2025-05,3,103,0,0
681,2025-06,3,96,0,0
681,2025-07,6,,0,0
681,2025-08,1,23,0,0
681,2025-09,4,113,0,0
681,2025-10,1,29,0,0
681,2025-11,4,151,0,0
681,2025-12,6,214,0,0
682,2025-02,3,64,1,0
682,2025-03,3,111,1,0
682,2025-04,5,127,1,0
682,2025-05,1,39,1,0
682,2025-06,6,213,3,0
682,2025-07,5,97,1,1
682,2025-08,5,194,2,0
683,2025-02,4,130,1,0
683,2025-03,7,215,1,0
683,2025-04,5,152,1,1
683,2025-05,5,130,1,0
683,2025-06,4,82,0,0
683,2025-07,9,206,0,0
683,2025-08,3,100,0,0
683,2025-09,4,136,0,0
683,2025-10,5,92,3,0
683,2025-11,10,196,4,0
683,2025-12,4,127,1,0
684,2025-08,7,255,0,0
684,2025-09,7,284,0,0
684,2025-10,9,277,0,0
684,2025-11,9,285,0,0
684,2025-12,6,182,0,2
685,2024-10,0,0,0,0
686,2025-03,6,188,0,0
686,2025-04,0,0,0,1
687,2025-06,3,74,0,0
687,2025-07,5,109,0,0
687,2025-08,3,110,0,0
687,2025-09,2,82,0,0
687,2025-10,3,67,0,0
687,2025-11,3,100,0,0
687,2025-12,3,95,0,0
688,2025-04,4,73,1,0
688,2025-05,2,62,2,0
688,2025-06,5,99,5,0
688,2025-07,4,,1,0
688,2025-08,3,89,2,0
688,2025-09,1,21,1,0
688,2025-10,4,84,4,0
688,2025-11,0,0,0,1
688,2025-12,2,69,1,0
689,2025-06,0,0,0,1
689,2025-07,2,68,0,0
689,2025-08,2,77,0,0
689,2025-09,4,140,0,1
689,2025-10,1,35,0,0
689,2025-11,0,0,0,0
689,2025-12,2,68,0,0
690,2025-01,3,105,0,0
690,2025-02,2,43,0,1
690,2025-03,4,80,0,1
691,2024-11,1,30,0,0
692,2025-01,3,84,2,0
692,2025-02,6,219,0,1
692,2025-03,1,34,0,0
692,2025-04,4,80,0,0
692,2025-05,2,62,0,1
692,2025-06,1,19,0,2
693,2025-09,1,38,0,0
693,2025-10,2,67,0,0
693,2025-11,2,82,0,0
693,2025-12,3,116,3,0
694,2025-10,0,0,0,0
694,2025-11,5,120,3,1
694,2025-12,0,0,0,0
695,2025-04,0,0,0,0
695,2025-05,1,24,0,0
696,2025-06,1,32,0,0
696,2025-07,5,183,3,0
696,2025-08,4,125,0,0
696,2025-09,4,106,2,0
696,2025-10,5,144,1,0
696,2025-11,8,241,1,0
696,2025-12,2,61,0,0
697,2024-11,7,245,1,0
697,2024-12,7,193,3,0
697,2025-01,4,160,0,0
697,2025-02,7,129,2,1
697,2025-03,11,432,4,0
697,2025-04,7,264,3,2
697,2025-05,10,252,9,0
697,2025-06,5,205,3,1
697,2025-07,7,236,2,1
697,2025-08,6,168,5,0
697,2025-09,14,313,3,0
697,2025-10,12,487,6,1
697,2025-11,4,141,1,1
697,2025-12,3,116,1,0
698,2025-08,5,126,0,0
698,2025-09,7,220,2,0
698,2025-10,7,269,1,0
698,2025-11,6,112,1,0
698,2025-12,5,157,1,0
699,2025-05,3,114,3,0
699,2025-06,4,132,2,0
699,2025-07,6,247,3,0
699,2025-08,5,169,6,0
699,2025-09,6,140,4,1
699,2025-10,2,76,3,1
699,2025-11,2,82,2,0
700,2025-03,1,39,0,0
700,2025-04,3,58,0,1
700,2025-05,1,38,0,0
700,2025-06,2,37,0,0
700,2025-07,2,68,0,0
700,2025-08,0,0,0,0
700,2025-09,2,41,0,0
700,2025-10,1,30,0,0
700,2025-11,1,29,1,0
700,2025-12,0,0,0,0
701,2024-09,1,20,0,0
701,2024-10,3,115,3,0
701,2024-11,3,102,0,0
701,2024-12,2,63,1,0
701,2025-01,4,75,1,1
701,2025-02,2,37,0,0
701,2025-03,3,55,2,0
701,2025-04,4,149,1,0
701,2025-05,2,37,1,0
701,2025-06,0,0,0,0
701,2025-07,0,0,0,0
701,2025-08,2,73,0,0
701,2025-09,0,0,0,0
701,2025-10,3,123,3,1
701,2025-11,0,0,0,1
701,2025-12,0,0,0,0
702,2024-12,6,251,2,0
702,2025-01,5,198,4,0
702,2025-02,2,71,1,0
702,2025-03,4,166,3,0
702,2025-04,3,72,0,0
702,2025-05,3,69,1,0
702,2025-06,1,30,0,0
702,2025-07,5,136,0,0
702,2025-08,3,95,1,0
702,2025-09,3,60,1,0
702,2025-10,5,156,0,0
702,2025-11,4,74,3,0
702,2025-12,2,68,2,0
703,2025-02,2,69,0,0
703,2025-03,4,127,0,0
703,2025-04,1,25,0,0
703,2025-05,1,29,0,0
703,2025-06,2,78,0,0
703,2025-07,4,164,0,0
703,2025-08,4,110,0,0
703,2025-09,1,35,0,0
703,2025-10,1,24,0,0
703,2025-11,1,35,0,0
703,2025-12,3,88,0,0
704,2025-08,1,41,1,0
704,2025-09,1,21,2,0
704,2025-10,1,36,0,0
705,2025-03,8,227,0,0
705,2025-04,5,152,2,0
705,2025-05,8,301,4,1
705,2025-06,9,282,0,0
705,2025-07,3,123,3,0
705,2025-08,9,208,5,0
705,2025-09,4,139,1,0
705,2025-10,5,145,1,0
705,2025-11,8,153,2,1
705,2025-12,4,137,0,0
706,2025-06,5,129,3,0
706,2025-07,3,66,2,0
706,2025-08,3,79,3,0
706,2025-09,3,125,1,0
706,2025-10,1,37,1,0
706,2025-11,1,42,1,0
706,2025-12,3,70,0,0
707,2024-09,3,54,0,1
708,2024-10,0,0,0,1
709,2025-06,2,50,0,0
709,2025-07,1,32,0,0
709,2025-08,1,30,2,0
709,2025-09,1,29,0,0
709,2025-10,1,22,0,0
709,2025-11,2,65,2,0
709,2025-12,0,0,0,0
710,2024-07,3,113,0,0
710,2024-08,5,159,0,0
710,2024-09,5,135,0,0
711,2025-01,9,362,3,1
711,2025-02,10,240,6,0
711,2025-03,6,169,3,0
711,2025-04,12,339,6,0
711,2025-05,7,180,2,0
711,2025-06,11,342,9,0
711,2025-07,11,269,3,0
711,2025-08,12,310,3,0
711,2025-09,5,163,3,0
711,2025-10,9,359,6,0
711,2025-11,3,106,2,0
711,2025-12,4,86,1,0
712,2025-02,0,0,0,0
712,2025-03,1,37,0,0
712,2025-04,0,0,0,0
712,2025-05,4,167,1,1
712,2025-06,0,0,0,0
712,2025-07,2,60,0,0
712,2025-08,0,0,0,0
712,2025-09,1,,0,1
712,2025-10,0,0,0,0
712,2025-11,2,64,1,0
712,2025-12,1,40,0,0
713,2025-07,7,162,0,0
713,2025-08,5,132,0,0
3202,2024-12,12,433,4,0
713,2025-09,10,281,0,0
713,2025-10,6,204,0,0
713,2025-11,3,,0,0
713,2025-12,6,183,0,0
714,2025-10,1,30,0,0
714,2025-11,1,28,0,0
715,2025-10,4,127,2,0
715,2025-11,1,34,2,0
715,2025-12,3,93,1,0
716,2025-05,2,39,0,0
716,2025-06,3,55,0,0
717,2025-07,12,457,0,0
717,2025-08,17,389,0,0
717,2025-09,12,370,0,0
717,2025-10,9,234,0,0
717,2025-11,9,340,0,0
717,2025-12,7,214,0,0
718,2025-10,1,29,0,0
718,2025-11,3,97,2,0
718,2025-12,5,,1,0
719,2025-04,13,425,0,0
719,2025-05,8,284,0,0
719,2025-06,10,,0,0
719,2025-07,7,224,0,0
719,2025-08,9,169,0,0
719,2025-09,8,292,0,0
719,2025-10,9,277,0,0
719,2025-11,11,344,0,0
719,2025-12,7,127,0,0
720,2024-12,3,118,2,0
720,2025-01,4,165,2,1
720,2025-02,7,276,2,0
721,2024-08,5,95,0,0
721,2024-09,7,251,2,0
721,2024-10,8,236,1,0
721,2024-11,5,98,1,0
721,2024-12,4,107,1,0
721,2025-01,4,131,2,0
721,2025-02,3,124,3,0
721,2025-03,5,96,2,0
721,2025-04,5,172,0,0
721,2025-05,4,158,0,0
721,2025-06,5,163,0,0
721,2025-07,11,441,2,0
721,2025-08,8,176,2,0
721,2025-09,2,45,0,0
721,2025-10,6,162,0,0
721,2025-11,5,93,1,1
721,2025-12,8,203,2,0
722,2025-10,5,191,1,0
722,2025-11,8,312,1,0
722,2025-12,7,199,2,0
723,2025-07,0,0,0,0
723,2025-08,4,86,3,0
723,2025-09,3,59,0,0
723,2025-10,5,191,1,1
743,2025-08,2,43,0,0
723,2025-11,5,124,3,0
723,2025-12,2,50,0,0
724,2025-08,4,133,0,0
724,2025-09,3,108,0,0
725,2024-09,1,24,3,0
725,2024-10,2,58,0,0
725,2024-11,1,22,0,0
726,2024-12,2,63,0,0
726,2025-01,1,31,0,0
726,2025-02,0,0,0,0
726,2025-03,3,91,2,0
726,2025-04,0,0,0,0
726,2025-05,1,24,0,1
726,2025-06,0,0,0,1
726,2025-07,2,75,2,0
726,2025-08,1,29,0,0
726,2025-09,0,0,0,0
726,2025-10,0,0,0,0
726,2025-11,2,55,1,2
727,2024-07,4,148,0,0
727,2024-08,2,74,0,0
727,2024-09,2,48,0,0
727,2024-10,5,110,0,0
727,2024-11,5,205,0,0
727,2024-12,6,210,0,0
727,2025-01,7,172,0,0
727,2025-02,3,72,0,0
727,2025-03,7,153,0,0
727,2025-04,6,225,0,0
727,2025-05,0,0,0,0
727,2025-06,6,137,0,0
727,2025-07,2,70,0,0
727,2025-08,6,163,0,0
727,2025-09,8,213,0,1
727,2025-10,2,78,0,2
727,2025-11,8,307,0,2
727,2025-12,3,107,0,0
728,2025-03,6,249,0,0
728,2025-04,3,110,3,0
728,2025-05,3,116,0,0
728,2025-06,4,86,0,0
728,2025-07,2,71,1,0
728,2025-08,7,190,0,0
1383,2025-07,2,57,0,0
728,2025-09,2,76,0,0
728,2025-10,4,154,4,0
728,2025-11,5,189,1,0
728,2025-12,1,37,0,0
729,2025-06,7,255,1,0
729,2025-07,6,172,4,0
729,2025-08,8,288,3,0
729,2025-09,8,220,3,0
729,2025-10,5,139,0,0
729,2025-11,5,,2,1
729,2025-12,3,124,1,1
730,2025-09,15,297,0,0
730,2025-10,18,329,0,0
730,2025-11,13,513,0,0
730,2025-12,12,373,0,0
731,2024-08,1,38,0,0
731,2024-09,3,96,1,0
732,2025-02,0,0,0,0
732,2025-03,2,50,0,0
732,2025-04,1,37,2,0
733,2025-07,6,177,0,0
733,2025-08,8,189,1,0
733,2025-09,4,122,2,0
733,2025-10,7,189,4,0
733,2025-11,8,280,2,1
734,2025-03,3,79,0,0
734,2025-04,1,31,0,0
734,2025-05,1,22,1,0
735,2025-10,3,74,0,0
735,2025-11,0,0,0,0
735,2025-12,2,78,0,0
736,2025-04,5,,2,0
736,2025-05,4,81,0,0
736,2025-06,4,146,1,0
736,2025-07,7,209,0,0
736,2025-08,3,102,1,0
736,2025-09,8,201,4,0
736,2025-10,4,140,2,0
736,2025-11,5,160,1,0
736,2025-12,10,255,2,0
737,2025-10,3,72,0,0
737,2025-11,1,30,0,0
738,2024-12,6,213,6,0
738,2025-01,3,59,0,0
738,2025-02,3,104,0,0
738,2025-03,8,198,4,0
738,2025-04,6,228,2,0
738,2025-05,4,115,4,0
738,2025-06,7,230,1,0
738,2025-07,5,153,1,0
738,2025-08,6,144,5,0
738,2025-09,9,219,7,0
738,2025-10,1,34,1,0
738,2025-11,6,122,3,0
738,2025-12,2,45,1,0
739,2024-10,3,104,0,0
739,2024-11,4,139,0,0
740,2025-05,4,146,2,0
741,2025-08,4,111,0,0
741,2025-09,3,65,0,0
741,2025-10,7,131,0,0
742,2025-02,1,30,0,1
743,2024-08,3,79,0,1
743,2024-09,5,144,2,0
743,2024-10,3,112,2,0
743,2024-11,2,79,2,0
743,2024-12,1,25,1,0
743,2025-01,0,0,0,0
743,2025-02,1,37,0,0
743,2025-03,2,67,0,0
743,2025-04,3,88,2,0
743,2025-05,0,0,0,0
743,2025-06,1,28,1,0
743,2025-07,2,65,3,0
743,2025-08,2,43,0,0
743,2025-09,0,0,0,0
743,2025-10,0,0,0,1
743,2025-11,0,0,0,0
743,2025-12,0,0,0,0
744,2025-08,1,22,1,0
744,2025-09,3,61,2,0
744,2025-10,1,,0,0
745,2025-08,7,238,2,0
745,2025-09,6,145,6,0
745,2025-10,7,146,3,0
745,2025-11,8,260,6,0
745,2025-12,8,252,4,0
746,2024-07,5,103,2,0
746,2024-08,6,193,1,1
746,2024-09,5,178,2,0
746,2024-10,4,135,2,1
746,2024-11,3,113,1,0
746,2024-12,1,20,0,0
746,2025-01,2,58,1,0
746,2025-02,5,171,1,0
746,2025-03,2,71,0,0
746,2025-04,5,110,2,1
746,2025-05,4,78,2,0
746,2025-06,3,63,1,0
746,2025-07,3,109,3,1
746,2025-08,2,65,1,0
746,2025-09,3,80,1,0
746,2025-10,1,21,0,0
746,2025-11,3,93,1,1
746,2025-12,2,56,0,0
747,2025-09,15,494,3,0
747,2025-10,5,173,1,0
747,2025-11,10,363,1,0
747,2025-12,22,,6,0
748,2025-03,8,315,1,0
748,2025-04,5,185,1,0
748,2025-05,3,114,2,0
748,2025-06,3,54,0,0
749,2025-01,0,0,0,0
749,2025-02,1,27,0,0
749,2025-03,0,0,0,0
750,2025-08,7,172,0,0
750,2025-09,9,239,0,0
750,2025-10,9,179,0,0
750,2025-11,3,109,0,0
750,2025-12,9,276,0,0
751,2024-10,1,29,1,0
752,2024-09,1,26,0,0
753,2025-06,3,112,0,0
753,2025-07,3,89,0,0
753,2025-08,6,169,0,0
753,2025-09,6,241,0,0
753,2025-10,8,148,0,0
753,2025-11,6,231,0,0
753,2025-12,7,148,0,0
754,2025-08,2,53,0,0
754,2025-09,5,181,0,0
754,2025-10,3,75,0,1
754,2025-11,5,202,0,0
754,2025-12,3,57,0,1
755,2025-07,4,75,0,0
755,2025-08,1,33,0,0
755,2025-09,5,167,0,0
755,2025-10,3,106,0,0
755,2025-11,5,111,0,0
755,2025-12,6,225,0,0
756,2024-09,0,0,0,0
756,2024-10,4,145,1,0
756,2024-11,5,111,3,0
756,2024-12,4,131,2,0
756,2025-01,3,79,1,0
756,2025-02,4,166,1,1
756,2025-03,4,153,0,0
756,2025-04,6,247,5,0
756,2025-05,4,81,1,0
756,2025-06,2,39,0,0
756,2025-07,5,152,0,2
756,2025-08,3,78,1,0
756,2025-09,5,146,0,0
756,2025-10,0,0,0,0
756,2025-11,9,239,3,0
756,2025-12,6,208,1,0
757,2025-07,1,38,0,0
757,2025-08,0,0,0,0
757,2025-09,2,76,0,0
757,2025-10,3,91,0,0
757,2025-11,3,89,0,0
757,2025-12,1,20,0,0
758,2025-09,6,175,6,0
758,2025-10,3,74,3,0
758,2025-11,3,112,1,0
758,2025-12,4,86,1,0
759,2025-01,41,1653,0,0
759,2025-02,45,1028,0,0
759,2025-03,41,993,0,0
759,2025-04,43,1187,0,0
759,2025-05,48,1546,0,0
759,2025-06,43,1601,0,0
759,2025-07,45,1621,0,0
759,2025-08,41,1126,0,0
759,2025-09,33,1274,0,0
759,2025-10,41,1317,0,0
759,2025-11,36,1345,0,0
759,2025-12,37,1086,0,0
760,2024-08,3,112,0,0
760,2024-09,0,0,0,0
519,2025-02,2,68,0,0
761,2024-09,10,244,0,0
761,2024-10,5,111,0,0
761,2024-11,8,248,0,0
761,2024-12,7,137,0,0
761,2025-01,5,186,0,0
761,2025-02,4,140,0,0
761,2025-03,6,243,0,0
761,2025-04,9,353,0,0
761,2025-05,6,245,0,0
761,2025-06,4,156,0,0
761,2025-07,11,228,0,0
761,2025-08,7,240,0,0
762,2025-10,1,26,0,0
762,2025-11,1,24,0,0
762,2025-12,1,19,0,0
763,2025-05,9,342,0,0
763,2025-06,13,440,0,0
763,2025-07,10,323,0,0
3074,2025-07,1,30,0,0
763,2025-08,11,246,0,0
763,2025-09,13,274,0,0
763,2025-10,9,185,0,0
763,2025-11,9,280,0,0
763,2025-12,15,496,0,0
764,2025-03,2,80,0,0
764,2025-04,9,196,0,1
764,2025-05,8,153,0,1
764,2025-06,3,96,0,0
764,2025-07,3,69,0,0
764,2025-08,10,392,0,0
764,2025-09,5,133,0,0
764,2025-10,5,121,0,0
764,2025-11,4,136,0,0
764,2025-12,7,211,0,1
765,2025-02,3,82,0,0
765,2025-03,11,269,1,0
765,2025-04,0,0,0,0
765,2025-05,3,58,1,1
765,2025-06,1,35,0,0
765,2025-07,3,114,0,0
765,2025-08,0,0,0,0
765,2025-09,3,69,1,0
765,2025-10,1,30,0,0
765,2025-11,3,124,0,0
765,2025-12,0,0,0,0
766,2025-03,2,50,1,0
766,2025-04,10,368,2,0
766,2025-05,1,24,0,0
767,2025-03,3,120,2,0
767,2025-04,3,125,1,0
767,2025-05,2,41,0,0
767,2025-06,2,75,2,0
767,2025-07,2,83,4,1
767,2025-08,1,21,0,0
767,2025-09,1,33,2,0
767,2025-10,0,0,0,0
767,2025-11,2,52,1,0
767,2025-12,1,37,1,0
768,2025-01,6,118,1,1
768,2025-02,10,349,2,0
769,2025-06,1,20,0,0
769,2025-07,2,62,1,0
769,2025-08,0,0,0,0
769,2025-09,3,117,1,0
769,2025-10,1,35,0,0
770,2025-08,5,147,6,0
770,2025-09,1,29,0,0
770,2025-10,3,116,0,0
2555,2025-04,5,112,0,0
770,2025-11,1,34,0,0
770,2025-12,3,104,1,0
771,2024-10,3,111,2,0
771,2024-11,5,149,1,0
771,2024-12,5,148,0,0
771,2025-01,8,211,0,0
771,2025-02,8,183,0,0
771,2025-03,5,182,1,0
771,2025-04,5,145,3,0
771,2025-05,9,247,2,0
771,2025-06,12,303,1,0
771,2025-07,4,131,0,0
771,2025-08,6,233,0,0
772,2024-08,2,41,0,0
772,2024-09,2,39,0,0
772,2024-10,0,0,0,0
773,2025-03,16,521,0,0
773,2025-04,26,887,0,0
773,2025-05,26,1080,0,0
773,2025-06,19,431,0,0
773,2025-07,14,538,0,0
773,2025-08,13,311,0,0
773,2025-09,10,358,0,0
773,2025-10,8,193,0,0
773,2025-11,18,398,0,1
773,2025-12,13,301,0,0
774,2024-10,5,,0,0
774,2024-11,7,271,0,0
774,2024-12,7,180,0,0
774,2025-01,7,128,0,0
774,2025-02,2,84,0,0
774,2025-03,3,105,0,0
774,2025-04,7,180,0,0
774,2025-05,8,307,0,0
774,2025-06,9,244,0,0
774,2025-07,10,190,0,0
774,2025-08,3,69,0,0
774,2025-09,1,19,0,0
774,2025-10,6,196,0,0
774,2025-11,5,181,0,0
774,2025-12,2,67,0,0
775,2025-01,4,88,0,1
775,2025-02,6,191,0,0
775,2025-03,3,91,0,0
775,2025-04,5,121,0,0
775,2025-05,4,120,0,0
775,2025-06,8,283,0,0
775,2025-07,3,,0,0
775,2025-08,4,132,0,0
775,2025-09,10,380,0,0
775,2025-10,5,129,0,0
775,2025-11,6,166,0,0
775,2025-12,6,236,0,0
776,2025-10,0,0,0,0
776,2025-11,2,45,2,0
776,2025-12,1,38,0,0
777,2024-12,2,73,0,0
777,2025-01,2,43,0,0
777,2025-02,2,61,1,0
777,2025-03,0,0,0,0
777,2025-04,1,31,0,0
777,2025-05,4,90,0,0
777,2025-06,0,0,0,0
777,2025-07,2,74,1,0
777,2025-08,0,0,0,0
777,2025-09,0,0,0,0
777,2025-10,2,74,0,0
777,2025-11,1,35,0,0
777,2025-12,0,0,0,0
778,2024-12,1,26,1,0
778,2025-01,3,65,2,0
778,2025-02,7,205,1,0
778,2025-03,4,165,0,0
778,2025-04,5,180,3,0
778,2025-05,5,115,2,0
778,2025-06,2,56,1,0
778,2025-07,4,73,1,1
778,2025-08,0,0,0,0
778,2025-09,3,104,1,1
778,2025-10,2,46,0,0
778,2025-11,0,0,0,1
779,2025-03,5,128,0,0
779,2025-04,4,110,0,0
779,2025-05,3,58,0,0
779,2025-06,2,41,0,0
779,2025-07,1,40,0,0
780,2024-12,2,69,0,0
780,2025-01,2,59,1,0
780,2025-02,0,0,0,0
781,2025-06,10,187,0,0
781,2025-07,15,428,0,1
781,2025-08,4,78,0,0
781,2025-09,5,103,0,0
781,2025-10,8,295,0,1
781,2025-11,8,281,0,0
781,2025-12,2,40,0,0
782,2024-10,4,127,1,0
782,2024-11,5,197,0,0
782,2024-12,2,58,0,0
783,2025-07,6,142,0,0
783,2025-08,5,173,0,0
783,2025-09,1,26,0,0
783,2025-10,2,72,0,1
784,2025-04,3,100,0,0
784,2025-05,0,0,0,0
784,2025-06,5,101,1,0
784,2025-07,1,39,1,0
784,2025-08,3,115,0,0
784,2025-09,1,33,0,1
784,2025-10,1,20,1,0
784,2025-11,2,56,0,0
784,2025-12,2,50,1,0
785,2025-09,7,161,1,0
785,2025-10,5,144,2,0
785,2025-11,10,329,3,0
785,2025-12,13,309,4,0
786,2025-08,7,242,1,0
786,2025-09,11,312,4,0
786,2025-10,7,230,1,0
786,2025-11,8,229,1,0
787,2025-07,2,39,0,0
787,2025-08,1,21,0,0
787,2025-09,9,202,0,0
787,2025-10,4,73,0,0
787,2025-11,4,92,0,0
787,2025-12,5,173,0,0
788,2025-10,0,0,0,0
788,2025-11,3,124,0,0
788,2025-12,5,134,0,0
789,2025-08,0,0,0,0
789,2025-09,0,0,0,0
789,2025-10,1,38,0,0
789,2025-11,3,120,0,0
789,2025-12,1,42,0,0
790,2025-01,5,118,0,0
790,2025-02,6,238,0,0
791,2025-08,9,311,3,0
791,2025-09,6,214,1,0
791,2025-10,3,90,0,0
791,2025-11,6,245,0,0
791,2025-12,5,123,1,0
792,2025-06,2,46,1,0
792,2025-07,2,72,1,0
792,2025-08,3,70,1,0
792,2025-09,5,111,0,0
792,2025-10,1,40,0,0
792,2025-11,0,0,0,1
792,2025-12,0,0,0,0
793,2024-12,2,84,0,0
793,2025-01,5,130,2,0
793,2025-02,3,104,0,0
793,2025-03,3,121,1,1
793,2025-04,2,76,0,0
793,2025-05,4,144,2,0
793,2025-06,3,103,0,0
793,2025-07,1,34,0,0
793,2025-08,2,74,1,1
794,2025-04,1,23,0,0
794,2025-05,1,23,0,0
794,2025-06,8,280,0,0
794,2025-07,3,70,0,0
794,2025-08,2,76,0,0
794,2025-09,5,104,0,0
794,2025-10,7,293,0,0
794,2025-11,0,0,0,0
794,2025-12,5,133,0,0
795,2025-10,4,80,0,0
795,2025-11,18,568,5,0
795,2025-12,13,294,1,0
796,2024-09,2,59,1,0
796,2024-10,4,117,2,0
796,2024-11,2,45,0,0
796,2024-12,8,191,1,0
796,2025-01,2,71,0,1
796,2025-02,9,348,4,0
796,2025-03,3,63,1,0
796,2025-04,3,92,2,0
3343,2024-10,2,73,0,0
796,2025-05,8,329,1,0
796,2025-06,3,95,1,0
796,2025-07,2,36,0,0
796,2025-08,4,144,0,0
796,2025-09,1,36,1,1
796,2025-10,2,51,1,0
796,2025-11,3,66,0,0
797,2025-02,10,292,0,0
797,2025-03,8,260,0,0
797,2025-04,7,184,0,0
797,2025-05,10,196,0,0
797,2025-06,9,309,0,0
797,2025-07,10,329,0,0
797,2025-08,4,159,0,0
797,2025-09,7,160,0,0
797,2025-10,8,177,0,0
797,2025-11,5,182,0,0
798,2024-09,10,417,3,0
798,2024-10,3,108,0,0
798,2024-11,1,33,0,0
798,2024-12,5,111,1,0
798,2025-01,3,111,1,0
798,2025-02,6,210,2,1
798,2025-03,1,35,0,0
798,2025-04,3,74,0,0
798,2025-05,5,114,1,0
798,2025-06,5,152,2,0
798,2025-07,3,86,0,1
798,2025-08,3,81,0,1
798,2025-09,5,119,4,2
799,2025-01,1,27,1,0
799,2025-02,1,30,1,0
799,2025-03,3,68,4,0
799,2025-04,2,75,0,0
799,2025-05,2,54,0,0
799,2025-06,2,44,1,0
799,2025-07,2,83,1,0
799,2025-08,2,66,2,0
799,2025-09,2,40,1,0
799,2025-10,1,28,0,0
799,2025-11,1,28,0,0
799,2025-12,0,0,0,0
800,2025-02,4,105,2,0
800,2025-03,7,230,0,0
800,2025-04,8,264,3,0
800,2025-05,8,285,0,0
800,2025-06,4,111,0,0
800,2025-07,5,94,2,0
800,2025-08,5,129,2,0
800,2025-09,5,93,1,0
800,2025-10,3,59,2,0
800,2025-11,8,332,3,0
800,2025-12,2,43,1,0
801,2025-09,0,0,0,0
801,2025-10,2,62,0,0
801,2025-11,0,0,0,0
801,2025-12,2,79,0,0
802,2025-01,3,89,0,0
802,2025-02,0,0,0,0
802,2025-03,4,117,0,0
802,2025-04,0,0,0,0
802,2025-05,4,119,0,0
802,2025-06,2,59,0,0
802,2025-07,1,38,0,0
802,2025-08,3,74,0,0
802,2025-09,3,99,0,0
802,2025-10,3,70,0,0
802,2025-11,1,37,0,1
802,2025-12,1,42,0,0
803,2025-10,1,31,0,0
803,2025-11,1,29,0,1
803,2025-12,1,30,0,1
804,2024-10,2,81,0,1
804,2024-11,3,70,0,0
804,2024-12,8,220,0,1
804,2025-01,2,51,0,1
804,2025-02,5,154,0,1
804,2025-03,7,254,0,0
804,2025-04,7,247,0,2
804,2025-05,6,194,0,0
804,2025-06,2,39,0,0
804,2025-07,3,81,0,1
804,2025-08,7,255,0,0
804,2025-09,4,99,0,1
805,2025-01,4,93,0,0
805,2025-02,2,74,0,0
805,2025-03,3,106,0,0
805,2025-04,0,0,0,0
805,2025-05,2,57,0,0
806,2025-02,3,80,0,0
806,2025-03,4,129,2,0
1612,2025-05,0,0,0,0
806,2025-04,3,114,3,0
806,2025-05,5,97,1,1
806,2025-06,5,180,0,0
806,2025-07,2,66,0,0
806,2025-08,3,106,0,0
806,2025-09,3,104,0,0
806,2025-10,3,,1,0
806,2025-11,2,40,0,0
806,2025-12,2,74,1,0
807,2025-05,7,252,2,0
807,2025-06,7,135,3,0
807,2025-07,6,118,2,0
807,2025-08,4,88,2,0
807,2025-09,6,150,1,0
807,2025-10,4,125,1,0
807,2025-11,4,129,4,0
807,2025-12,8,270,3,0
808,2025-04,14,542,5,0
808,2025-05,21,515,8,0
808,2025-06,21,712,4,0
808,2025-07,16,489,4,0
808,2025-08,24,869,10,0
808,2025-09,22,894,8,0
808,2025-10,19,592,4,0
808,2025-11,16,398,8,0
808,2025-12,18,374,11,0
809,2025-02,3,73,1,0
809,2025-03,3,98,3,0
809,2025-04,2,65,1,0
809,2025-05,3,,0,0
809,2025-06,4,120,3,0
809,2025-07,1,28,0,0
809,2025-08,2,69,1,0
809,2025-09,1,32,1,0
809,2025-10,3,58,1,0
809,2025-11,0,0,0,0
809,2025-12,0,0,0,0
810,2025-10,2,54,0,0
810,2025-11,7,238,0,0
810,2025-12,4,100,0,0
811,2025-10,5,162,0,0
811,2025-11,5,144,0,0
811,2025-12,2,80,0,0
812,2025-07,0,0,0,0
812,2025-08,1,37,0,0
812,2025-09,1,31,0,0
812,2025-10,2,56,0,0
812,2025-11,1,23,0,1
812,2025-12,1,28,0,0
813,2025-09,1,23,1,0
813,2025-10,3,113,2,1
813,2025-11,4,95,1,0
813,2025-12,0,0,0,0
814,2024-09,4,153,2,0
814,2024-10,8,313,1,0
814,2024-11,8,172,3,0
814,2024-12,8,267,2,0
814,2025-01,7,254,3,0
814,2025-02,5,119,1,0
814,2025-03,6,200,0,0
814,2025-04,5,122,3,0
814,2025-05,5,110,0,0
814,2025-06,7,170,3,0
814,2025-07,4,152,0,1
814,2025-08,10,195,2,0
814,2025-09,10,296,2,0
814,2025-10,4,155,1,1
814,2025-11,4,99,1,0
814,2025-12,1,19,0,0
815,2025-06,7,188,0,0
815,2025-07,9,208,0,0
815,2025-08,5,113,0,0
815,2025-09,8,248,0,0
815,2025-10,4,88,0,0
815,2025-11,3,59,0,0
815,2025-12,5,122,0,0
816,2025-07,2,64,0,0
816,2025-08,5,164,0,0
816,2025-09,1,18,0,0
817,2024-08,6,,0,1
817,2024-09,5,174,2,0
817,2024-10,6,135,0,0
817,2024-11,3,63,0,0
817,2024-12,2,46,0,0
817,2025-01,4,80,1,0
817,2025-02,2,40,1,0
817,2025-03,4,73,1,0
817,2025-04,5,120,0,0
817,2025-05,3,118,0,0
818,2024-11,6,132,0,0
818,2024-12,10,,0,0
818,2025-01,9,358,0,0
818,2025-02,8,246,0,0
818,2025-03,14,273,0,0
818,2025-04,9,188,0,0
818,2025-05,9,218,0,0
818,2025-06,14,384,0,0
818,2025-07,6,128,0,0
818,2025-08,11,319,0,0
818,2025-09,3,98,0,0
3824,2025-06,0,0,0,0
818,2025-10,8,273,0,0
818,2025-11,10,249,0,0
818,2025-12,3,82,0,0
819,2025-05,4,154,2,0
819,2025-06,4,143,4,0
819,2025-07,2,66,0,0
819,2025-08,4,97,3,0
819,2025-09,7,176,1,0
819,2025-10,5,187,4,0
819,2025-11,5,110,3,0
819,2025-12,4,105,1,0
820,2025-05,8,247,2,0
820,2025-06,8,334,7,0
820,2025-07,6,157,4,0
820,2025-08,4,161,1,0
820,2025-09,10,363,5,0
820,2025-10,14,571,4,0
820,2025-11,5,111,2,0
820,2025-12,8,289,3,0
821,2025-07,15,391,4,0
821,2025-08,16,596,8,0
821,2025-09,15,528,7,1
821,2025-10,17,708,11,0
821,2025-11,20,408,5,1
821,2025-12,7,162,3,0
822,2025-07,1,24,0,0
822,2025-08,1,32,0,0
822,2025-09,7,286,0,0
822,2025-10,1,40,0,0
822,2025-11,1,42,0,0
822,2025-12,1,29,0,0
823,2025-05,3,62,1,0
823,2025-06,1,40,0,0
823,2025-07,0,0,0,1
823,2025-08,2,41,0,1
823,2025-09,3,56,1,0
823,2025-10,0,0,0,0
823,2025-11,1,24,0,0
823,2025-12,2,69,1,0
824,2024-10,1,35,0,0
824,2024-11,7,287,0,0
824,2024-12,4,74,0,0
824,2025-01,4,83,0,0
824,2025-02,2,53,0,0
824,2025-03,5,158,0,0
825,2025-01,8,164,3,0
825,2025-02,16,636,4,0
825,2025-03,19,648,2,0
825,2025-04,14,386,8,0
825,2025-05,13,331,1,0
825,2025-06,14,405,5,0
825,2025-07,18,552,7,0
825,2025-08,12,434,3,0
825,2025-09,17,684,8,0
825,2025-10,14,567,7,0
825,2025-11,6,120,0,0
825,2025-12,11,321,2,1
826,2025-05,5,93,1,0
826,2025-06,5,111,1,0
826,2025-07,5,154,1,0
826,2025-08,10,247,4,0
826,2025-09,5,115,1,0
826,2025-10,8,321,1,0
826,2025-11,8,229,0,0
826,2025-12,7,291,2,0
827,2024-12,3,116,0,0
827,2025-01,5,206,2,0
828,2025-04,4,109,0,0
828,2025-05,1,,0,0
828,2025-06,4,115,0,0
828,2025-07,1,30,0,0
828,2025-08,6,170,0,0
828,2025-09,2,78,0,0
828,2025-10,6,208,0,0
828,2025-11,0,0,0,0
828,2025-12,3,93,0,0
829,2025-06,3,125,4,0
829,2025-07,2,37,0,0
829,2025-08,2,67,1,0
829,2025-09,1,25,1,0
829,2025-10,0,0,0,0
829,2025-11,2,56,0,0
829,2025-12,0,0,0,0
830,2024-11,7,209,0,0
830,2024-12,9,306,0,0
830,2025-01,7,212,0,0
830,2025-02,7,189,0,0
830,2025-03,10,263,0,0
830,2025-04,6,202,0,0
830,2025-05,7,138,0,0
830,2025-06,9,292,0,0
830,2025-07,5,136,0,0
830,2025-08,5,103,0,0
830,2025-09,8,291,0,0
830,2025-10,6,188,0,0
830,2025-11,9,323,0,0
830,2025-12,6,159,0,0
831,2025-05,0,0,0,0
831,2025-06,2,53,0,0
831,2025-07,0,0,0,0
831,2025-08,1,27,1,0
831,2025-09,0,0,0,0
831,2025-10,0,,0,1
831,2025-11,0,0,0,0
831,2025-12,0,0,0,0
832,2025-09,13,289,3,0
832,2025-10,13,513,3,0
832,2025-11,9,267,0,1
833,2025-08,1,34,0,0
833,2025-09,7,152,4,0
833,2025-10,1,38,1,1
834,2025-03,3,,0,0
834,2025-04,4,147,0,0
834,2025-05,7,167,0,0
834,2025-06,3,97,0,0
834,2025-07,1,,0,0
834,2025-08,3,87,0,0
834,2025-09,2,50,0,0
835,2025-08,6,147,1,0
835,2025-09,9,182,4,0
835,2025-10,6,247,2,1
835,2025-11,8,247,1,0
835,2025-12,3,105,0,0
836,2025-08,3,120,0,0
836,2025-09,10,416,0,0
836,2025-10,6,135,0,0
836,2025-11,3,91,0,0
836,2025-12,6,,0,0
837,2024-07,5,165,0,0
837,2024-08,2,80,0,0
837,2024-09,3,100,0,0
837,2024-10,5,178,0,0
837,2024-11,3,69,0,0
837,2024-12,3,76,0,0
837,2025-01,9,283,0,0
837,2025-02,3,79,0,0
837,2025-03,3,91,0,0
837,2025-04,2,55,0,0
837,2025-05,1,41,0,0
837,2025-06,5,167,0,0
837,2025-07,4,122,0,0
837,2025-08,4,107,0,0
837,2025-09,3,84,0,0
837,2025-10,4,150,0,0
837,2025-11,6,165,0,1
837,2025-12,0,0,0,0
838,2025-01,1,29,0,0
838,2025-02,2,72,1,0
838,2025-03,2,62,0,0
838,2025-04,3,91,1,0
838,2025-05,3,69,1,0
838,2025-06,2,78,1,0
838,2025-07,2,64,0,0
838,2025-08,3,123,0,1
838,2025-09,1,19,0,1
838,2025-10,2,54,1,0
838,2025-11,2,75,0,1
838,2025-12,0,,0,0
839,2025-08,1,23,0,1
839,2025-09,7,277,0,0
839,2025-10,8,322,0,0
839,2025-11,4,77,0,0
839,2025-12,3,87,0,0
840,2025-03,2,71,0,0
840,2025-04,2,72,0,0
840,2025-05,7,210,0,1
840,2025-06,3,123,0,1
841,2025-08,2,65,0,0
841,2025-09,4,122,0,0
841,2025-10,2,37,0,0
841,2025-11,1,41,0,0
841,2025-12,2,64,0,0
842,2025-08,4,127,3,0
842,2025-09,3,96,0,0
842,2025-10,2,48,1,0
842,2025-11,0,0,0,1
842,2025-12,3,94,3,0
843,2025-10,13,541,3,1
843,2025-11,10,250,3,0
843,2025-12,14,334,5,0
844,2025-05,5,110,3,0
844,2025-06,2,52,2,0
844,2025-07,14,489,7,0
844,2025-08,6,250,2,0
844,2025-09,0,0,0,1
844,2025-10,4,162,3,0
844,2025-11,4,77,0,0
844,2025-12,3,107,0,0
845,2024-12,0,0,0,0
845,2025-01,0,0,0,0
845,2025-02,0,0,0,0
845,2025-03,1,35,0,0
845,2025-04,2,62,0,0
845,2025-05,1,37,0,0
845,2025-06,0,0,0,0
845,2025-07,0,0,0,0
845,2025-08,1,20,0,0
845,2025-09,1,23,0,1
845,2025-10,1,24,0,0
845,2025-11,0,0,0,0
846,2025-09,0,0,0,0
847,2024-12,4,160,1,0
847,2025-01,9,201,2,0
847,2025-02,10,249,0,0
847,2025-03,7,211,3,0
847,2025-04,6,239,0,0
847,2025-05,8,299,2,0
847,2025-06,6,221,2,0
847,2025-07,9,168,0,0
847,2025-08,7,156,1,0
847,2025-09,11,450,1,0
847,2025-10,8,263,1,0
847,2025-11,8,167,0,0
847,2025-12,8,317,4,0
848,2025-06,4,133,0,0
849,2025-01,5,118,0,0
849,2025-02,1,24,0,0
849,2025-03,4,165,0,0
849,2025-04,1,40,0,0
849,2025-05,0,,0,1
849,2025-06,2,56,0,0
849,2025-07,1,33,0,0
849,2025-08,4,162,0,0
849,2025-09,1,36,0,0
849,2025-10,0,0,0,0
849,2025-11,0,0,0,0
849,2025-12,1,22,0,0
850,2024-11,1,42,0,0
850,2024-12,7,201,0,0
850,2025-01,1,25,0,0
850,2025-02,1,24,0,0
850,2025-03,2,73,2,0
850,2025-04,0,0,0,0
850,2025-05,2,79,1,0
850,2025-06,1,19,0,0
850,2025-07,1,41,0,0
850,2025-08,3,119,0,0
850,2025-09,0,0,0,0
850,2025-10,0,0,0,0
850,2025-11,0,0,0,0
850,2025-12,0,0,0,0
851,2025-02,4,165,0,1
852,2025-09,15,442,4,0
852,2025-10,13,344,2,0
852,2025-11,10,361,3,0
852,2025-12,20,581,9,0
853,2024-09,0,0,0,0
853,2024-10,0,0,0,0
853,2024-11,1,18,1,0
854,2024-12,0,0,0,0
854,2025-01,2,50,0,0
854,2025-02,3,125,3,0
854,2025-03,1,42,1,0
854,2025-04,0,0,0,0
854,2025-05,2,42,0,0
854,2025-06,1,29,1,0
854,2025-07,0,0,0,0
854,2025-08,1,34,0,0
854,2025-09,0,0,0,0
854,2025-10,1,29,0,0
854,2025-11,0,0,0,0
854,2025-12,0,0,0,0
855,2025-07,2,78,0,0
855,2025-08,7,288,0,0
855,2025-09,6,209,0,1
855,2025-10,7,221,0,0
855,2025-11,4,82,0,1
855,2025-12,4,119,0,0
856,2025-03,2,49,1,0
856,2025-04,0,0,0,0
857,2024-08,9,238,0,0
857,2024-09,11,409,0,0
857,2024-10,13,501,0,0
857,2024-11,11,379,0,0
857,2024-12,11,423,0,0
857,2025-01,10,381,0,0
857,2025-02,9,256,0,0
857,2025-03,8,247,0,0
857,2025-04,10,316,0,0
857,2025-05,7,198,0,0
857,2025-06,10,372,0,0
857,2025-07,8,199,0,0
857,2025-08,12,239,0,0
857,2025-09,8,312,0,0
857,2025-10,6,250,0,0
857,2025-11,6,214,0,0
857,2025-12,5,164,0,0
858,2025-07,6,211,0,0
858,2025-08,1,38,0,0
858,2025-09,0,0,0,0
858,2025-10,0,0,0,0
858,2025-11,2,46,0,0
858,2025-12,1,20,0,2
859,2025-02,8,193,4,1
859,2025-03,12,290,2,0
859,2025-04,4,158,0,0
859,2025-05,9,266,3,0
859,2025-06,3,94,1,0
859,2025-07,6,226,0,0
859,2025-08,11,339,3,0
859,2025-09,16,309,8,0
859,2025-10,8,317,3,0
859,2025-11,13,484,0,0
859,2025-12,8,210,1,0
860,2024-12,9,246,0,1
860,2025-01,6,225,0,0
860,2025-02,5,116,0,0
860,2025-03,6,222,0,0
860,2025-04,6,153,0,0
860,2025-05,5,188,0,0
860,2025-06,1,32,0,0
860,2025-07,4,132,0,0
860,2025-08,1,37,0,0
860,2025-09,6,251,0,0
860,2025-10,5,99,0,1
860,2025-11,3,61,0,0
860,2025-12,9,244,0,0
861,2025-02,3,94,0,0
861,2025-03,0,,0,0
861,2025-04,3,82,0,0
861,2025-05,5,95,0,0
861,2025-06,2,47,0,0
861,2025-07,2,74,0,0
861,2025-08,3,62,0,0
861,2025-09,2,60,0,1
861,2025-10,0,0,0,0
861,2025-11,1,29,0,0
861,2025-12,1,31,0,0
862,2025-04,0,0,0,0
862,2025-05,0,0,0,0
862,2025-06,2,52,0,0
862,2025-07,1,30,0,0
3826,2025-10,1,34,0,0
862,2025-08,3,121,0,0
862,2025-09,1,34,0,0
863,2025-07,4,137,4,0
863,2025-08,3,74,1,0
863,2025-09,3,86,1,0
863,2025-10,6,159,1,1
863,2025-11,1,32,2,0
863,2025-12,4,79,1,0
864,2024-11,4,100,0,0
864,2024-12,8,250,0,0
864,2025-01,13,493,0,0
864,2025-02,6,197,0,0
864,2025-03,6,159,0,0
864,2025-04,4,106,0,0
864,2025-05,10,387,0,0
864,2025-06,8,189,0,0
864,2025-07,7,212,0,0
864,2025-08,3,115,0,0
864,2025-09,8,287,0,0
864,2025-10,10,216,0,0
864,2025-11,2,52,0,0
864,2025-12,6,129,0,0
865,2024-09,2,66,0,0
865,2024-10,5,162,0,0
865,2024-11,2,73,0,0
865,2024-12,5,178,0,0
865,2025-01,2,41,0,0
865,2025-02,4,118,0,1
865,2025-03,0,0,0,0
865,2025-04,1,26,0,0
865,2025-05,2,44,0,0
865,2025-06,2,77,0,0
865,2025-07,1,32,0,0
866,2024-08,6,200,4,0
866,2024-09,6,240,2,0
867,2025-08,4,105,0,0
867,2025-09,5,101,2,0
867,2025-10,8,267,1,0
867,2025-11,3,70,1,0
867,2025-12,3,85,0,0
868,2025-05,6,165,0,0
868,2025-06,5,207,0,0
868,2025-07,2,45,0,0
868,2025-08,2,67,0,0
868,2025-09,1,34,0,0
868,2025-10,1,34,0,1
868,2025-11,1,34,0,0
868,2025-12,1,21,0,0
869,2025-01,0,0,0,0
869,2025-02,0,0,0,0
869,2025-03,2,68,0,0
869,2025-04,0,0,0,0
870,2025-09,3,72,1,0
870,2025-10,1,23,0,0
870,2025-11,0,0,0,0
870,2025-12,3,67,2,1
871,2025-10,1,35,0,0
871,2025-11,0,0,0,0
871,2025-12,5,156,1,0
872,2025-09,6,175,0,0
872,2025-10,10,274,0,0
872,2025-11,6,220,0,0
872,2025-12,6,193,0,0
873,2025-09,6,140,2,0
873,2025-10,1,21,0,0
873,2025-11,2,69,0,0
873,2025-12,0,0,0,0
874,2025-10,5,193,1,1
874,2025-11,5,108,1,0
874,2025-12,4,150,1,0
875,2025-01,7,210,1,0
875,2025-02,9,234,4,0
875,2025-03,7,269,2,0
875,2025-04,9,266,5,0
875,2025-05,12,288,0,0
875,2025-06,7,168,0,0
875,2025-07,11,206,5,0
875,2025-08,10,412,5,0
875,2025-09,8,202,3,0
875,2025-10,14,392,2,0
875,2025-11,10,235,3,0
875,2025-12,10,306,5,0
876,2025-02,3,99,0,0
876,2025-03,5,103,3,0
876,2025-04,7,236,5,0
876,2025-05,4,119,3,0
876,2025-06,6,,1,0
876,2025-07,4,165,2,0
876,2025-08,9,243,7,0
876,2025-09,5,177,2,0
876,2025-10,4,100,0,1
876,2025-11,6,179,0,0
876,2025-12,8,239,2,0
877,2025-01,0,0,0,0
878,2025-01,8,167,2,0
878,2025-02,12,462,3,0
878,2025-03,10,300,2,0
878,2025-04,4,81,0,0
878,2025-05,3,101,0,0
878,2025-06,14,329,3,0
878,2025-07,3,121,0,0
878,2025-08,8,321,1,0
878,2025-09,5,124,3,0
878,2025-10,7,269,2,0
878,2025-11,5,129,1,2
878,2025-12,6,177,0,0
879,2025-06,1,28,1,0
879,2025-07,0,0,0,1
879,2025-08,0,0,0,0
879,2025-09,1,36,0,0
879,2025-10,1,27,1,0
879,2025-11,1,32,0,0
879,2025-12,0,0,0,1
880,2025-09,1,29,1,0
880,2025-10,7,141,1,1
880,2025-11,8,181,3,1
880,2025-12,10,208,2,1
881,2025-07,0,0,0,0
881,2025-08,4,110,2,0
881,2025-09,4,147,1,0
881,2025-10,1,38,0,0
881,2025-11,3,95,1,0
881,2025-12,1,30,0,0
882,2025-02,4,148,0,0
882,2025-03,0,0,0,0
882,2025-04,1,20,0,0
882,2025-05,0,0,0,0
882,2025-06,4,119,0,0
882,2025-07,2,69,0,0
882,2025-08,0,0,0,0
883,2025-01,1,25,0,0
883,2025-02,0,0,0,0
884,2025-10,0,0,0,0
884,2025-11,2,76,0,0
884,2025-12,1,37,0,0
885,2024-12,2,70,0,0
885,2025-01,6,250,3,0
885,2025-02,9,317,1,0
885,2025-03,11,389,4,0
885,2025-04,8,153,3,0
885,2025-05,5,126,1,0
885,2025-06,5,205,1,0
885,2025-07,7,170,3,0
885,2025-08,8,225,2,0
885,2025-09,3,121,0,0
885,2025-10,6,143,1,1
885,2025-11,6,147,0,0
886,2025-03,4,140,1,1
886,2025-04,3,,0,0
886,2025-05,2,81,0,0
886,2025-06,5,153,3,0
886,2025-07,3,110,1,0
886,2025-08,2,50,1,0
886,2025-09,1,21,0,1
887,2025-03,2,54,0,0
887,2025-04,7,167,0,0
887,2025-05,5,,0,1
887,2025-06,7,130,0,0
887,2025-07,6,234,0,0
887,2025-08,7,192,0,0
887,2025-09,3,89,0,0
887,2025-10,8,,0,0
887,2025-11,7,228,0,0
887,2025-12,9,312,0,0
888,2024-08,9,375,3,0
888,2024-09,12,478,3,0
888,2024-10,8,328,2,0
888,2024-11,11,401,2,0
888,2024-12,9,334,1,1
888,2025-01,8,281,2,1
888,2025-02,9,231,0,0
888,2025-03,7,271,1,0
888,2025-04,4,104,1,0
888,2025-05,7,162,0,0
888,2025-06,9,190,0,1
888,2025-07,3,94,2,0
888,2025-08,7,129,3,1
888,2025-09,11,442,4,0
888,2025-10,5,122,2,2
888,2025-11,11,239,2,0
888,2025-12,5,104,0,0
889,2025-03,3,114,0,0
889,2025-04,2,37,0,0
889,2025-05,7,152,1,0
889,2025-06,3,66,1,0
890,2025-08,0,0,0,0
890,2025-09,0,0,0,0
890,2025-10,2,50,0,0
890,2025-11,2,59,0,0
890,2025-12,0,0,0,0
891,2024-12,2,64,0,0
891,2025-01,8,305,0,0
891,2025-02,7,275,0,0
891,2025-03,3,73,0,0
891,2025-04,11,457,0,0
891,2025-05,7,274,0,0
892,2024-12,3,57,3,0
892,2025-01,6,153,4,0
892,2025-02,7,238,3,0
892,2025-03,7,227,7,0
892,2025-04,5,185,1,0
892,2025-05,8,265,4,0
893,2025-10,1,37,0,0
893,2025-11,2,41,0,0
893,2025-12,5,168,1,0
894,2025-03,3,67,1,0
894,2025-04,4,89,2,0
894,2025-05,3,77,1,0
894,2025-06,2,64,0,0
894,2025-07,0,0,0,0
894,2025-08,1,29,0,1
895,2025-08,3,73,1,0
895,2025-09,1,23,0,0
895,2025-10,2,45,1,0
895,2025-11,2,82,1,2
895,2025-12,2,80,0,0
896,2024-10,8,270,2,0
896,2024-11,9,196,5,0
896,2024-12,6,216,1,0
896,2025-01,6,245,0,0
896,2025-02,3,76,1,0
896,2025-03,5,180,0,0
896,2025-04,5,157,0,0
896,2025-05,8,279,1,1
896,2025-06,5,154,0,0
896,2025-07,9,256,2,0
896,2025-08,8,273,2,0
896,2025-09,4,123,0,0
897,2024-12,1,21,0,0
897,2025-01,3,,0,0
898,2025-05,1,19,0,0
898,2025-06,1,40,0,0
898,2025-07,3,92,0,0
898,2025-08,2,60,0,2
898,2025-09,1,37,1,1
898,2025-10,1,22,0,0
898,2025-11,3,82,0,0
898,2025-12,1,33,1,1
899,2024-12,1,21,0,0
899,2025-01,3,104,0,0
899,2025-02,3,67,0,0
899,2025-03,3,75,0,0
899,2025-04,0,0,0,0
899,2025-05,1,32,0,1
899,2025-06,1,42,0,0
899,2025-07,1,21,0,0
899,2025-08,2,44,0,0
899,2025-09,1,41,0,0
899,2025-10,1,38,0,0
899,2025-11,1,31,0,0
900,2025-08,4,79,4,0
900,2025-09,2,37,1,0
901,2025-01,4,115,1,2
901,2025-02,2,54,1,0
901,2025-03,0,0,0,0
901,2025-04,0,0,0,0
901,2025-05,0,0,0,1
901,2025-06,1,31,0,0
901,2025-07,0,0,0,0
901,2025-08,1,38,0,1
901,2025-09,1,31,1,0
901,2025-10,1,25,0,0
901,2025-11,1,26,0,0
901,2025-12,1,20,0,0
902,2025-10,2,47,0,0
902,2025-11,6,248,1,0
902,2025-12,9,298,3,0
903,2025-05,9,190,0,0
903,2025-06,12,479,0,0
903,2025-07,17,618,0,0
903,2025-08,12,410,0,0
903,2025-09,18,501,0,2
903,2025-10,13,387,0,0
903,2025-11,10,356,0,0
903,2025-12,17,697,0,0
904,2025-09,5,133,0,1
904,2025-10,1,21,0,0
905,2024-11,4,82,0,1
905,2024-12,3,109,0,0
905,2025-01,6,240,1,0
905,2025-02,8,303,0,0
905,2025-03,3,98,0,0
905,2025-04,6,161,2,0
905,2025-05,2,38,0,0
905,2025-06,4,167,2,0
905,2025-07,3,121,2,0
905,2025-08,1,33,2,0
905,2025-09,2,56,0,0
905,2025-10,5,187,1,0
905,2025-11,3,123,1,0
905,2025-12,3,65,2,0
906,2025-10,3,118,0,0
906,2025-11,3,58,0,0
906,2025-12,2,41,0,0
907,2025-08,4,101,0,0
907,2025-09,4,90,0,0
907,2025-10,5,124,2,0
907,2025-11,7,129,0,0
907,2025-12,3,74,1,0
908,2025-04,8,323,2,0
908,2025-05,5,202,0,1
908,2025-06,4,97,0,0
908,2025-07,4,110,2,0
908,2025-08,4,115,0,0
908,2025-09,8,266,6,0
908,2025-10,8,269,3,0
908,2025-11,9,238,3,0
908,2025-12,7,,3,0
909,2025-05,4,81,0,0
909,2025-06,4,82,0,0
909,2025-07,7,183,0,0
909,2025-08,12,378,0,0
909,2025-09,6,126,0,1
909,2025-10,8,320,0,0
909,2025-11,5,166,0,0
909,2025-12,8,194,0,0
910,2025-01,11,359,0,0
910,2025-02,12,352,0,0
910,2025-03,13,339,0,0
910,2025-04,10,227,0,0
910,2025-05,15,475,0,0
910,2025-06,17,474,0,2
910,2025-07,23,559,0,0
910,2025-08,12,476,0,1
910,2025-09,15,489,0,0
910,2025-10,14,439,0,0
910,2025-11,20,616,0,0
910,2025-12,12,268,0,0
911,2024-11,0,0,0,0
911,2024-12,1,18,0,0
911,2025-01,2,60,0,0
911,2025-02,0,0,0,0
912,2025-04,1,21,0,0
913,2025-08,0,0,0,0
913,2025-09,0,0,0,0
913,2025-10,3,74,1,0
913,2025-11,1,39,0,0
914,2025-10,3,76,0,0
914,2025-11,9,346,0,0
914,2025-12,6,166,0,1
915,2025-08,6,116,0,0
916,2025-07,5,96,1,0
916,2025-08,2,80,1,0
916,2025-09,3,103,1,0
916,2025-10,3,116,0,0
916,2025-11,3,98,1,0
916,2025-12,0,0,0,0
917,2025-02,2,47,0,0
917,2025-03,1,21,0,0
917,2025-04,1,26,0,0
917,2025-05,3,109,0,1
917,2025-06,2,52,0,0
917,2025-07,1,40,0,0
917,2025-08,1,41,0,0
917,2025-09,2,47,0,0
917,2025-10,4,105,0,0
917,2025-11,0,0,0,0
917,2025-12,2,51,0,0
918,2025-10,1,33,0,0
918,2025-11,5,154,0,0
918,2025-12,1,26,0,0
919,2024-10,1,26,1,0
919,2024-11,1,37,1,0
919,2024-12,0,0,0,0
919,2025-01,0,0,0,0
919,2025-02,1,25,0,0
919,2025-03,0,0,0,0
919,2025-04,0,0,0,1
920,2024-11,0,0,0,0
920,2024-12,3,80,2,0
920,2025-01,3,98,0,0
920,2025-02,1,23,0,1
920,2025-03,1,41,0,0
920,2025-04,6,230,3,0
920,2025-05,1,21,0,0
920,2025-06,2,62,0,0
920,2025-07,1,27,0,0
920,2025-08,4,127,2,0
920,2025-09,1,38,0,0
920,2025-10,0,0,0,1
921,2024-10,9,234,6,1
921,2024-11,3,126,2,1
921,2024-12,2,38,0,1
921,2025-01,8,202,9,0
921,2025-02,3,75,0,0
921,2025-03,3,109,1,1
921,2025-04,3,105,3,0
921,2025-05,2,70,0,1
921,2025-06,1,39,0,0
921,2025-07,2,38,0,1
921,2025-08,0,0,0,0
921,2025-09,1,36,1,1
922,2025-05,4,117,0,0
922,2025-06,3,67,0,0
922,2025-07,5,105,0,1
922,2025-08,7,151,0,0
922,2025-09,3,116,0,0
922,2025-10,4,89,0,0
922,2025-11,3,56,0,0
922,2025-12,4,116,0,0
1720,2025-11,0,0,0,0
923,2024-12,1,35,0,0
923,2025-01,0,0,0,0
923,2025-02,4,73,0,0
923,2025-03,0,0,0,1
923,2025-04,1,38,0,0
923,2025-05,0,0,0,0
923,2025-06,3,62,0,0
923,2025-07,1,32,0,0
923,2025-08,1,40,1,0
923,2025-09,1,33,0,0
923,2025-10,1,40,0,0
923,2025-11,1,28,1,0
924,2024-12,13,451,3,0
924,2025-01,14,297,5,0
925,2024-10,8,278,3,0
925,2024-11,11,328,6,0
925,2024-12,7,142,2,2
925,2025-01,12,428,4,0
925,2025-02,2,72,3,1
925,2025-03,10,298,7,0
925,2025-04,7,221,1,0
925,2025-05,10,374,6,0
925,2025-06,1,40,0,0
925,2025-07,8,147,2,0
925,2025-08,6,226,0,1
925,2025-09,5,167,2,0
925,2025-10,4,85,0,0
925,2025-11,6,148,2,0
925,2025-12,5,138,3,0
926,2025-07,3,,0,0
926,2025-08,2,67,0,0
926,2025-09,1,19,0,0
926,2025-10,1,28,0,0
926,2025-11,0,0,0,0
926,2025-12,2,62,0,0
927,2025-09,10,294,0,0
927,2025-10,15,302,0,1
927,2025-11,12,345,0,1
927,2025-12,9,229,0,0
928,2024-07,0,0,0,1
928,2024-08,3,74,1,1
928,2024-09,1,21,1,0
928,2024-10,3,114,1,1
928,2024-11,2,73,2,0
928,2024-12,0,0,0,0
928,2025-01,0,0,0,0
928,2025-02,0,0,0,1
928,2025-03,1,26,0,0
928,2025-04,0,0,0,0
928,2025-05,1,34,0,0
928,2025-06,0,0,0,0
929,2025-08,3,116,0,0
929,2025-09,4,154,0,0
929,2025-10,10,397,0,1
929,2025-11,2,46,0,1
929,2025-12,10,415,0,2
930,2024-07,3,119,0,0
930,2024-08,3,101,1,0
930,2024-09,10,323,2,0
930,2024-10,8,180,4,0
930,2024-11,2,80,1,0
930,2024-12,9,169,3,0
930,2025-01,3,55,3,0
930,2025-02,1,39,0,1
930,2025-03,7,233,5,0
930,2025-04,5,112,1,0
930,2025-05,3,65,0,0
930,2025-06,5,105,6,0
930,2025-07,5,154,0,0
930,2025-08,1,35,0,1
930,2025-09,5,204,3,0
930,2025-10,6,150,3,0
930,2025-11,2,,1,0
930,2025-12,3,105,0,0
931,2024-12,3,119,0,0
931,2025-01,0,0,0,0
931,2025-02,3,61,0,0
931,2025-03,1,22,0,0
931,2025-04,0,0,0,0
931,2025-05,3,109,0,0
931,2025-06,2,56,0,0
931,2025-07,1,28,0,0
931,2025-08,2,55,0,0
931,2025-09,0,0,0,0
931,2025-10,2,57,0,0
931,2025-11,0,0,0,1
932,2025-03,1,40,1,0
932,2025-04,4,114,1,0
932,2025-05,9,228,0,0
932,2025-06,5,122,0,0
932,2025-07,6,234,1,0
932,2025-08,7,144,3,0
932,2025-09,5,161,0,0
932,2025-10,6,116,3,0
932,2025-11,4,77,3,0
932,2025-12,7,193,1,0
933,2025-09,5,172,1,0
933,2025-10,6,180,3,0
933,2025-11,3,112,1,0
933,2025-12,5,117,4,0
934,2024-07,0,0,0,0
934,2024-08,3,85,0,0
934,2024-09,0,0,0,0
934,2024-10,1,41,0,0
934,2024-11,1,21,0,0
934,2024-12,1,37,0,0
934,2025-01,0,0,0,0
935,2025-01,26,477,0,0
935,2025-02,24,922,0,0
936,2024-10,1,41,0,0
937,2024-07,3,111,1,2
937,2024-08,2,63,1,1
937,2024-09,4,81,0,1
937,2024-10,4,78,1,3
937,2024-11,4,95,2,0
937,2024-12,6,131,0,0
937,2025-01,2,84,2,0
937,2025-02,3,116,1,1
937,2025-03,3,70,2,1
937,2025-04,1,39,0,1
937,2025-05,3,91,0,1
937,2025-06,3,57,0,0
937,2025-07,3,98,0,1
937,2025-08,3,66,0,1
937,2025-09,2,,0,0
937,2025-10,8,249,2,0
937,2025-11,5,101,3,0
937,2025-12,3,114,2,0
938,2024-10,3,67,0,0
938,2024-11,3,56,0,0
938,2024-12,3,75,0,0
938,2025-01,2,40,0,0
938,2025-02,1,35,0,0
938,2025-03,1,39,0,0
938,2025-04,1,42,0,0
938,2025-05,0,0,0,2
939,2024-08,9,189,0,1
939,2024-09,8,270,0,0
939,2024-10,10,202,0,0
939,2024-11,8,242,0,0
939,2024-12,7,172,0,0
939,2025-01,7,,0,0
939,2025-02,2,79,0,0
939,2025-03,3,101,0,0
939,2025-04,5,160,0,0
939,2025-05,4,122,0,0
939,2025-06,9,346,0,0
939,2025-07,10,211,0,0
939,2025-08,12,322,0,0
940,2024-10,5,129,1,0
940,2024-11,1,39,1,0
940,2024-12,4,72,1,0
940,2025-01,0,0,0,1
941,2025-06,2,53,0,0
942,2024-07,1,38,0,0
942,2024-08,1,30,0,0
942,2024-09,1,36,0,1
942,2024-10,2,66,0,1
942,2024-11,2,82,0,0
942,2024-12,0,0,0,1
942,2025-01,1,33,0,0
942,2025-02,1,40,0,0
942,2025-03,1,29,0,0
942,2025-04,0,0,0,0
942,2025-05,1,30,0,0
942,2025-06,0,0,0,0
943,2025-08,0,0,0,1
944,2025-04,5,154,2,0
944,2025-05,8,319,1,0
944,2025-06,1,20,0,0
944,2025-07,7,243,1,0
944,2025-08,2,83,0,0
944,2025-09,8,317,1,0
944,2025-10,2,67,0,1
944,2025-11,4,93,2,1
944,2025-12,6,128,1,0
945,2025-04,5,162,0,0
945,2025-05,7,222,0,0
945,2025-06,3,107,0,0
945,2025-07,1,27,0,0
945,2025-08,3,110,0,0
945,2025-09,6,241,0,0
945,2025-10,1,31,0,0
945,2025-11,1,20,0,0
945,2025-12,4,154,0,0
946,2024-11,2,46,1,0
946,2024-12,0,0,0,0
946,2025-01,5,144,4,0
946,2025-02,0,0,0,0
946,2025-03,3,102,1,0
946,2025-04,4,111,1,0
946,2025-05,1,33,0,0
946,2025-06,2,51,0,0
946,2025-07,0,0,0,0
946,2025-08,2,80,1,0
946,2025-09,2,60,0,0
946,2025-10,1,22,0,0
947,2025-02,15,337,0,0
947,2025-03,17,,0,0
947,2025-04,13,266,0,0
947,2025-05,16,647,0,0
947,2025-06,16,600,0,0
947,2025-07,18,701,0,0
947,2025-08,25,1033,0,0
947,2025-09,15,505,0,0
947,2025-10,11,417,0,0
947,2025-11,6,231,0,0
947,2025-12,20,415,0,0
948,2025-08,3,86,1,1
948,2025-09,5,,2,0
948,2025-10,1,40,0,0
948,2025-11,1,38,0,0
948,2025-12,5,169,2,0
949,2025-07,8,208,0,0
949,2025-08,10,361,0,0
949,2025-09,1,24,0,0
949,2025-10,6,248,0,0
949,2025-11,9,221,0,0
949,2025-12,5,206,0,0
950,2025-04,2,69,0,0
950,2025-05,2,76,0,0
950,2025-06,3,64,0,0
950,2025-07,1,36,0,0
950,2025-08,1,26,0,0
950,2025-09,2,75,0,0
950,2025-10,2,71,0,0
950,2025-11,3,80,0,0
950,2025-12,1,33,0,0
951,2024-10,13,485,0,0
951,2024-11,4,163,0,0
951,2024-12,5,187,0,0
951,2025-01,10,413,0,0
951,2025-02,6,173,0,0
951,2025-03,7,288,0,0
951,2025-04,10,363,0,0
951,2025-05,9,234,0,0
951,2025-06,9,217,0,0
951,2025-07,9,179,0,0
951,2025-08,8,319,0,0
951,2025-09,6,234,0,1
951,2025-10,13,544,0,0
951,2025-11,5,145,0,1
951,2025-12,13,454,0,2
952,2025-03,5,161,0,0
952,2025-04,7,266,0,0
952,2025-05,7,253,0,0
952,2025-06,2,57,0,0
952,2025-07,10,344,0,0
952,2025-08,9,309,0,0
952,2025-09,10,342,0,0
952,2025-10,9,236,0,0
952,2025-11,7,156,0,0
952,2025-12,6,199,0,0
953,2024-09,4,109,1,0
953,2024-10,1,31,0,0
953,2024-11,0,0,0,0
953,2024-12,0,0,0,0
954,2024-08,2,49,3,0
954,2024-09,4,122,2,0
954,2024-10,0,0,0,0
954,2024-11,1,31,0,0
954,2024-12,5,150,1,0
954,2025-01,2,,2,1
954,2025-02,2,61,0,0
955,2024-11,4,158,0,0
955,2024-12,8,205,0,0
956,2025-06,2,63,0,0
956,2025-07,1,36,2,0
956,2025-08,1,28,1,0
956,2025-09,0,0,0,0
956,2025-10,2,75,1,0
956,2025-11,2,,1,0
956,2025-12,2,81,3,0
957,2024-08,8,249,4,0
957,2024-09,3,107,1,0
957,2024-10,5,174,1,1
957,2024-11,2,37,0,0
957,2024-12,3,62,1,0
957,2025-01,3,93,1,0
957,2025-02,5,108,3,0
957,2025-03,5,204,3,1
957,2025-04,4,115,1,0
957,2025-05,2,82,0,0
957,2025-06,1,26,0,0
957,2025-07,5,173,1,0
957,2025-08,4,162,0,0
957,2025-09,1,36,0,0
957,2025-10,5,196,1,0
957,2025-11,2,50,0,0
957,2025-12,0,0,0,0
958,2025-03,3,120,0,0
958,2025-04,4,142,0,0
958,2025-05,7,282,0,0
958,2025-06,8,296,0,0
958,2025-07,2,38,0,0
958,2025-08,2,61,0,1
958,2025-09,4,126,0,0
958,2025-10,3,101,0,0
958,2025-11,2,84,0,0
958,2025-12,6,163,0,1
959,2025-06,4,136,2,0
959,2025-07,3,111,0,0
959,2025-08,1,26,0,0
959,2025-09,2,72,0,0
959,2025-10,3,114,1,0
959,2025-11,3,103,0,0
959,2025-12,1,31,0,0
960,2025-05,7,219,0,0
960,2025-06,3,105,0,0
960,2025-07,2,47,0,0
960,2025-08,3,117,0,0
960,2025-09,2,40,0,0
960,2025-10,3,102,0,0
960,2025-11,4,126,0,0
960,2025-12,3,82,0,1
961,2025-02,1,40,0,1
962,2025-07,2,36,1,0
962,2025-08,1,27,2,0
962,2025-09,1,29,0,0
962,2025-10,0,0,0,0
962,2025-11,0,0,0,0
962,2025-12,0,0,0,0
963,2025-08,1,23,0,0
963,2025-09,2,66,0,0
963,2025-10,4,167,1,0
964,2025-07,1,20,0,0
964,2025-08,2,73,0,1
964,2025-09,3,115,0,0
964,2025-10,2,79,0,0
964,2025-11,0,0,0,0
964,2025-12,1,19,0,0
965,2025-07,2,59,0,0
965,2025-08,3,88,0,0
965,2025-09,1,23,0,0
965,2025-10,0,0,0,0
965,2025-11,1,18,0,0
965,2025-12,1,28,0,0
966,2025-08,2,42,2,0
966,2025-09,0,0,0,0
966,2025-10,1,41,0,0
967,2025-02,2,66,1,0
967,2025-03,5,103,2,0
967,2025-04,1,34,1,0
967,2025-05,1,29,1,0
967,2025-06,6,160,4,0
967,2025-07,1,31,0,1
967,2025-08,0,0,0,0
967,2025-09,1,37,0,1
967,2025-10,1,34,0,0
967,2025-11,0,0,0,2
967,2025-12,0,0,0,1
968,2025-09,3,125,0,0
968,2025-10,5,102,0,1
969,2025-06,7,151,4,1
969,2025-07,8,256,3,0
969,2025-08,7,273,5,1
969,2025-09,3,68,0,3
969,2025-10,7,277,4,1
969,2025-11,4,125,1,0
969,2025-12,8,180,3,0
970,2024-09,5,182,1,0
971,2025-08,8,311,0,0
971,2025-09,14,486,0,0
971,2025-10,8,304,0,0
971,2025-11,9,359,0,0
971,2025-12,12,371,0,0
972,2024-12,1,31,0,0
972,2025-01,0,,0,1
972,2025-02,0,0,0,1
972,2025-03,4,,2,0
972,2025-04,0,0,0,0
972,2025-05,2,47,0,1
972,2025-06,1,40,0,1
972,2025-07,1,28,1,0
972,2025-08,0,0,0,0
972,2025-09,2,58,1,0
972,2025-10,0,0,0,0
972,2025-11,1,30,0,0
973,2025-05,5,121,4,0
973,2025-06,5,172,3,0
973,2025-07,6,234,2,1
973,2025-08,5,140,0,0
973,2025-09,4,165,0,0
973,2025-10,2,37,0,0
973,2025-11,4,159,4,0
973,2025-12,1,29,0,0
974,2024-07,3,77,0,0
3578,2025-10,2,48,1,1
974,2024-08,1,32,0,0
974,2024-09,2,46,0,0
974,2024-10,0,0,0,0
974,2024-11,1,25,0,0
974,2024-12,0,0,0,0
974,2025-01,0,0,0,0
974,2025-02,1,34,1,0
974,2025-03,0,0,0,0
974,2025-04,0,0,0,0
974,2025-05,0,0,0,0
974,2025-06,0,0,0,0
975,2024-07,2,72,0,0
975,2024-08,1,23,1,0
976,2025-10,13,373,0,0
976,2025-11,1,27,0,0
976,2025-12,5,179,0,1
977,2025-01,6,214,5,1
977,2025-02,10,351,3,0
977,2025-03,7,139,3,0
977,2025-04,8,248,2,0
977,2025-05,4,121,1,0
977,2025-06,5,198,0,0
977,2025-07,11,341,2,1
977,2025-08,5,108,4,1
977,2025-09,5,179,1,2
977,2025-10,10,325,2,0
977,2025-11,11,253,2,0
977,2025-12,6,234,1,0
978,2025-06,2,36,0,0
978,2025-07,4,134,1,0
978,2025-08,2,72,0,0
978,2025-09,2,62,0,0
978,2025-10,4,78,2,0
978,2025-11,3,113,1,0
978,2025-12,1,22,0,0
979,2024-11,4,96,0,0
979,2024-12,5,171,0,0
979,2025-01,1,20,0,0
979,2025-02,6,110,1,0
979,2025-03,4,110,0,0
979,2025-04,4,161,0,0
979,2025-05,5,112,3,0
979,2025-06,3,82,3,1
979,2025-07,3,112,0,0
979,2025-08,1,20,2,0
979,2025-09,1,34,2,0
979,2025-10,2,84,1,0
979,2025-11,7,173,0,0
979,2025-12,5,127,2,0
980,2025-10,4,168,0,0
980,2025-11,6,126,0,0
980,2025-12,4,157,0,0
981,2025-03,1,22,0,0
981,2025-04,1,38,0,0
981,2025-05,2,62,0,0
982,2025-03,6,212,0,0
982,2025-04,4,133,0,0
982,2025-05,4,76,0,0
982,2025-06,5,183,0,0
982,2025-07,7,271,0,0
982,2025-08,3,71,0,0
982,2025-09,7,132,0,0
982,2025-10,4,111,0,0
982,2025-11,3,105,0,0
982,2025-12,7,290,0,0
983,2025-04,11,206,5,0
983,2025-05,13,532,5,0
983,2025-06,20,680,2,0
983,2025-07,21,881,6,0
983,2025-08,20,769,10,0
983,2025-09,15,384,7,0
983,2025-10,16,618,1,0
983,2025-11,22,594,6,0
983,2025-12,11,361,1,0
984,2025-02,2,53,0,0
984,2025-03,1,23,2,0
984,2025-04,2,68,0,0
984,2025-05,3,72,0,0
984,2025-06,2,69,0,0
984,2025-07,0,0,0,0
984,2025-08,4,158,0,0
984,2025-09,1,,0,0
984,2025-10,0,0,0,0
984,2025-11,0,0,0,0
984,2025-12,1,42,1,0
985,2025-02,2,41,0,0
985,2025-03,1,42,0,0
985,2025-04,0,0,0,0
986,2024-11,2,67,0,0
986,2024-12,1,31,0,1
986,2025-01,0,0,0,0
986,2025-02,0,0,0,0
986,2025-03,1,29,0,0
986,2025-04,0,0,0,0
986,2025-05,2,68,0,0
986,2025-06,0,0,0,0
986,2025-07,0,0,0,0
986,2025-08,2,72,0,0
986,2025-09,0,0,0,0
986,2025-10,1,,0,0
986,2025-11,1,25,0,0
986,2025-12,1,25,0,0
987,2024-11,7,288,0,0
987,2024-12,11,349,0,0
988,2025-03,4,94,2,0
988,2025-04,2,48,0,0
989,2024-11,0,0,0,0
989,2024-12,1,22,0,0
989,2025-01,1,38,0,0
989,2025-02,0,0,0,0
989,2025-03,1,42,0,0
989,2025-04,0,0,0,0
989,2025-05,0,0,0,0
989,2025-06,0,0,0,0
989,2025-07,1,39,0,0
989,2025-08,0,0,0,0
989,2025-09,1,27,0,0
989,2025-10,0,0,0,0
990,2024-10,3,63,0,1
990,2024-11,3,72,4,0
990,2024-12,3,71,2,0
990,2025-01,3,92,0,0
990,2025-02,0,0,0,0
990,2025-03,1,24,1,0
990,2025-04,5,103,0,0
990,2025-05,0,0,0,0
990,2025-06,0,0,0,0
990,2025-07,2,68,0,0
990,2025-08,0,0,0,0
990,2025-09,0,0,0,0
991,2025-04,1,40,1,0
991,2025-05,0,0,0,0
991,2025-06,0,0,0,1
991,2025-07,1,30,0,0
991,2025-08,2,79,0,0
991,2025-09,0,0,0,0
991,2025-10,0,0,0,1
991,2025-11,1,42,0,0
991,2025-12,0,0,0,0
992,2025-10,5,146,3,0
992,2025-11,10,206,1,0
992,2025-12,7,196,2,0
993,2024-10,4,122,0,0
993,2024-11,3,97,0,0
993,2024-12,1,25,0,0
993,2025-01,4,115,0,0
993,2025-02,6,116,0,0
993,2025-03,2,37,0,0
993,2025-04,5,129,0,0
993,2025-05,2,40,0,0
993,2025-06,2,81,0,0
993,2025-07,2,76,0,0
993,2025-08,3,78,0,0
993,2025-09,5,159,0,0
993,2025-10,7,271,0,0
993,2025-11,1,18,0,0
993,2025-12,0,0,0,0
994,2024-08,5,91,1,1
994,2024-09,4,99,1,0
994,2024-10,7,167,1,0
994,2024-11,4,110,1,0
994,2024-12,14,554,5,0
994,2025-01,5,201,3,0
994,2025-02,5,141,2,0
994,2025-03,7,252,1,0
994,2025-04,4,107,0,1
994,2025-05,4,121,2,0
994,2025-06,7,168,3,2
994,2025-07,4,104,0,1
995,2025-09,9,255,3,0
995,2025-10,7,253,1,1
995,2025-11,6,250,5,0
995,2025-12,10,260,2,1
996,2025-01,3,99,1,0
996,2025-02,3,66,2,0
996,2025-03,2,59,0,0
996,2025-04,2,59,3,0
996,2025-05,4,76,1,0
996,2025-06,3,118,1,0
996,2025-07,3,83,1,0
996,2025-08,2,79,1,1
996,2025-09,4,89,4,0
996,2025-10,0,0,0,0
996,2025-11,3,113,1,0
996,2025-12,6,130,3,0
997,2024-09,0,0,0,0
997,2024-10,0,0,0,0
997,2024-11,1,38,0,0
998,2024-08,8,216,1,0
998,2024-09,13,465,5,0
998,2024-10,13,311,7,0
998,2024-11,10,293,1,0
998,2024-12,11,261,0,0
998,2025-01,13,423,1,1
998,2025-02,11,265,2,0
998,2025-03,16,414,4,0
998,2025-04,15,587,5,0
998,2025-05,11,215,6,0
998,2025-06,10,302,1,0
998,2025-07,14,544,2,0
999,2025-04,4,147,0,1
999,2025-05,5,120,0,0
999,2025-06,6,207,0,0
999,2025-07,10,182,0,1
1000,2025-08,4,90,2,0
1000,2025-09,4,88,0,0
1000,2025-10,5,151,1,0
1000,2025-11,9,351,4,0
1000,2025-12,5,129,0,0
1001,2024-12,2,36,0,0
1001,2025-01,0,0,0,0
1001,2025-02,2,64,0,0
1001,2025-03,1,,0,0
1001,2025-04,1,30,0,0
1002,2025-06,8,192,0,0
1002,2025-07,11,434,0,0
1002,2025-08,2,73,0,0
1002,2025-09,6,191,0,0
1002,2025-10,8,200,0,0
1002,2025-11,5,168,0,0
1002,2025-12,5,142,0,0
1003,2024-11,1,35,0,0
1003,2024-12,1,40,0,0
1003,2025-01,1,30,0,0
1003,2025-02,0,0,0,0
1003,2025-03,1,26,0,0
1003,2025-04,0,0,0,0
1003,2025-05,0,0,0,0
1003,2025-06,0,0,0,0
1003,2025-07,0,0,0,1
1003,2025-08,0,0,0,0
1003,2025-09,1,35,0,0
1003,2025-10,1,29,0,0
1004,2025-09,9,171,0,0
1004,2025-10,6,159,0,0
1004,2025-11,3,56,0,0
1004,2025-12,5,151,0,0
1005,2024-10,3,54,0,0
1005,2024-11,3,65,1,0
1005,2024-12,3,115,2,0
1006,2025-09,9,311,3,0
1006,2025-10,8,160,0,0
1006,2025-11,9,167,1,0
1006,2025-12,3,78,1,0
1007,2025-06,1,33,0,0
1007,2025-07,3,98,0,0
1007,2025-08,5,102,0,1
1008,2025-04,4,104,1,0
1008,2025-05,0,0,0,0
1008,2025-06,1,34,0,0
1008,2025-07,3,74,1,0
1008,2025-08,5,206,3,0
1009,2025-05,6,141,0,0
1009,2025-06,8,228,0,0
1009,2025-07,12,293,0,0
1009,2025-08,12,234,0,0
1009,2025-09,9,375,0,0
1009,2025-10,7,168,0,0
1009,2025-11,7,208,0,0
1009,2025-12,9,252,0,0
1010,2025-10,7,151,0,0
1010,2025-11,4,120,0,0
1010,2025-12,5,149,0,0
1011,2024-09,2,68,3,0
1011,2024-10,2,61,0,0
1011,2024-11,2,75,0,0
1011,2024-12,0,,0,0
1011,2025-01,3,76,0,0
1012,2024-12,8,230,1,0
1012,2025-01,10,190,2,0
1012,2025-02,9,340,5,0
1012,2025-03,8,198,3,0
1013,2025-08,10,203,3,0
1013,2025-09,15,512,6,0
1013,2025-10,13,358,0,0
1013,2025-11,13,546,2,0
1013,2025-12,15,590,7,0
1014,2025-01,3,60,0,0
1014,2025-02,2,39,0,0
1014,2025-03,2,49,0,1
1014,2025-04,2,36,0,0
1014,2025-05,0,0,0,0
1014,2025-06,1,39,1,0
1014,2025-07,0,0,0,0
1014,2025-08,1,39,0,0
1014,2025-09,1,42,0,1
1014,2025-10,2,36,0,2
1014,2025-11,1,20,0,2
1014,2025-12,3,122,0,0
1015,2024-08,2,83,1,0
1015,2024-09,5,131,1,0
1015,2024-10,7,222,3,0
1015,2024-11,3,61,1,0
1015,2024-12,6,220,2,0
1015,2025-01,2,62,0,0
1015,2025-02,4,92,1,0
1015,2025-03,3,84,1,0
1015,2025-04,3,65,3,0
1015,2025-05,4,95,3,0
1015,2025-06,4,145,1,0
1015,2025-07,3,64,1,0
1015,2025-08,2,67,1,0
1015,2025-09,2,74,0,0
1015,2025-10,1,28,2,0
1015,2025-11,2,41,1,0
1015,2025-12,5,,0,0
1016,2025-08,3,81,0,0
1016,2025-09,4,139,0,0
1016,2025-10,5,202,0,0
1016,2025-11,5,135,0,0
1016,2025-12,5,209,0,0
1017,2024-08,2,60,0,0
1017,2024-09,4,113,1,1
1018,2025-04,11,378,4,0
1018,2025-05,13,413,1,0
1018,2025-06,18,509,5,0
1018,2025-07,24,493,8,0
1018,2025-08,20,652,5,0
1018,2025-09,19,423,2,0
1018,2025-10,19,625,5,0
1018,2025-11,19,404,5,0
1018,2025-12,18,327,5,0
1019,2024-09,3,112,1,0
1019,2024-10,6,182,0,0
1019,2024-11,2,41,0,0
1019,2024-12,2,62,1,0
1019,2025-01,0,0,0,0
1019,2025-02,1,40,0,0
1020,2025-01,3,56,0,1
1020,2025-02,0,0,0,0
1020,2025-03,0,0,0,1
1021,2024-10,8,248,2,0
1021,2024-11,11,239,2,0
1021,2024-12,4,109,1,0
1021,2025-01,13,460,3,0
1021,2025-02,7,234,1,0
1021,2025-03,12,297,6,1
1021,2025-04,14,474,6,0
1021,2025-05,8,185,0,1
1021,2025-06,14,297,4,1
1021,2025-07,8,163,2,1
1021,2025-08,13,524,1,1
1021,2025-09,9,265,2,0
1021,2025-10,11,425,2,1
1021,2025-11,6,135,2,2
1021,2025-12,6,156,0,0
1022,2024-08,4,82,0,0
1022,2024-09,6,198,0,0
1022,2024-10,9,367,4,0
1022,2024-11,5,117,1,0
1022,2024-12,8,269,1,1
1022,2025-01,5,118,0,1
1022,2025-02,6,128,1,1
1022,2025-03,6,230,1,1
1022,2025-04,6,189,2,1
1022,2025-05,9,358,2,0
1022,2025-06,7,165,3,0
1022,2025-07,4,144,1,0
1022,2025-08,5,186,0,0
1022,2025-09,6,165,2,0
1022,2025-10,2,55,0,0
1022,2025-11,2,56,0,0
1022,2025-12,8,242,1,0
1023,2025-01,10,260,5,0
1023,2025-02,4,133,0,0
1023,2025-03,6,153,6,0
1023,2025-04,5,133,1,0
1023,2025-05,7,250,4,0
1023,2025-06,7,165,2,0
1023,2025-07,6,176,5,0
1024,2025-05,1,40,1,0
1025,2024-10,0,0,0,0
1025,2024-11,2,54,0,0
1025,2024-12,1,24,0,0
1026,2024-12,1,31,0,0
1026,2025-01,4,132,2,0
1026,2025-02,1,26,0,0
1026,2025-03,4,121,1,0
1026,2025-04,6,186,2,0
1026,2025-05,5,98,4,1
1026,2025-06,6,144,2,0
1026,2025-07,5,148,1,1
1026,2025-08,4,108,2,2
1026,2025-09,3,73,0,0
1026,2025-10,5,101,1,0
1026,2025-11,4,147,2,1
1027,2024-11,1,26,1,0
1027,2024-12,7,164,1,0
1027,2025-01,4,107,2,0
1027,2025-02,5,197,2,0
1027,2025-03,6,199,2,0
1027,2025-04,7,231,1,0
1027,2025-05,4,160,1,0
1027,2025-06,8,274,0,0
1027,2025-07,9,174,5,0
1027,2025-08,4,79,0,0
1027,2025-09,4,159,1,0
1027,2025-10,2,59,0,0
1027,2025-11,5,147,0,0
1027,2025-12,3,103,1,0
1028,2024-10,4,100,0,0
1028,2024-11,8,325,2,0
1028,2024-12,4,94,1,0
1028,2025-01,3,94,0,0
1028,2025-02,2,54,0,0
1028,2025-03,3,57,0,0
1028,2025-04,0,0,0,0
1028,2025-05,4,135,1,0
1028,2025-06,1,35,0,0
1028,2025-07,11,454,2,0
1028,2025-08,4,90,1,0
1028,2025-09,3,112,0,0
1028,2025-10,3,110,1,0
1028,2025-11,2,45,0,0
1028,2025-12,2,47,0,0
1029,2025-08,5,103,0,0
1029,2025-09,11,233,0,0
1029,2025-10,7,182,0,0
1029,2025-11,12,336,0,0
1029,2025-12,5,197,0,0
1030,2025-01,3,83,0,1
1031,2025-01,3,74,2,0
1031,2025-02,3,114,1,0
1031,2025-03,4,89,2,1
1031,2025-04,3,104,0,1
1031,2025-05,4,144,2,1
1031,2025-06,4,120,1,0
1031,2025-07,3,88,1,0
1031,2025-08,3,98,0,1
1031,2025-09,2,41,0,0
1031,2025-10,1,36,0,0
1031,2025-11,3,120,1,0
1031,2025-12,7,176,0,0
1032,2025-07,10,307,0,1
1032,2025-08,9,225,0,1
1032,2025-09,9,282,0,0
1032,2025-10,10,367,0,0
1032,2025-11,14,489,0,1
1032,2025-12,8,244,0,0
1033,2024-08,6,196,0,0
1033,2024-09,2,62,0,0
1033,2024-10,5,116,0,1
1034,2025-05,3,104,0,0
1034,2025-06,8,149,0,0
1034,2025-07,11,371,0,0
1034,2025-08,3,116,0,0
1034,2025-09,8,237,0,0
1034,2025-10,8,240,0,0
1034,2025-11,7,224,0,0
1034,2025-12,6,173,0,0
1035,2025-03,8,229,2,1
1035,2025-04,11,373,2,0
1035,2025-05,12,374,2,0
1035,2025-06,14,470,3,0
1035,2025-07,8,284,1,0
1035,2025-08,14,267,7,0
1035,2025-09,16,665,5,0
1035,2025-10,8,265,1,0
1035,2025-11,12,398,2,1
1035,2025-12,9,348,5,0
1036,2024-10,1,36,0,0
1036,2024-11,5,151,0,0
1036,2024-12,1,40,0,0
1036,2025-01,1,30,0,0
1036,2025-02,3,116,0,0
1037,2024-11,4,104,1,0
1037,2024-12,11,315,10,0
1037,2025-01,11,200,6,0
1037,2025-02,7,269,4,0
1037,2025-03,10,326,3,0
1037,2025-04,7,244,5,1
1037,2025-05,13,247,6,0
1037,2025-06,11,317,1,0
1037,2025-07,17,590,8,0
1037,2025-08,10,419,2,0
1037,2025-09,9,276,5,0
1037,2025-10,9,246,3,0
1037,2025-11,11,,3,0
1037,2025-12,7,180,1,0
1038,2024-11,0,0,0,0
1038,2024-12,3,78,1,0
1038,2025-01,2,65,0,0
1039,2025-05,6,174,0,1
1040,2025-05,3,73,0,0
1040,2025-06,3,97,0,0
1040,2025-07,2,36,0,0
1040,2025-08,3,66,0,0
1041,2024-11,2,59,0,0
1041,2024-12,3,56,0,0
1041,2025-01,2,41,0,0
1041,2025-02,4,126,0,0
1041,2025-03,0,0,0,0
1041,2025-04,2,63,0,0
1041,2025-05,3,107,0,1
1041,2025-06,1,27,0,0
1041,2025-07,1,19,0,0
1041,2025-08,0,0,0,0
1041,2025-09,0,,0,0
1041,2025-10,0,0,0,1
1042,2025-01,13,465,0,0
1042,2025-02,8,327,0,0
1042,2025-03,5,109,0,0
1042,2025-04,9,216,0,0
1042,2025-05,8,189,0,0
1042,2025-06,8,302,0,0
1042,2025-07,9,238,0,0
1042,2025-08,14,284,0,0
1042,2025-09,10,399,0,0
1042,2025-10,4,121,0,0
1042,2025-11,6,220,0,0
1042,2025-12,5,148,0,0
1043,2024-12,2,42,0,0
1043,2025-01,0,0,0,0
1043,2025-02,1,20,0,0
1044,2024-07,11,386,6,0
1044,2024-08,8,331,2,1
1044,2024-09,6,241,2,0
1044,2024-10,6,213,2,1
1044,2024-11,7,206,4,0
1044,2024-12,5,141,7,1
1044,2025-01,6,144,2,1
1044,2025-02,8,254,4,0
1044,2025-03,4,153,3,0
1044,2025-04,5,193,0,0
1044,2025-05,3,119,2,1
1044,2025-06,9,249,3,1
1044,2025-07,5,180,4,0
1044,2025-08,4,161,4,0
1044,2025-09,3,92,1,0
1044,2025-10,4,154,2,1
1044,2025-11,3,69,3,0
1044,2025-12,2,54,1,0
1045,2025-03,13,511,0,0
1045,2025-04,17,657,0,0
1045,2025-05,9,177,0,0
1045,2025-06,16,499,0,0
1045,2025-07,11,347,0,0
1045,2025-08,14,410,0,0
1045,2025-09,14,552,0,0
1045,2025-10,17,374,0,0
1045,2025-11,13,391,0,0
1045,2025-12,8,303,0,0
1046,2025-05,4,147,1,1
1046,2025-06,7,291,0,1
1046,2025-07,3,111,1,0
1046,2025-08,3,55,1,1
1046,2025-09,1,37,0,0
1047,2024-12,2,37,0,0
1047,2025-01,5,118,0,1
1047,2025-02,3,110,0,1
1047,2025-03,1,28,0,0
1047,2025-04,2,52,0,0
1047,2025-05,1,24,0,0
1047,2025-06,2,37,0,0
1047,2025-07,2,68,0,1
1047,2025-08,1,18,0,0
1047,2025-09,1,,0,0
1047,2025-10,3,57,0,1
1047,2025-11,0,0,0,1
1047,2025-12,0,0,0,0
1048,2024-12,0,0,0,0
1048,2025-01,3,125,0,0
1048,2025-02,3,81,1,0
1048,2025-03,1,37,0,0
1048,2025-04,1,40,0,0
1048,2025-05,0,0,0,0
1048,2025-06,1,29,0,0
1048,2025-07,0,0,0,0
1048,2025-08,1,30,0,0
1048,2025-09,2,40,1,0
1048,2025-10,0,0,0,1
1048,2025-11,0,0,0,0
1049,2025-01,4,122,0,1
1049,2025-02,4,110,0,0
1049,2025-03,6,126,0,0
1049,2025-04,9,178,0,1
1049,2025-05,11,,0,0
1049,2025-06,3,91,0,1
1049,2025-07,4,89,0,0
1049,2025-08,6,241,0,2
1049,2025-09,6,175,0,0
1049,2025-10,1,29,0,0
1049,2025-11,5,177,0,0
1049,2025-12,9,,0,0
1050,2025-07,1,23,0,0
1050,2025-08,1,19,0,0
1051,2025-06,4,131,0,0
1051,2025-07,6,188,0,0
1051,2025-08,6,133,0,0
1051,2025-09,5,101,0,0
1051,2025-10,5,177,0,1
1052,2025-08,11,302,3,0
1052,2025-09,10,211,6,0
1052,2025-10,10,197,2,0
1052,2025-11,10,325,3,1
689,2025-08,2,77,0,0
1052,2025-12,8,290,2,0
1053,2025-02,1,35,0,0
1053,2025-03,3,121,0,0
1053,2025-04,2,71,0,0
1053,2025-05,1,40,0,0
1053,2025-06,2,59,0,0
1053,2025-07,1,36,0,0
1053,2025-08,1,27,0,0
1053,2025-09,1,26,0,0
1053,2025-10,0,0,0,0
1053,2025-11,1,32,1,0
1053,2025-12,0,0,0,0
1054,2025-02,3,76,0,0
1054,2025-03,6,181,2,0
1054,2025-04,6,228,4,0
1054,2025-05,2,49,0,0
1054,2025-06,1,37,0,0
1054,2025-07,2,67,3,0
1054,2025-08,5,130,2,0
1054,2025-09,3,109,1,0
1054,2025-10,1,23,0,0
1054,2025-11,2,56,1,0
1055,2024-10,6,247,2,0
1055,2024-11,9,300,2,0
1055,2024-12,8,273,1,0
1055,2025-01,5,155,1,0
1055,2025-02,5,96,1,0
1055,2025-03,5,119,2,0
89,2024-12,5,206,3,0
1055,2025-04,6,147,1,0
1055,2025-05,5,109,0,0
1055,2025-06,6,185,2,0
1055,2025-07,5,158,2,0
1055,2025-08,8,315,2,0
1055,2025-09,5,119,1,1
1055,2025-10,4,163,2,0
1055,2025-11,8,226,1,1
1055,2025-12,6,123,1,0
1056,2024-10,5,208,2,0
1056,2024-11,3,87,0,0
1056,2024-12,5,180,1,0
1056,2025-01,6,226,1,0
1056,2025-02,7,210,1,0
1057,2024-10,5,96,0,0
1057,2024-11,6,234,0,0
1057,2024-12,9,228,0,0
1057,2025-01,7,273,0,0
1057,2025-02,5,186,0,0
1057,2025-03,4,90,0,0
1057,2025-04,9,241,0,0
1057,2025-05,7,234,0,0
1057,2025-06,7,155,0,0
1057,2025-07,4,155,0,0
1057,2025-08,8,258,0,0
1057,2025-09,7,205,0,0
1057,2025-10,13,521,0,0
1057,2025-11,8,165,0,0
1057,2025-12,12,382,0,0
1058,2025-01,7,162,0,0
1058,2025-02,5,145,0,0
1058,2025-03,3,74,0,0
1058,2025-04,2,42,0,0
1058,2025-05,1,33,0,1
1058,2025-06,1,21,0,1
1058,2025-07,3,118,0,0
1058,2025-08,2,66,0,0
1058,2025-09,2,53,0,0
1058,2025-10,6,149,0,0
1058,2025-11,1,20,0,0
1058,2025-12,5,148,0,0
1059,2024-12,7,275,5,0
1059,2025-01,12,468,4,0
1059,2025-02,6,149,5,0
1059,2025-03,4,77,2,0
1059,2025-04,7,248,3,0
1059,2025-05,8,306,4,0
1059,2025-06,7,289,3,0
1059,2025-07,4,97,2,0
1059,2025-08,11,295,5,0
1059,2025-09,7,195,2,0
1059,2025-10,10,235,4,1
1059,2025-11,10,398,3,0
1059,2025-12,8,233,5,1
1060,2024-07,2,63,0,0
1060,2024-08,3,61,4,0
1060,2024-09,3,60,0,0
1060,2024-10,1,22,0,1
1061,2025-08,2,58,0,0
1061,2025-09,3,64,0,0
1061,2025-10,1,21,0,0
1061,2025-11,0,0,0,0
1061,2025-12,2,51,0,0
1062,2025-02,2,74,0,0
1062,2025-03,1,22,0,0
1062,2025-04,0,0,0,0
1063,2025-04,4,83,0,0
1063,2025-05,8,202,0,0
1063,2025-06,7,183,0,0
1063,2025-07,4,141,0,0
1063,2025-08,2,58,0,0
1063,2025-09,4,96,0,0
1063,2025-10,6,213,0,0
1063,2025-11,5,108,0,0
1063,2025-12,4,104,0,0
1064,2024-11,4,127,1,0
1064,2024-12,7,207,0,0
1064,2025-01,3,99,1,0
1065,2024-07,3,111,0,0
1065,2024-08,2,48,0,0
1065,2024-09,4,88,0,0
1065,2024-10,6,222,0,0
1065,2024-11,2,51,0,0
1065,2024-12,5,156,0,0
1065,2025-01,4,79,0,0
1065,2025-02,4,92,0,0
1065,2025-03,4,147,0,0
1065,2025-04,9,197,0,0
1065,2025-05,6,247,0,0
1065,2025-06,4,89,0,0
1065,2025-07,4,78,0,0
1065,2025-08,4,112,0,0
1065,2025-09,3,75,0,0
1065,2025-10,2,68,0,1
1065,2025-11,4,79,0,0
1065,2025-12,9,260,0,0
1066,2025-02,2,78,0,0
1066,2025-03,3,55,0,0
1066,2025-04,3,98,0,0
1066,2025-05,3,105,0,0
1066,2025-06,2,46,0,0
1066,2025-07,1,33,0,0
1066,2025-08,2,41,0,0
1066,2025-09,3,60,0,0
1066,2025-10,1,40,0,0
1066,2025-11,0,0,0,0
1066,2025-12,0,0,0,0
1067,2025-09,5,150,0,0
1067,2025-10,2,66,0,0
1067,2025-11,6,111,0,0
1067,2025-12,3,83,0,0
1068,2025-10,8,235,3,0
1068,2025-11,6,189,1,0
1068,2025-12,2,70,0,0
1069,2025-09,4,83,1,0
1069,2025-10,5,193,0,0
1069,2025-11,8,288,4,0
1069,2025-12,2,52,1,1
1468,2025-09,4,74,1,0
1070,2024-09,1,25,0,0
1070,2024-10,4,76,0,0
1070,2024-11,1,31,0,0
1070,2024-12,0,0,0,0
1070,2025-01,0,0,0,0
1070,2025-02,1,23,0,0
1070,2025-03,2,38,0,0
1070,2025-04,2,66,0,0
1070,2025-05,1,39,0,0
1070,2025-06,1,30,0,0
4167,2025-01,2,59,0,0
1070,2025-07,0,0,0,0
1070,2025-08,3,61,0,0
1070,2025-09,1,27,0,0
1070,2025-10,0,0,0,0
1070,2025-11,2,44,0,0
1070,2025-12,0,0,0,0
1071,2024-11,1,19,0,0
1071,2024-12,9,377,0,0
1071,2025-01,3,59,0,0
1071,2025-02,2,42,0,0
1071,2025-03,0,0,0,0
1071,2025-04,2,69,0,0
1071,2025-05,0,0,0,0
1071,2025-06,2,79,0,0
1071,2025-07,1,28,0,1
1071,2025-08,0,0,0,0
1071,2025-09,2,68,0,1
1071,2025-10,1,27,0,0
1072,2024-07,18,596,7,0
1072,2024-08,32,1259,6,0
1072,2024-09,35,1065,9,0
1072,2024-10,28,1115,5,0
1072,2024-11,27,586,8,0
1072,2024-12,39,1587,11,0
1072,2025-01,21,669,6,0
1072,2025-02,33,1029,8,0
1072,2025-03,28,1138,4,0
1072,2025-04,33,1356,6,0
1072,2025-05,27,680,5,2
1072,2025-06,20,773,7,0
1072,2025-07,25,826,13,0
1072,2025-08,40,1270,6,0
1072,2025-09,28,569,6,0
1072,2025-10,27,763,7,0
1072,2025-11,27,576,6,1
1072,2025-12,31,588,4,0
1073,2024-12,1,36,0,0
1073,2025-01,3,103,1,0
1073,2025-02,1,37,0,0
1073,2025-03,2,44,2,0
1073,2025-04,1,41,0,0
1073,2025-05,1,19,1,0
1073,2025-06,1,33,2,0
1074,2025-08,7,173,2,0
1074,2025-09,8,223,0,0
1074,2025-10,4,157,0,0
1074,2025-11,8,147,7,0
1074,2025-12,6,161,2,0
1075,2025-01,2,64,0,0
1075,2025-02,3,123,0,0
1075,2025-03,0,0,0,0
1075,2025-04,3,68,2,0
1075,2025-05,2,45,0,0
1075,2025-06,1,39,0,0
1075,2025-07,1,39,1,0
1075,2025-08,0,0,0,0
1075,2025-09,1,34,0,1
1075,2025-10,3,92,1,0
1075,2025-11,0,0,0,0
1075,2025-12,0,0,0,0
1076,2025-10,2,83,2,0
1076,2025-11,3,96,0,1
1076,2025-12,1,35,0,1
1077,2025-03,3,57,0,0
1077,2025-04,3,73,0,0
1077,2025-05,4,87,0,0
1077,2025-06,4,104,0,0
1077,2025-07,7,140,0,0
1077,2025-08,2,56,0,0
1077,2025-09,3,118,0,0
1077,2025-10,5,159,0,1
1077,2025-11,3,102,0,0
1077,2025-12,6,184,0,0
1078,2024-12,0,0,0,0
1078,2025-01,4,86,2,0
1078,2025-02,5,124,2,0
1078,2025-03,1,37,0,0
1078,2025-04,0,0,0,0
1078,2025-05,0,0,0,0
1078,2025-06,1,32,0,0
1078,2025-07,0,0,0,0
1078,2025-08,0,0,0,0
1078,2025-09,1,28,0,0
1078,2025-10,1,28,0,1
1078,2025-11,0,0,0,0
1079,2024-08,3,,0,0
1079,2024-09,5,94,0,0
1079,2024-10,10,182,0,0
1079,2024-11,3,73,0,0
1079,2024-12,9,235,0,0
1079,2025-01,5,133,0,0
1079,2025-02,6,215,0,0
1079,2025-03,9,184,0,0
1079,2025-04,7,292,0,0
1079,2025-05,4,77,0,0
1079,2025-06,1,27,0,0
1079,2025-07,4,109,0,0
1080,2025-08,10,328,0,0
1080,2025-09,10,305,0,0
1080,2025-10,7,276,0,1
1080,2025-11,7,259,0,1
1080,2025-12,9,177,0,0
1081,2024-11,13,325,0,1
1081,2024-12,19,620,0,0
1081,2025-01,16,353,0,0
1081,2025-02,14,463,0,0
1081,2025-03,11,344,0,0
1081,2025-04,14,549,0,0
1081,2025-05,9,362,0,0
1081,2025-06,15,609,0,0
1081,2025-07,9,340,0,0
1081,2025-08,9,352,0,0
1082,2025-07,1,22,0,0
1082,2025-08,0,0,0,0
1083,2024-12,5,121,0,0
1083,2025-01,2,76,0,0
1083,2025-02,7,181,0,0
1083,2025-03,4,120,0,0
1083,2025-04,8,286,0,0
1083,2025-05,3,115,0,0
1083,2025-06,7,270,0,1
1083,2025-07,3,106,0,0
1083,2025-08,8,286,0,0
1083,2025-09,2,62,0,0
1083,2025-10,3,113,0,1
1083,2025-11,4,97,0,0
1083,2025-12,4,120,0,0
1084,2025-01,7,185,1,0
1084,2025-02,6,153,1,0
1084,2025-03,8,295,3,0
1084,2025-04,6,208,2,0
1084,2025-05,7,202,2,0
1084,2025-06,6,132,1,0
1084,2025-07,5,169,1,0
1084,2025-08,2,83,1,1
1084,2025-09,8,332,2,0
1084,2025-10,3,61,1,1
1084,2025-11,10,248,7,0
1084,2025-12,10,208,3,0
1085,2025-09,1,32,0,0
1085,2025-10,8,253,4,0
1085,2025-11,6,238,0,0
1085,2025-12,3,87,1,0
1086,2024-10,16,522,0,1
1086,2024-11,23,867,0,2
1086,2024-12,14,561,0,0
1086,2025-01,28,884,0,0
1086,2025-02,13,283,0,1
1086,2025-03,24,978,0,1
1086,2025-04,15,409,0,0
1086,2025-05,21,799,0,0
1086,2025-06,16,325,0,0
1086,2025-07,18,426,0,1
1086,2025-08,29,684,0,0
1086,2025-09,17,653,0,0
1086,2025-10,21,640,0,1
1086,2025-11,18,436,0,1
1086,2025-12,16,500,0,0
1087,2024-12,9,326,0,0
1087,2025-01,7,236,1,0
1087,2025-02,8,213,4,0
1087,2025-03,6,125,0,0
1087,2025-04,4,133,2,0
1087,2025-05,9,235,2,0
1087,2025-06,7,255,0,0
1088,2025-04,1,20,0,0
1088,2025-05,0,0,0,0
1088,2025-06,0,0,0,0
1088,2025-07,0,0,0,0
1088,2025-08,1,37,0,0
1088,2025-09,0,0,0,1
1088,2025-10,0,0,0,0
1088,2025-11,1,40,0,0
1088,2025-12,0,0,0,1
1089,2025-08,2,40,0,0
1089,2025-09,0,0,0,0
1089,2025-10,4,84,0,0
1090,2025-10,11,238,0,0
1090,2025-11,15,508,0,1
1090,2025-12,16,429,0,0
1091,2025-06,4,161,0,0
1091,2025-07,8,240,0,1
1091,2025-08,4,103,0,1
1091,2025-09,9,275,0,0
1091,2025-10,7,241,0,0
1091,2025-11,3,86,0,1
1091,2025-12,7,194,0,0
1092,2025-09,2,53,2,0
1092,2025-10,7,202,3,0
1092,2025-11,5,95,4,0
1092,2025-12,5,119,2,0
1093,2025-05,0,0,0,0
1093,2025-06,1,29,0,0
1093,2025-07,2,55,1,0
1093,2025-08,2,37,0,0
1093,2025-09,0,0,0,0
1093,2025-10,0,0,0,0
1093,2025-11,0,0,0,0
1093,2025-12,0,0,0,0
1094,2024-10,1,24,0,0
1094,2024-11,2,78,1,0
1094,2024-12,2,56,2,0
1094,2025-01,3,110,4,0
1094,2025-02,1,29,1,0
1094,2025-03,1,22,1,0
1094,2025-04,4,146,2,0
1094,2025-05,2,42,2,0
1094,2025-06,2,54,3,0
1094,2025-07,4,102,3,0
1094,2025-08,1,19,1,0
1094,2025-09,2,49,1,0
1094,2025-10,1,26,0,0
1094,2025-11,2,80,0,0
1094,2025-12,2,78,0,0
1095,2025-01,1,35,0,0
1095,2025-02,2,64,0,0
1095,2025-03,1,24,0,0
1095,2025-04,1,34,1,0
1095,2025-05,1,24,0,0
1095,2025-06,2,69,0,0
1095,2025-07,2,39,1,0
1095,2025-08,0,0,0,0
1095,2025-09,1,33,0,0
1095,2025-10,1,22,1,0
1095,2025-11,0,0,0,0
1095,2025-12,0,0,0,0
1096,2024-08,5,126,1,0
1096,2024-09,5,96,2,0
1096,2024-10,5,133,0,0
1096,2024-11,4,136,1,0
1096,2024-12,10,231,2,0
1096,2025-01,4,165,1,0
1096,2025-02,6,212,2,0
1096,2025-03,4,,0,0
1096,2025-04,8,149,2,0
1096,2025-05,4,134,0,0
1096,2025-06,3,111,1,0
1096,2025-07,6,139,1,0
1096,2025-08,4,144,0,0
1096,2025-09,7,169,2,0
1096,2025-10,5,183,0,1
1096,2025-11,4,87,1,0
1096,2025-12,5,98,1,0
1097,2025-06,0,0,0,1
1097,2025-07,1,19,0,0
1097,2025-08,2,80,0,0
1098,2024-07,3,58,0,0
1098,2024-08,0,0,0,0
1099,2025-02,1,19,0,0
1100,2025-07,3,87,0,0
1100,2025-08,2,62,0,0
1100,2025-09,0,0,0,0
1100,2025-10,2,71,0,0
1100,2025-11,3,57,0,0
1100,2025-12,1,19,0,0
1101,2024-08,1,38,0,0
1101,2024-09,7,247,0,1
1101,2024-10,3,55,0,0
1101,2024-11,0,0,0,0
1101,2024-12,3,85,0,0
1101,2025-01,0,0,0,1
1101,2025-02,2,82,0,0
1101,2025-03,1,32,0,0
1101,2025-04,4,124,0,1
1101,2025-05,2,56,0,0
1101,2025-06,0,0,0,0
1101,2025-07,3,,0,0
1101,2025-08,2,54,0,1
1101,2025-09,1,23,0,1
1101,2025-10,0,0,0,0
1101,2025-11,1,24,0,0
1101,2025-12,0,0,0,0
1102,2025-06,3,60,2,0
1102,2025-07,5,107,0,0
1102,2025-08,4,149,2,0
1102,2025-09,7,187,2,0
1102,2025-10,5,102,1,0
1102,2025-11,5,163,1,0
1102,2025-12,3,62,0,0
1103,2025-10,5,139,0,0
1103,2025-11,4,132,1,0
1103,2025-12,1,39,0,0
1104,2024-12,1,35,0,1
1105,2024-09,0,0,0,0
1105,2024-10,4,98,0,0
1105,2024-11,0,0,0,0
1105,2024-12,2,64,0,0
1105,2025-01,1,36,0,0
1105,2025-02,2,36,0,0
1105,2025-03,0,0,0,1
1105,2025-04,3,65,0,0
1105,2025-05,3,71,0,0
1105,2025-06,1,24,0,0
1105,2025-07,1,28,0,0
1105,2025-08,0,0,0,1
1106,2024-11,4,82,0,1
1106,2024-12,2,59,0,0
1106,2025-01,3,68,0,1
1106,2025-02,2,81,0,0
1106,2025-03,0,0,0,0
1106,2025-04,2,84,0,0
1106,2025-05,1,21,0,1
1106,2025-06,2,70,0,0
1106,2025-07,3,82,0,0
1106,2025-08,1,22,0,0
1106,2025-09,2,83,0,0
1106,2025-10,1,40,0,0
1106,2025-11,2,56,0,0
1107,2025-10,4,73,0,0
1107,2025-11,1,41,0,0
1107,2025-12,3,104,0,0
1108,2024-11,3,87,0,0
1108,2024-12,1,34,0,1
1108,2025-01,1,39,0,0
1108,2025-02,1,21,0,0
1109,2025-04,2,45,0,0
1109,2025-05,1,19,0,0
1110,2025-10,5,168,1,0
1110,2025-11,3,81,1,0
1110,2025-12,1,34,0,0
1111,2025-06,1,33,0,0
1112,2025-04,6,135,0,0
1112,2025-05,6,110,0,0
1112,2025-06,8,288,0,0
1112,2025-07,4,103,0,0
1112,2025-08,2,57,0,0
1112,2025-09,5,181,0,0
1112,2025-10,3,88,0,0
1112,2025-11,4,126,0,0
1112,2025-12,3,,0,0
1113,2025-08,3,93,2,0
1113,2025-09,3,116,1,0
1113,2025-10,4,124,2,0
1113,2025-11,4,79,3,0
1113,2025-12,3,62,1,0
1114,2025-01,11,352,0,0
1114,2025-02,5,204,0,0
1114,2025-03,4,135,0,0
1114,2025-04,4,108,0,0
1114,2025-05,6,248,0,0
1114,2025-06,10,247,0,0
1114,2025-07,3,77,0,0
1114,2025-08,4,73,0,0
1114,2025-09,4,95,0,0
1114,2025-10,8,325,0,0
1114,2025-11,7,233,0,0
1114,2025-12,4,85,0,0
1115,2024-08,1,31,0,0
1115,2024-09,2,52,0,0
1115,2024-10,0,,0,0
1115,2024-11,6,111,0,0
1115,2024-12,5,104,0,0
3067,2025-12,1,32,0,1
1115,2025-01,5,100,0,0
1115,2025-02,2,75,0,0
1115,2025-03,6,114,0,0
1115,2025-04,0,0,0,0
1115,2025-05,5,150,0,0
1115,2025-06,3,61,0,0
1115,2025-07,1,32,0,0
1115,2025-08,2,71,0,0
1115,2025-09,5,102,0,0
1115,2025-10,9,228,0,1
1115,2025-11,5,156,0,1
1115,2025-12,6,227,0,2
1116,2025-10,13,285,3,0
1116,2025-11,20,476,6,0
1116,2025-12,9,343,4,0
1117,2025-09,3,104,1,0
1117,2025-10,1,27,1,0
1117,2025-11,1,35,0,0
1117,2025-12,1,28,0,0
1118,2025-06,1,27,0,0
1118,2025-07,0,0,0,0
1119,2024-11,2,78,0,0
1120,2024-08,4,,1,0
1120,2024-09,3,,1,0
1120,2024-10,0,0,0,1
1120,2024-11,0,0,0,0
1120,2024-12,2,43,0,0
1120,2025-01,1,39,0,0
1120,2025-02,0,0,0,1
1121,2025-02,6,192,0,0
1121,2025-03,9,165,0,0
1121,2025-04,11,306,0,0
1121,2025-05,11,283,0,0
1121,2025-06,13,343,0,0
1121,2025-07,8,279,0,0
1121,2025-08,6,225,0,0
1121,2025-09,10,236,0,0
1121,2025-10,16,365,0,0
1121,2025-11,9,308,0,0
1121,2025-12,4,155,0,1
1122,2025-02,8,213,6,0
1122,2025-03,8,217,3,0
1122,2025-04,8,239,2,0
1122,2025-05,5,172,4,0
1122,2025-06,10,409,3,0
1122,2025-07,6,148,3,0
1122,2025-08,4,100,0,0
1122,2025-09,4,129,2,0
1122,2025-10,4,149,1,0
1122,2025-11,9,352,4,0
1122,2025-12,10,335,2,0
1123,2025-08,3,,2,0
1123,2025-09,0,0,0,0
1123,2025-10,3,107,0,0
1123,2025-11,2,37,1,0
1123,2025-12,3,122,1,0
1124,2024-09,2,52,1,0
1125,2025-04,6,132,1,0
1125,2025-05,2,38,0,0
1125,2025-06,5,128,3,0
1125,2025-07,4,162,3,0
1125,2025-08,3,125,0,0
1125,2025-09,4,162,2,0
1125,2025-10,0,0,0,0
1125,2025-11,5,206,2,0
1125,2025-12,3,74,1,0
1126,2024-10,5,199,3,1
1536,2025-08,6,232,0,0
1126,2024-11,7,205,2,0
1126,2024-12,9,179,5,0
1126,2025-01,2,64,1,0
1126,2025-02,5,142,1,0
1126,2025-03,5,184,0,0
1126,2025-04,4,83,1,0
1126,2025-05,9,377,4,0
1126,2025-06,3,58,0,0
1126,2025-07,8,283,2,0
1126,2025-08,4,78,1,0
1126,2025-09,3,92,0,0
1126,2025-10,7,269,3,0
1126,2025-11,5,119,2,0
1126,2025-12,1,28,0,0
1127,2025-10,20,807,4,0
1127,2025-11,15,541,3,0
1127,2025-12,16,473,4,0
1128,2025-09,3,98,0,0
1128,2025-10,3,103,3,0
1128,2025-11,0,,0,0
1128,2025-12,2,75,0,0
1129,2024-12,3,99,1,0
1129,2025-01,8,256,3,0
1129,2025-02,5,170,1,1
1129,2025-03,2,61,0,0
1129,2025-04,7,161,1,0
1129,2025-05,5,152,1,0
1129,2025-06,1,32,0,1
1130,2025-01,7,175,0,0
1130,2025-02,4,,0,0
1130,2025-03,5,98,0,0
1130,2025-04,5,154,0,0
1130,2025-05,2,61,0,0
1130,2025-06,6,196,0,0
1131,2025-10,2,83,0,0
1131,2025-11,9,358,4,0
1131,2025-12,6,170,3,0
1132,2025-09,11,451,2,0
1132,2025-10,22,458,5,0
1132,2025-11,24,921,10,0
1132,2025-12,19,549,5,0
1133,2025-05,6,185,0,0
1133,2025-06,10,281,3,0
1133,2025-07,3,57,3,0
1133,2025-08,13,504,3,0
1133,2025-09,15,396,3,0
1133,2025-10,8,193,0,0
1133,2025-11,11,312,3,0
1133,2025-12,11,371,2,0
1134,2025-06,2,,1,0
1134,2025-07,3,117,1,0
1134,2025-08,7,232,7,0
1134,2025-09,3,96,0,0
1134,2025-10,5,90,3,0
1134,2025-11,4,131,1,0
1134,2025-12,4,146,1,0
1135,2025-08,4,125,0,0
1135,2025-09,1,26,0,0
1135,2025-10,2,53,0,0
1135,2025-11,5,111,0,0
1135,2025-12,5,152,0,0
1136,2025-06,3,78,0,0
1136,2025-07,5,113,4,0
1136,2025-08,9,240,6,1
1136,2025-09,5,106,0,1
1136,2025-10,3,91,0,1
1136,2025-11,8,248,2,0
1136,2025-12,6,128,0,1
1137,2024-11,4,92,0,0
1137,2024-12,1,40,0,0
1137,2025-01,1,39,0,0
1137,2025-02,5,125,0,0
1137,2025-03,1,39,0,0
1137,2025-04,8,195,0,0
1137,2025-05,4,134,0,0
1137,2025-06,8,200,0,0
1137,2025-07,3,99,0,0
1137,2025-08,2,80,0,0
1137,2025-09,4,94,0,0
1137,2025-10,4,80,0,0
1138,2025-09,9,297,0,0
1138,2025-10,12,277,0,0
1138,2025-11,13,394,0,1
1138,2025-12,24,683,0,0
1139,2025-02,2,59,0,0
1139,2025-03,3,73,0,0
1139,2025-04,7,162,0,0
1139,2025-05,4,93,0,0
1140,2025-01,2,72,0,0
1140,2025-02,0,0,0,0
1140,2025-03,0,0,0,0
1140,2025-04,1,19,1,0
1140,2025-05,0,0,0,0
1140,2025-06,1,25,1,0
1140,2025-07,2,74,1,0
1140,2025-08,0,0,0,0
1140,2025-09,0,0,0,0
1140,2025-10,0,0,0,0
1140,2025-11,0,0,0,0
1140,2025-12,1,27,0,0
1141,2024-09,0,0,0,0
1141,2024-10,0,0,0,0
1141,2024-11,2,75,0,0
1141,2024-12,2,61,0,0
1141,2025-01,2,,0,0
1141,2025-02,2,43,0,0
1141,2025-03,2,42,0,0
1141,2025-04,2,55,0,0
1141,2025-05,2,39,0,0
1141,2025-06,3,82,0,0
1141,2025-07,3,115,0,0
1141,2025-08,0,0,0,0
1141,2025-09,1,34,0,0
1141,2025-10,0,0,0,0
1141,2025-11,1,35,0,0
1141,2025-12,0,0,0,0
1142,2025-01,1,42,0,0
1142,2025-02,1,41,1,0
1142,2025-03,1,24,0,0
1142,2025-04,2,42,1,0
1142,2025-05,3,,1,1
1142,2025-06,2,58,1,0
1142,2025-07,0,0,0,0
1143,2025-02,4,124,0,0
1143,2025-03,3,59,0,0
1143,2025-04,0,0,0,0
1143,2025-05,1,34,0,0
1143,2025-06,3,65,0,0
1143,2025-07,1,26,0,0
1143,2025-08,0,0,0,0
1143,2025-09,1,27,0,1
1144,2025-01,1,24,0,0
1144,2025-02,0,0,0,1
1144,2025-03,1,39,0,0
1144,2025-04,6,235,5,0
1144,2025-05,3,99,1,0
1144,2025-06,2,62,0,0
1144,2025-07,3,104,0,0
1144,2025-08,4,98,0,0
1144,2025-09,3,103,0,0
1144,2025-10,3,67,1,0
1144,2025-11,0,0,0,0
1144,2025-12,0,0,0,0
1145,2025-09,1,34,0,0
1146,2025-10,5,108,1,0
1146,2025-11,2,65,0,0
1146,2025-12,3,62,2,1
1147,2025-02,2,44,1,0
1147,2025-03,3,114,0,0
1147,2025-04,1,26,0,0
1147,2025-05,0,0,0,0
1148,2024-10,6,154,0,0
1148,2024-11,2,61,0,0
1148,2024-12,5,191,0,0
1148,2025-01,7,191,0,0
1148,2025-02,4,119,0,0
1148,2025-03,7,285,0,0
1148,2025-04,4,159,0,0
1149,2025-08,6,220,0,0
1149,2025-09,3,77,0,1
1149,2025-10,10,191,3,0
1149,2025-11,8,259,2,0
1149,2025-12,8,300,5,0
1150,2025-06,0,0,0,1
1151,2024-07,1,33,1,0
1151,2024-08,6,159,1,0
1151,2024-09,5,125,3,0
1151,2024-10,9,323,4,0
1151,2024-11,4,143,3,0
1151,2024-12,4,138,2,0
1151,2025-01,2,53,0,1
1151,2025-02,6,190,1,0
1151,2025-03,7,186,6,0
1151,2025-04,8,280,4,0
1151,2025-05,7,136,3,0
1151,2025-06,9,371,7,0
1151,2025-07,0,0,0,0
1151,2025-08,7,131,3,1
1151,2025-09,4,97,5,1
1151,2025-10,2,56,1,0
1151,2025-11,3,108,0,1
1151,2025-12,5,209,3,0
1152,2025-04,3,93,0,0
1152,2025-05,2,71,0,0
1152,2025-06,1,30,0,0
1152,2025-07,0,0,0,0
1152,2025-08,2,81,0,0
1152,2025-09,4,74,0,1
1152,2025-10,2,,0,1
1152,2025-11,1,34,0,0
1152,2025-12,0,0,0,1
1153,2024-12,13,288,2,0
1153,2025-01,7,203,3,1
1153,2025-02,13,399,2,1
1153,2025-03,13,346,1,0
1153,2025-04,11,215,6,1
2983,2025-06,7,,2,0
1153,2025-05,9,228,1,0
1153,2025-06,7,206,1,0
1153,2025-07,9,369,3,0
1153,2025-08,7,271,2,1
1154,2025-09,1,29,0,1
1155,2025-02,1,23,0,0
1155,2025-03,5,104,2,0
1155,2025-04,3,125,2,0
1155,2025-05,1,32,0,0
1155,2025-06,0,0,0,1
1155,2025-07,1,27,0,2
1155,2025-08,2,82,2,0
1155,2025-09,0,0,0,0
1155,2025-10,1,36,0,0
1155,2025-11,0,0,0,0
1156,2025-10,1,32,0,0
1156,2025-11,5,96,0,0
1156,2025-12,1,37,0,0
1157,2025-07,2,72,0,0
1157,2025-08,4,76,0,1
1158,2025-08,7,129,0,0
1158,2025-09,8,163,0,0
1158,2025-10,8,312,0,0
1158,2025-11,7,250,0,0
1158,2025-12,3,107,0,0
1159,2025-04,1,34,0,0
1159,2025-05,0,0,0,0
1160,2025-10,14,347,0,0
1160,2025-11,7,237,0,0
1160,2025-12,5,206,0,0
1161,2025-03,2,78,0,0
1161,2025-04,3,89,0,0
1161,2025-05,6,173,0,0
1161,2025-06,3,,0,0
1161,2025-07,5,178,0,0
1161,2025-08,2,51,0,0
1161,2025-09,5,137,0,0
1161,2025-10,7,202,0,0
1161,2025-11,6,138,0,0
1161,2025-12,6,188,0,0
1162,2025-06,3,64,0,0
1162,2025-07,0,0,0,0
1163,2024-11,1,24,0,0
1163,2024-12,2,37,1,0
1163,2025-01,0,0,0,0
1163,2025-02,2,74,0,0
1163,2025-03,1,24,0,0
1163,2025-04,3,78,1,0
1163,2025-05,2,51,1,0
1163,2025-06,1,,1,0
1163,2025-07,1,35,0,0
1163,2025-08,2,82,0,0
1163,2025-09,0,0,0,0
1163,2025-10,0,0,0,1
1164,2025-10,4,158,3,0
1164,2025-11,7,177,2,0
1164,2025-12,4,156,0,0
1165,2024-11,4,106,1,0
1165,2024-12,8,,2,0
1165,2025-01,8,331,1,0
1165,2025-02,9,220,3,0
2946,2025-12,2,54,0,0
1165,2025-03,5,160,0,0
1165,2025-04,8,268,2,0
1165,2025-05,5,191,4,1
1165,2025-06,7,292,4,0
1165,2025-07,10,212,2,0
1165,2025-08,6,252,2,0
1165,2025-09,5,104,1,0
1165,2025-10,7,276,3,0
1165,2025-11,5,126,1,0
1165,2025-12,6,229,1,0
1166,2025-09,1,19,0,0
1166,2025-10,1,21,0,0
1166,2025-11,2,77,0,0
1166,2025-12,3,60,0,0
1167,2025-04,2,56,1,0
1167,2025-05,0,0,0,0
1167,2025-06,1,21,0,0
1168,2025-09,8,158,0,0
1168,2025-10,6,113,0,0
1168,2025-11,2,71,0,0
1169,2025-03,2,46,0,0
1169,2025-04,1,19,0,1
1169,2025-05,0,0,0,1
1169,2025-06,3,62,0,0
1169,2025-07,0,0,0,0
1169,2025-08,2,40,0,0
1169,2025-09,2,58,0,0
1169,2025-10,0,0,0,0
1169,2025-11,0,0,0,0
1169,2025-12,0,0,0,0
1170,2025-09,4,146,1,0
1170,2025-10,3,103,0,0
1170,2025-11,2,71,0,0
1170,2025-12,1,36,0,0
1171,2025-03,4,118,2,1
1171,2025-04,11,229,3,0
1171,2025-05,0,0,0,0
1171,2025-06,7,145,5,0
1171,2025-07,5,127,1,0
1171,2025-08,8,261,1,0
1171,2025-09,2,41,2,0
1171,2025-10,2,50,1,0
1171,2025-11,5,173,4,1
1171,2025-12,3,105,1,0
1172,2025-06,5,174,4,0
1172,2025-07,4,101,4,0
1172,2025-08,1,29,0,0
1173,2025-06,2,57,0,0
1173,2025-07,1,38,1,0
1173,2025-08,5,135,1,0
1173,2025-09,6,221,4,0
1173,2025-10,2,42,1,0
1173,2025-11,4,152,0,0
1173,2025-12,4,155,2,0
1174,2024-10,4,140,1,0
1174,2024-11,8,171,0,0
1174,2024-12,6,156,1,0
1174,2025-01,1,25,0,0
1175,2024-09,3,63,1,0
1175,2024-10,5,156,1,0
1175,2024-11,4,107,1,0
1175,2024-12,3,68,2,0
1175,2025-01,4,117,2,0
1175,2025-02,4,124,1,0
2346,2025-06,1,23,0,0
1175,2025-03,4,156,4,0
1175,2025-04,4,109,3,0
1175,2025-05,1,24,1,0
1175,2025-06,3,115,1,0
1175,2025-07,6,224,5,0
1175,2025-08,5,147,3,0
1175,2025-09,3,99,1,0
1175,2025-10,3,68,0,0
1175,2025-11,4,132,2,1
1175,2025-12,4,89,2,1
1176,2024-11,3,123,0,0
1176,2024-12,3,111,0,0
1176,2025-01,1,30,0,0
1176,2025-02,0,0,0,2
1176,2025-03,0,0,0,0
1176,2025-04,1,38,0,0
1176,2025-05,1,29,0,0
3476,2025-12,4,,0,0
1176,2025-06,2,55,0,1
1177,2025-05,10,245,3,0
1177,2025-06,4,122,0,0
1177,2025-07,4,153,2,0
1177,2025-08,4,105,0,0
1177,2025-09,11,320,5,0
1177,2025-10,3,103,0,0
1177,2025-11,3,59,1,1
1177,2025-12,9,347,2,0
1178,2024-08,8,248,0,0
1178,2024-09,4,122,0,1
1178,2024-10,5,191,0,0
1178,2024-11,2,56,0,1
1178,2024-12,4,98,0,0
1178,2025-01,4,168,0,1
1178,2025-02,8,328,0,0
1178,2025-03,9,334,0,1
1178,2025-04,6,,0,0
1178,2025-05,5,202,0,1
1178,2025-06,9,309,0,1
1178,2025-07,4,84,0,0
1178,2025-08,5,120,0,0
1178,2025-09,5,159,0,0
1178,2025-10,6,199,0,0
1178,2025-11,1,19,0,1
1178,2025-12,5,183,0,2
1179,2025-06,8,287,0,0
1180,2024-11,0,0,0,0
1180,2024-12,0,0,0,0
1180,2025-01,1,28,0,0
1180,2025-02,1,,0,0
1180,2025-03,0,0,0,0
1180,2025-04,0,0,0,0
1180,2025-05,1,42,0,1
1180,2025-06,1,26,0,2
1180,2025-07,0,0,0,0
1180,2025-08,1,27,0,0
1180,2025-09,0,0,0,2
1180,2025-10,0,0,0,3
1181,2025-03,0,0,0,0
1181,2025-04,1,38,0,0
1181,2025-05,0,0,0,0
1181,2025-06,2,78,0,0
1181,2025-07,2,61,0,0
1181,2025-08,1,21,0,0
1181,2025-09,1,38,0,0
1181,2025-10,0,0,0,0
1181,2025-11,2,65,0,0
1181,2025-12,1,34,0,0
1182,2025-05,2,40,0,0
1182,2025-06,3,59,0,0
1182,2025-07,5,209,0,1
1182,2025-08,3,94,0,0
1182,2025-09,2,57,0,0
1182,2025-10,1,35,0,0
1182,2025-11,3,74,0,0
1182,2025-12,1,30,0,0
1183,2025-07,9,294,4,2
1183,2025-08,7,243,1,0
1183,2025-09,6,132,4,0
1183,2025-10,9,339,6,0
1183,2025-11,9,290,6,0
1183,2025-12,7,278,3,0
1184,2024-10,2,65,0,0
1184,2024-11,3,56,0,0
1184,2024-12,3,88,0,0
1184,2025-01,3,114,0,0
1184,2025-02,2,55,0,1
1184,2025-03,2,50,0,0
1184,2025-04,2,79,0,0
1184,2025-05,3,122,0,2
1184,2025-06,3,120,0,0
1184,2025-07,0,0,0,1
1184,2025-08,0,0,0,0
1184,2025-09,3,99,0,0
1184,2025-10,0,0,0,2
1184,2025-11,1,31,0,0
1184,2025-12,1,40,0,0
1185,2025-01,4,90,2,1
1185,2025-02,4,100,4,0
1185,2025-03,7,254,2,0
1185,2025-04,2,76,2,0
1185,2025-05,6,162,3,1
1185,2025-06,3,124,1,0
1185,2025-07,4,91,3,0
1185,2025-08,4,134,6,0
1185,2025-09,5,100,3,0
1185,2025-10,3,71,2,0
1185,2025-11,3,113,1,0
1185,2025-12,2,50,1,0
1186,2025-01,2,71,0,0
1186,2025-02,3,119,0,0
1186,2025-03,5,185,1,0
1186,2025-04,3,59,2,0
1186,2025-05,1,36,0,0
1186,2025-06,0,0,0,0
1186,2025-07,1,33,0,0
1186,2025-08,2,82,0,1
1186,2025-09,0,0,0,0
1186,2025-10,1,30,0,0
1186,2025-11,0,0,0,0
1186,2025-12,0,0,0,0
1187,2025-10,2,76,0,0
1187,2025-11,5,127,0,0
1187,2025-12,11,415,0,0
1188,2024-11,2,64,0,0
1189,2025-07,5,200,5,1
1189,2025-08,3,112,0,0
1189,2025-09,0,0,0,0
1189,2025-10,3,,1,1
1189,2025-11,2,68,1,0
1189,2025-12,2,47,1,1
1190,2024-08,2,38,1,0
1190,2024-09,2,64,1,0
1190,2024-10,9,171,2,0
1190,2024-11,8,181,2,0
1190,2024-12,4,75,0,0
1190,2025-01,6,210,3,0
1190,2025-02,6,160,2,0
1190,2025-03,4,143,0,0
1190,2025-04,3,68,0,0
1190,2025-05,9,357,6,0
1190,2025-06,4,85,1,0
1191,2024-09,7,133,0,0
1191,2024-10,6,157,0,0
1191,2024-11,12,402,0,0
1191,2024-12,9,183,0,0
1191,2025-01,8,266,0,1
1191,2025-02,10,228,0,0
1191,2025-03,10,394,0,1
1191,2025-04,6,237,0,0
1191,2025-05,9,219,0,0
1191,2025-06,7,170,0,0
1191,2025-07,2,37,0,0
1191,2025-08,7,191,0,1
1191,2025-09,5,172,0,1
1191,2025-10,4,132,0,0
1191,2025-11,4,77,0,2
1191,2025-12,5,192,0,0
1192,2025-05,0,0,0,0
1192,2025-06,3,121,0,0
1192,2025-07,3,102,0,0
1192,2025-08,0,0,0,1
1193,2025-09,3,56,0,0
1193,2025-10,3,84,1,0
1194,2025-03,4,130,0,0
1194,2025-04,5,166,0,0
1194,2025-05,5,120,0,0
1194,2025-06,0,0,0,0
1194,2025-07,7,254,0,0
1194,2025-08,5,165,0,0
1194,2025-09,4,,0,0
1194,2025-10,9,294,0,0
1194,2025-11,8,,0,0
1194,2025-12,4,124,0,0
1195,2025-01,2,83,0,0
1195,2025-02,2,73,0,0
1195,2025-03,1,27,0,0
1195,2025-04,3,112,0,0
1195,2025-05,2,44,0,0
1195,2025-06,2,80,0,0
1195,2025-07,2,43,0,0
1195,2025-08,3,70,0,0
1195,2025-09,2,75,0,0
1195,2025-10,1,24,0,1
1196,2024-08,8,271,0,0
1196,2024-09,3,61,0,1
1196,2024-10,4,131,0,1
1196,2024-11,4,,0,0
1196,2024-12,3,57,0,1
1196,2025-01,5,209,0,0
1196,2025-02,1,32,0,1
1196,2025-03,2,62,0,0
1196,2025-04,5,143,0,0
1196,2025-05,4,109,0,0
1196,2025-06,4,144,0,0
1196,2025-07,6,,0,1
1197,2024-12,3,58,0,0
1197,2025-01,3,101,0,0
1197,2025-02,5,108,0,0
1197,2025-03,3,80,3,0
1197,2025-04,6,160,1,0
1197,2025-05,6,109,1,0
1197,2025-06,6,227,2,0
1197,2025-07,6,,2,0
1197,2025-08,7,188,1,0
1197,2025-09,5,143,0,1
1197,2025-10,3,78,0,0
1197,2025-11,3,113,0,0
1197,2025-12,2,65,0,0
1198,2025-10,0,0,0,0
1198,2025-11,1,39,0,0
1198,2025-12,0,0,0,0
1199,2025-06,2,81,0,0
1199,2025-07,4,90,0,0
1199,2025-08,4,101,0,0
1199,2025-09,1,35,0,0
1199,2025-10,5,200,0,0
1199,2025-11,3,115,0,0
1199,2025-12,2,49,0,0
1200,2024-09,8,190,0,0
1200,2024-10,5,159,0,0
1200,2024-11,5,92,0,0
1200,2024-12,6,124,0,0
1200,2025-01,4,161,0,0
1200,2025-02,2,49,0,0
1200,2025-03,7,235,0,0
1200,2025-04,8,297,0,0
1200,2025-05,3,86,0,0
1200,2025-06,4,140,0,0
1200,2025-07,5,96,0,1
1201,2025-10,20,769,7,0
1201,2025-11,25,1040,16,0
1201,2025-12,24,560,10,0
1202,2025-02,2,40,0,0
1202,2025-03,3,98,0,0
1202,2025-04,4,86,0,0
1202,2025-05,4,86,0,0
1202,2025-06,3,89,1,0
1202,2025-07,4,127,0,1
1202,2025-08,1,19,0,0
1202,2025-09,1,41,0,0
1202,2025-10,0,0,0,0
1202,2025-11,0,0,0,0
1202,2025-12,1,38,0,0
1203,2025-04,9,373,0,0
1204,2025-01,1,29,0,0
1204,2025-02,3,117,3,0
1204,2025-03,3,98,0,0
1204,2025-04,1,39,0,0
1205,2025-06,1,39,0,0
1206,2025-07,3,70,0,0
1206,2025-08,2,80,0,0
1206,2025-09,1,31,0,0
1207,2024-08,5,178,0,0
1208,2025-08,3,111,1,0
1208,2025-09,2,55,3,0
1208,2025-10,3,116,0,0
1208,2025-11,2,79,0,0
1208,2025-12,1,36,0,0
1209,2024-09,8,307,1,0
1209,2024-10,4,139,1,0
1209,2024-11,1,19,0,0
1209,2024-12,7,294,0,0
1209,2025-01,2,51,0,0
1209,2025-02,5,125,0,0
1209,2025-03,5,208,1,0
1209,2025-04,3,73,1,0
1209,2025-05,6,149,2,1
1209,2025-06,6,220,2,0
1209,2025-07,3,56,0,1
1209,2025-08,2,67,1,0
1209,2025-09,8,263,1,1
1209,2025-10,4,74,3,0
1209,2025-11,8,253,3,0
1209,2025-12,8,292,1,0
1210,2024-07,8,297,0,0
1210,2024-08,8,328,0,1
1210,2024-09,10,355,0,0
1210,2024-10,14,293,0,0
1210,2024-11,9,210,0,0
1210,2024-12,5,181,0,1
1210,2025-01,4,150,0,1
1210,2025-02,8,231,0,0
1210,2025-03,12,345,0,0
1210,2025-04,14,575,0,0
1210,2025-05,4,165,0,0
1210,2025-06,6,178,0,0
1210,2025-07,9,274,0,0
1210,2025-08,4,152,0,1
1210,2025-09,9,203,0,0
1210,2025-10,5,118,0,0
1210,2025-11,8,183,0,0
1210,2025-12,6,140,0,1
1211,2025-04,2,78,0,0
1211,2025-05,2,49,1,0
1211,2025-06,2,59,0,1
1211,2025-07,4,142,2,0
1211,2025-08,0,0,0,0
1211,2025-09,1,20,0,0
1211,2025-10,0,0,0,0
1211,2025-11,1,36,1,0
1211,2025-12,2,68,1,0
1212,2024-08,6,235,0,0
1212,2024-09,0,0,0,0
1212,2024-10,9,356,0,0
1212,2024-11,5,117,0,1
1212,2024-12,6,153,0,0
1212,2025-01,4,114,0,0
1212,2025-02,6,112,0,0
1212,2025-03,7,167,0,0
1212,2025-04,7,261,0,0
1212,2025-05,3,58,0,0
1212,2025-06,8,216,0,0
1212,2025-07,5,160,0,0
1212,2025-08,5,165,0,0
1212,2025-09,8,325,0,0
1212,2025-10,8,285,0,0
1212,2025-11,4,88,0,0
1212,2025-12,6,189,0,0
1213,2025-02,2,38,0,0
1213,2025-03,3,91,0,0
1213,2025-04,2,77,0,0
1213,2025-05,1,34,0,0
1213,2025-06,3,77,0,0
1213,2025-07,2,51,0,0
1213,2025-08,0,0,0,0
1214,2024-12,4,158,2,0
1214,2025-01,0,0,0,0
1215,2025-09,1,25,0,0
1215,2025-10,0,0,0,0
1215,2025-11,2,,0,0
1215,2025-12,2,55,0,0
1216,2025-02,7,216,0,0
1216,2025-03,4,79,0,0
1216,2025-04,6,221,0,0
1216,2025-05,5,125,0,0
1216,2025-06,2,77,0,0
1216,2025-07,4,125,0,0
1216,2025-08,3,68,0,0
1216,2025-09,6,192,0,0
1216,2025-10,7,256,0,1
1216,2025-11,4,94,0,0
1216,2025-12,5,111,0,0
1217,2024-07,6,219,1,0
1217,2024-08,6,206,2,0
1217,2024-09,5,143,1,0
1217,2024-10,3,113,1,0
1217,2024-11,3,124,1,0
1217,2024-12,8,255,3,0
1217,2025-01,6,114,0,0
1218,2025-03,0,0,0,0
1218,2025-04,3,,0,0
1218,2025-05,1,38,0,0
1219,2024-12,4,99,1,0
1219,2025-01,5,166,0,0
1219,2025-02,7,210,2,0
1219,2025-03,1,31,1,0
1219,2025-04,3,86,0,0
1219,2025-05,0,0,0,0
1220,2025-07,5,132,0,0
1220,2025-08,8,304,0,0
1220,2025-09,8,263,0,0
1220,2025-10,8,178,0,0
1220,2025-11,8,279,0,0
1220,2025-12,8,175,0,0
1221,2025-02,8,146,1,0
1221,2025-03,3,115,1,0
1221,2025-04,8,279,2,0
1221,2025-05,7,183,5,0
1221,2025-06,3,90,3,1
1221,2025-07,3,123,0,1
1221,2025-08,5,102,0,0
1221,2025-09,5,203,2,1
1221,2025-10,5,172,1,1
1221,2025-11,6,171,2,0
1221,2025-12,5,151,2,0
1222,2025-08,11,271,1,0
1222,2025-09,19,444,6,0
1222,2025-10,16,378,2,0
1222,2025-11,11,328,1,0
1222,2025-12,26,1044,7,0
1223,2025-05,3,64,2,0
1223,2025-06,2,63,0,0
1223,2025-07,3,66,0,0
1223,2025-08,0,0,0,0
1223,2025-09,1,38,0,0
1223,2025-10,1,28,0,0
1223,2025-11,0,0,0,0
1223,2025-12,1,26,0,0
1224,2024-11,10,404,0,0
1224,2024-12,7,179,0,0
1224,2025-01,4,127,0,0
2606,2025-09,4,108,0,0
1225,2025-01,1,30,1,0
1225,2025-02,2,80,0,0
1225,2025-03,1,20,2,0
1225,2025-04,5,132,1,0
1225,2025-05,1,33,1,0
1225,2025-06,0,0,0,0
1225,2025-07,0,0,0,0
1225,2025-08,0,0,0,0
1225,2025-09,1,34,0,0
1225,2025-10,2,41,3,1
1225,2025-11,1,,0,0
1225,2025-12,2,72,0,0
1226,2025-08,7,148,1,0
1226,2025-09,8,195,3,0
1226,2025-10,6,203,2,0
1226,2025-11,9,298,3,0
1227,2025-03,2,68,1,0
1227,2025-04,6,189,1,0
1227,2025-05,9,331,1,0
1227,2025-06,7,251,1,0
1227,2025-07,3,102,0,0
1227,2025-08,6,140,1,0
1227,2025-09,3,60,2,0
1227,2025-10,3,104,0,0
1228,2025-07,2,56,0,0
1228,2025-08,3,81,0,1
1228,2025-09,3,82,0,0
1228,2025-10,2,72,0,0
1228,2025-11,1,32,0,0
1228,2025-12,6,171,0,0
1229,2024-08,6,,1,0
1229,2024-09,12,337,6,1
1229,2024-10,3,63,2,0
1229,2024-11,9,322,8,0
1229,2024-12,3,81,1,0
1229,2025-01,6,153,3,0
1229,2025-02,8,288,0,0
1229,2025-03,16,385,5,0
1229,2025-04,12,318,0,1
1229,2025-05,9,318,2,0
1230,2024-10,7,264,1,0
1230,2024-11,5,139,2,0
1230,2024-12,5,192,1,0
1230,2025-01,9,372,6,0
1230,2025-02,4,121,4,0
1230,2025-03,5,202,1,0
1230,2025-04,5,94,1,0
1230,2025-05,5,92,3,0
1230,2025-06,8,304,2,0
1230,2025-07,9,377,4,0
1230,2025-08,6,223,2,0
1230,2025-09,4,136,2,0
1230,2025-10,5,90,1,0
1230,2025-11,2,42,0,0
1230,2025-12,9,200,5,0
1231,2025-07,2,51,0,0
1231,2025-08,8,289,2,0
1231,2025-09,0,0,0,0
1231,2025-10,2,46,0,0
1231,2025-11,1,30,0,0
1231,2025-12,3,116,0,0
1232,2025-09,3,99,2,0
1232,2025-10,5,105,4,0
1232,2025-11,5,194,2,0
1232,2025-12,1,32,0,0
1233,2025-07,6,248,4,0
1233,2025-08,11,289,2,0
1233,2025-09,4,85,4,0
1233,2025-10,8,259,2,0
1233,2025-11,5,135,0,0
1233,2025-12,5,136,2,0
1234,2025-09,1,24,0,0
1234,2025-10,0,0,0,0
1234,2025-11,1,24,0,0
1234,2025-12,1,37,0,0
1235,2024-08,4,164,0,0
1235,2024-09,5,155,0,0
1235,2024-10,2,48,0,0
1235,2024-11,9,289,0,0
1235,2024-12,12,388,0,0
1235,2025-01,10,196,0,0
1235,2025-02,3,70,0,1
1235,2025-03,3,73,0,2
1235,2025-04,5,157,0,1
1235,2025-05,4,106,0,1
1235,2025-06,7,289,0,0
1235,2025-07,1,28,0,1
1235,2025-08,4,94,0,3
3478,2025-01,5,191,2,0
1235,2025-09,6,247,0,0
1235,2025-10,4,133,0,1
1235,2025-11,5,175,0,0
1235,2025-12,3,60,0,0
1236,2024-08,3,88,0,0
1236,2024-09,0,0,0,0
1236,2024-10,3,119,0,0
1236,2024-11,0,0,0,0
1236,2024-12,2,43,0,0
1236,2025-01,1,34,0,0
1236,2025-02,0,0,0,0
1236,2025-03,0,0,0,0
1237,2025-07,0,0,0,0
1237,2025-08,2,40,0,0
1237,2025-09,3,62,0,0
1237,2025-10,1,39,0,0
1237,2025-11,0,0,0,0
1237,2025-12,3,71,0,0
1238,2024-11,0,0,0,1
1239,2025-08,7,224,0,0
1239,2025-09,4,127,0,0
1239,2025-10,3,98,0,0
1239,2025-11,5,158,0,0
1239,2025-12,6,230,0,0
1240,2025-01,6,113,0,0
1240,2025-02,4,146,0,0
1240,2025-03,8,197,0,0
1240,2025-04,0,0,0,0
1241,2024-12,1,26,0,0
1241,2025-01,0,0,0,0
1241,2025-02,3,57,0,0
1241,2025-03,0,0,0,0
1241,2025-04,1,20,0,0
1241,2025-05,2,68,0,0
1241,2025-06,2,67,0,0
1241,2025-07,0,0,0,0
1241,2025-08,0,0,0,0
1241,2025-09,0,0,0,0
1242,2025-01,2,71,0,0
1242,2025-02,1,36,0,0
1242,2025-03,1,20,0,0
1243,2025-04,1,41,0,0
1243,2025-05,6,150,0,0
1243,2025-06,3,85,0,0
1243,2025-07,2,59,0,0
1243,2025-08,3,104,0,0
1243,2025-09,3,89,0,1
1243,2025-10,1,39,0,0
1243,2025-11,1,21,0,3
1243,2025-12,2,72,0,1
1244,2025-04,1,,0,0
1245,2025-05,1,33,0,0
1245,2025-06,10,332,0,0
1245,2025-07,0,0,0,0
1245,2025-08,0,0,0,0
1245,2025-09,0,0,0,1
1245,2025-10,2,78,0,0
1245,2025-11,2,44,2,0
1245,2025-12,0,0,0,0
1246,2025-02,1,36,1,0
1246,2025-03,6,125,0,0
1246,2025-04,6,198,3,1
1246,2025-05,3,71,2,0
1246,2025-06,0,0,0,0
1246,2025-07,7,190,5,0
1246,2025-08,2,58,0,0
1246,2025-09,3,,3,0
1246,2025-10,6,112,1,0
1246,2025-11,6,203,3,0
1246,2025-12,4,93,1,0
1247,2025-09,2,50,0,0
1247,2025-10,2,83,1,0
1247,2025-11,2,53,0,0
1247,2025-12,1,29,0,0
1248,2025-08,1,18,0,1
1248,2025-09,5,92,0,0
1248,2025-10,4,96,1,0
1248,2025-11,0,0,0,0
1248,2025-12,1,35,0,0
1249,2025-07,2,56,0,0
1249,2025-08,2,62,0,0
1249,2025-09,0,,0,0
1249,2025-10,3,66,0,0
1250,2024-12,1,35,0,1
1250,2025-01,1,36,0,0
1250,2025-02,2,,0,0
1250,2025-03,2,75,0,0
1250,2025-04,0,0,0,1
1250,2025-05,0,0,0,0
1250,2025-06,1,20,0,0
1250,2025-07,1,34,0,0
1250,2025-08,1,30,0,0
1250,2025-09,0,0,0,0
1250,2025-10,0,0,0,0
1250,2025-11,1,34,0,0
1251,2025-02,12,479,0,0
1251,2025-03,17,307,0,0
1251,2025-04,16,517,0,1
1251,2025-05,10,184,0,0
1251,2025-06,15,273,0,0
1251,2025-07,12,470,0,1
1251,2025-08,10,241,0,0
1251,2025-09,14,427,0,0
1251,2025-10,8,187,0,0
1251,2025-11,14,334,0,2
1251,2025-12,12,474,0,0
1252,2025-10,3,71,0,0
1252,2025-11,1,28,0,0
1252,2025-12,2,57,0,0
1253,2024-11,9,339,0,0
1253,2024-12,10,321,0,0
1253,2025-01,14,332,0,0
1253,2025-02,11,347,0,0
1253,2025-03,15,270,0,0
1253,2025-04,15,364,0,0
1253,2025-05,11,375,0,0
1253,2025-06,12,384,0,1
1253,2025-07,14,351,0,1
1253,2025-08,8,161,0,0
1253,2025-09,17,605,0,0
1253,2025-10,16,338,0,1
1253,2025-11,18,710,0,0
1253,2025-12,11,328,0,1
1254,2025-09,7,142,0,0
1254,2025-10,8,171,4,0
1254,2025-11,6,134,1,0
1254,2025-12,4,100,1,0
1255,2024-09,6,151,0,0
1256,2024-12,11,346,1,0
1256,2025-01,11,300,0,1
1256,2025-02,8,284,2,0
1256,2025-03,12,469,3,1
1256,2025-04,13,297,6,0
1256,2025-05,11,216,6,0
1256,2025-06,8,291,0,0
1256,2025-07,18,540,3,0
1256,2025-08,8,205,3,0
1256,2025-09,15,460,5,0
1256,2025-10,14,479,2,0
1256,2025-11,10,418,2,0
1256,2025-12,10,200,1,0
1257,2025-04,0,0,0,0
1257,2025-05,2,47,1,0
1257,2025-06,4,93,2,0
1257,2025-07,2,41,0,0
1257,2025-08,1,26,0,0
1258,2025-10,1,29,0,0
1258,2025-11,3,121,2,0
1258,2025-12,7,164,3,0
1259,2025-03,9,177,0,0
1259,2025-04,6,132,0,0
1259,2025-05,17,706,0,0
1259,2025-06,13,521,0,1
1260,2024-11,17,553,4,0
1260,2024-12,18,676,9,0
1260,2025-01,9,275,1,0
1260,2025-02,19,449,5,0
1260,2025-03,16,406,2,0
1260,2025-04,9,175,1,0
1260,2025-05,16,556,3,0
1260,2025-06,14,453,7,0
1260,2025-07,8,177,2,0
1260,2025-08,15,531,3,0
1260,2025-09,13,454,3,0
1260,2025-10,11,428,7,0
1261,2025-05,0,0,0,0
1261,2025-06,3,97,1,0
1261,2025-07,1,33,0,0
1261,2025-08,2,64,0,0
1261,2025-09,0,0,0,1
1261,2025-10,1,30,1,0
1261,2025-11,5,146,0,0
1261,2025-12,0,0,0,0
1262,2025-10,3,125,0,1
1263,2024-07,1,29,0,0
1263,2024-08,3,106,0,0
1263,2024-09,1,20,0,0
1263,2024-10,2,52,0,0
1264,2025-02,5,95,0,1
1264,2025-03,2,79,0,0
1264,2025-04,6,117,0,0
1264,2025-05,3,115,0,0
1264,2025-06,7,261,0,0
1264,2025-07,6,209,0,0
1264,2025-08,12,498,0,0
1264,2025-09,4,88,0,0
1264,2025-10,4,132,0,0
1264,2025-11,6,238,0,0
1264,2025-12,3,73,0,0
1265,2024-10,2,59,0,0
1265,2024-11,2,82,0,0
1265,2024-12,0,0,0,1
1266,2025-07,1,23,0,0
1267,2025-07,5,95,0,0
1267,2025-08,3,95,0,0
1268,2025-07,2,46,0,0
1268,2025-08,0,0,0,0
1268,2025-09,2,39,0,0
1268,2025-10,2,51,0,0
1268,2025-11,3,104,0,0
1268,2025-12,2,67,0,1
1269,2025-10,4,113,0,0
1269,2025-11,4,125,0,0
1269,2025-12,2,84,0,0
1270,2025-07,3,65,2,0
1271,2025-06,0,0,0,0
1271,2025-07,2,78,1,0
1271,2025-08,3,57,2,0
1271,2025-09,1,39,2,0
1271,2025-10,0,0,0,0
1271,2025-11,1,31,1,0
1271,2025-12,3,118,1,0
1272,2025-08,1,,0,1
1273,2025-06,2,57,0,0
1273,2025-07,8,202,0,0
1273,2025-08,13,347,0,0
1273,2025-09,11,341,0,0
1273,2025-10,9,309,0,0
1273,2025-11,7,240,0,0
1273,2025-12,11,384,0,0
1274,2024-12,4,143,0,0
1274,2025-01,5,112,0,0
1274,2025-02,4,85,0,0
1274,2025-03,8,191,0,0
1275,2024-08,2,50,0,0
1275,2024-09,2,74,0,0
1275,2024-10,1,29,0,0
1275,2024-11,2,52,0,0
1275,2024-12,1,26,0,0
1275,2025-01,1,37,0,0
1275,2025-02,0,0,0,0
1275,2025-03,2,81,0,0
1275,2025-04,1,38,0,0
1275,2025-05,0,0,0,0
1275,2025-06,1,38,0,0
1275,2025-07,0,0,0,0
1276,2025-01,1,27,0,0
1276,2025-02,2,62,0,0
1276,2025-03,4,106,0,0
1276,2025-04,1,27,0,0
1276,2025-05,1,38,0,0
1276,2025-06,2,82,1,0
1276,2025-07,0,0,0,0
1276,2025-08,3,73,0,0
1276,2025-09,2,58,1,0
1277,2024-10,6,115,2,0
1277,2024-11,7,173,2,1
1277,2024-12,5,108,3,0
1277,2025-01,7,250,3,0
1277,2025-02,6,164,5,0
1277,2025-03,4,159,2,1
1277,2025-04,4,129,4,0
1277,2025-05,7,187,7,0
1277,2025-06,7,168,5,0
1277,2025-07,4,117,1,0
1277,2025-08,5,133,4,0
1277,2025-09,3,94,1,0
1278,2025-06,3,115,2,0
1278,2025-07,4,131,2,0
1278,2025-08,1,32,0,0
1278,2025-09,4,141,0,0
1278,2025-10,0,0,0,0
1278,2025-11,4,85,0,0
1278,2025-12,0,0,0,0
1279,2025-08,2,82,0,0
1279,2025-09,3,113,0,0
1279,2025-10,5,119,1,0
1279,2025-11,4,78,2,0
1279,2025-12,2,64,0,0
1280,2025-03,6,140,1,1
1280,2025-04,7,179,0,0
1280,2025-05,4,89,0,0
1280,2025-06,4,150,0,0
1280,2025-07,9,312,2,0
1280,2025-08,5,162,1,0
1280,2025-09,5,,1,0
1280,2025-10,7,198,2,0
1280,2025-11,8,254,1,0
1280,2025-12,7,219,2,0
1281,2025-07,0,0,0,0
1281,2025-08,2,73,0,0
1282,2025-05,2,47,1,0
1282,2025-06,3,94,0,0
1282,2025-07,2,51,2,0
1282,2025-08,1,26,0,0
1282,2025-09,3,77,0,0
1282,2025-10,1,39,0,0
1283,2025-03,1,23,0,0
1283,2025-04,5,125,1,0
1283,2025-05,2,74,0,0
1283,2025-06,1,37,0,1
1283,2025-07,6,235,4,0
1283,2025-08,5,210,2,0
1283,2025-09,1,38,0,0
1283,2025-10,2,44,0,0
1283,2025-11,9,330,3,0
1283,2025-12,4,127,0,0
1284,2025-10,6,218,1,0
1284,2025-11,4,112,3,0
1284,2025-12,2,61,1,0
1285,2025-01,2,82,3,0
1285,2025-02,4,126,2,0
1285,2025-03,2,56,0,0
1285,2025-04,3,119,0,0
1285,2025-05,4,119,1,0
1285,2025-06,4,98,1,0
1285,2025-07,0,0,0,0
1285,2025-08,1,25,0,0
1285,2025-09,2,69,0,0
1285,2025-10,2,84,0,0
1285,2025-11,0,0,0,0
1285,2025-12,0,0,0,0
1286,2025-01,4,163,0,1
1286,2025-02,2,76,0,0
1286,2025-03,1,32,0,1
1287,2025-08,5,90,2,0
1287,2025-09,12,,2,0
1287,2025-10,7,211,1,0
1287,2025-11,5,107,1,0
1287,2025-12,3,66,0,0
1288,2025-03,2,69,1,0
1288,2025-04,10,294,3,0
1288,2025-05,2,74,2,0
1288,2025-06,2,67,0,0
1288,2025-07,5,126,1,0
1288,2025-08,3,58,0,0
1288,2025-09,3,72,0,0
1288,2025-10,3,110,2,0
1288,2025-11,6,142,1,0
1288,2025-12,2,75,0,0
1289,2024-11,1,25,3,0
1290,2024-09,4,144,0,0
1291,2025-02,1,19,0,0
1292,2025-07,1,25,0,0
1292,2025-08,6,245,5,0
1292,2025-09,2,53,0,0
1292,2025-10,2,71,3,0
1292,2025-11,5,175,0,0
1292,2025-12,1,34,0,0
1293,2025-06,3,79,0,0
1293,2025-07,6,124,0,0
1293,2025-08,1,24,0,0
1293,2025-09,2,39,0,0
1293,2025-10,1,23,0,0
1294,2025-09,0,0,0,0
1294,2025-10,0,0,0,0
1294,2025-11,2,55,0,0
1294,2025-12,0,0,0,0
1295,2025-06,2,58,0,0
1295,2025-07,2,37,0,0
1295,2025-08,3,81,0,0
1295,2025-09,1,24,0,0
1295,2025-10,4,104,0,0
1295,2025-11,1,41,0,0
1295,2025-12,0,0,0,0
1296,2025-05,6,182,2,0
1296,2025-06,8,295,1,0
1296,2025-07,3,107,0,0
1296,2025-08,9,202,1,0
1296,2025-09,2,77,0,0
1296,2025-10,6,152,4,0
1296,2025-11,5,163,2,0
1296,2025-12,6,167,0,0
1297,2024-10,11,416,0,0
1297,2024-11,15,588,0,0
1297,2024-12,12,,0,0
1297,2025-01,6,190,0,0
1297,2025-02,10,355,0,0
1297,2025-03,5,120,0,0
1297,2025-04,5,182,0,1
1297,2025-05,10,303,0,0
1297,2025-06,13,284,0,0
1297,2025-07,9,305,0,0
1297,2025-08,13,268,0,0
1297,2025-09,13,519,0,0
1298,2025-06,0,0,0,0
1298,2025-07,1,24,0,0
1298,2025-08,3,65,1,0
1298,2025-09,0,0,0,0
1299,2025-03,5,205,0,0
1299,2025-04,4,122,0,0
1299,2025-05,3,88,0,0
1299,2025-06,2,73,0,0
1299,2025-07,4,135,0,0
1299,2025-08,1,33,0,1
1299,2025-09,4,121,0,1
1299,2025-10,3,115,0,0
1299,2025-11,2,71,0,1
1299,2025-12,0,0,0,0
1300,2025-07,6,196,4,0
1300,2025-08,12,336,2,0
1300,2025-09,10,254,3,0
1300,2025-10,9,370,1,0
1300,2025-11,14,570,5,0
1300,2025-12,8,299,2,0
1301,2025-02,9,189,5,0
1301,2025-03,9,267,5,0
1301,2025-04,4,85,1,1
1301,2025-05,13,235,8,0
1301,2025-06,7,211,3,2
1301,2025-07,7,292,3,1
1301,2025-08,4,166,3,2
1301,2025-09,10,242,4,1
1301,2025-10,7,278,2,3
1301,2025-11,7,265,1,2
1301,2025-12,5,103,3,0
1302,2025-09,0,0,0,0
1303,2024-10,2,84,0,0
1303,2024-11,2,40,2,0
1303,2024-12,3,54,0,0
1303,2025-01,0,0,0,0
1303,2025-02,0,0,0,0
1303,2025-03,1,40,2,0
1304,2025-08,5,111,1,0
1304,2025-09,6,146,3,0
1304,2025-10,4,89,0,0
1304,2025-11,2,64,0,0
1305,2024-11,0,0,0,0
1306,2024-07,3,93,0,0
1306,2024-08,0,0,0,0
1306,2024-09,2,78,0,0
1306,2024-10,0,0,0,0
1306,2024-11,0,0,0,0
1306,2024-12,1,25,0,0
1306,2025-01,2,81,0,0
1306,2025-02,1,29,0,0
1306,2025-03,1,40,0,0
1306,2025-04,3,102,0,0
1306,2025-05,4,142,0,0
1306,2025-06,1,,0,0
1307,2025-06,5,136,1,0
1307,2025-07,8,259,2,1
1307,2025-08,3,121,0,0
1307,2025-09,7,168,2,0
1307,2025-10,6,187,1,0
1307,2025-11,13,305,3,0
1307,2025-12,6,109,0,0
1308,2024-09,6,202,0,0
1308,2024-10,5,148,0,0
1308,2024-11,3,66,0,1
1308,2024-12,3,92,0,0
1308,2025-01,1,41,0,0
1308,2025-02,2,57,0,0
1308,2025-03,3,75,0,0
1308,2025-04,7,219,0,0
1308,2025-05,4,145,0,0
1308,2025-06,2,76,0,0
1309,2024-11,1,36,1,0
1309,2024-12,0,0,0,0
1309,2025-01,0,0,0,0
1309,2025-02,0,0,0,0
1309,2025-03,1,42,0,0
1309,2025-04,1,22,1,0
1309,2025-05,1,22,0,0
1309,2025-06,1,42,0,0
1309,2025-07,1,18,0,0
1309,2025-08,1,29,0,0
1310,2025-03,2,46,1,0
1310,2025-04,0,0,0,0
1310,2025-05,0,0,0,0
1310,2025-06,0,0,0,0
1311,2025-10,2,71,0,0
1311,2025-11,2,45,0,0
1311,2025-12,2,75,0,0
1312,2024-10,2,57,2,0
1312,2024-11,0,0,0,0
1312,2024-12,1,39,1,0
1312,2025-01,1,36,0,0
1312,2025-02,0,0,0,0
1312,2025-03,0,0,0,0
1312,2025-04,0,0,0,0
1312,2025-05,0,0,0,0
1312,2025-06,0,0,0,0
1312,2025-07,1,22,0,0
1312,2025-08,0,0,0,0
1312,2025-09,0,0,0,0
1313,2024-07,7,157,3,0
1313,2024-08,5,99,3,0
1313,2024-09,6,136,2,0
1313,2024-10,9,294,3,0
1313,2024-11,10,269,2,0
1313,2024-12,2,55,0,0
1313,2025-01,0,0,0,0
1313,2025-02,5,201,3,0
1314,2024-10,2,36,2,0
1314,2024-11,2,48,0,0
1314,2024-12,1,33,0,1
1314,2025-01,2,44,0,1
1314,2025-02,2,53,0,0
1314,2025-03,0,0,0,0
1314,2025-04,2,65,0,0
1314,2025-05,3,124,3,1
1314,2025-06,0,0,0,1
1314,2025-07,1,28,0,0
1314,2025-08,2,63,0,0
1314,2025-09,2,53,0,0
1314,2025-10,1,30,1,0
1314,2025-11,0,,0,0
1314,2025-12,1,32,0,0
1315,2025-07,0,0,0,0
1315,2025-08,1,25,0,0
1315,2025-09,1,,0,0
1315,2025-10,2,57,2,0
1315,2025-11,0,0,0,0
1315,2025-12,2,71,0,0
1316,2024-07,10,361,0,0
1316,2024-08,12,275,0,0
1316,2024-09,6,191,0,0
1316,2024-10,9,,0,1
1316,2024-11,9,204,0,0
1316,2024-12,12,338,0,0
1316,2025-01,6,230,0,0
1316,2025-02,9,308,0,0
1316,2025-03,7,134,0,0
1316,2025-04,5,154,0,0
1316,2025-05,7,225,0,0
1316,2025-06,2,58,0,0
1317,2024-09,2,45,2,0
1317,2024-10,1,27,1,0
1317,2024-11,3,62,3,1
1317,2024-12,0,0,0,1
1317,2025-01,0,0,0,0
1317,2025-02,2,44,0,0
1317,2025-03,0,0,0,0
1317,2025-04,0,0,0,0
1317,2025-05,1,30,0,0
1317,2025-06,1,23,0,0
1317,2025-07,0,0,0,0
1317,2025-08,0,0,0,0
1318,2024-09,7,223,0,0
1318,2024-10,13,347,0,0
1318,2024-11,14,329,0,0
1318,2024-12,18,418,0,0
1318,2025-01,15,607,0,0
1318,2025-02,17,464,0,0
1318,2025-03,11,420,0,0
1318,2025-04,15,600,0,1
1318,2025-05,17,670,0,0
1318,2025-06,16,415,0,0
1318,2025-07,8,173,0,2
1318,2025-08,11,216,0,1
1318,2025-09,16,534,0,0
1318,2025-10,18,441,0,0
1318,2025-11,16,314,0,0
1318,2025-12,11,433,0,0
1319,2025-03,0,0,0,0
1319,2025-04,1,34,0,0
1319,2025-05,2,73,0,0
1319,2025-06,4,131,0,0
1319,2025-07,0,0,0,0
1319,2025-08,1,40,0,0
1319,2025-09,0,0,0,0
1319,2025-10,1,25,0,0
1319,2025-11,4,83,0,1
1319,2025-12,0,0,0,0
1320,2024-08,2,81,3,0
1320,2024-09,3,58,1,0
1320,2024-10,6,244,2,1
1320,2024-11,5,110,0,0
1320,2024-12,0,0,0,0
1320,2025-01,5,154,1,0
1320,2025-02,0,0,0,0
1320,2025-03,2,54,2,1
1320,2025-04,1,35,0,0
1320,2025-05,1,36,0,0
1320,2025-06,4,122,2,0
1320,2025-07,0,0,0,0
1321,2025-03,2,47,1,0
1321,2025-04,4,102,0,0
1321,2025-05,2,49,0,0
1321,2025-06,1,29,0,0
1321,2025-07,3,82,0,1
1321,2025-08,1,30,1,1
1321,2025-09,2,47,0,1
1321,2025-10,0,0,0,0
1321,2025-11,2,39,1,1
1321,2025-12,1,32,0,1
1322,2025-04,3,111,0,0
1322,2025-05,0,0,0,0
1322,2025-06,1,33,0,0
1322,2025-07,3,100,0,0
1322,2025-08,1,42,0,0
1322,2025-09,1,41,0,0
1322,2025-10,1,37,0,0
1322,2025-11,3,96,0,0
1323,2024-09,7,236,0,0
1323,2024-10,7,207,0,0
1323,2024-11,4,80,0,0
1323,2024-12,6,190,0,0
1323,2025-01,8,287,0,1
1323,2025-02,9,199,0,0
1323,2025-03,5,180,0,0
1323,2025-04,4,98,0,0
1323,2025-05,10,335,0,0
1323,2025-06,2,74,0,0
1323,2025-07,7,226,0,0
1323,2025-08,4,93,0,0
1323,2025-09,4,133,0,0
1323,2025-10,4,96,0,0
1323,2025-11,7,191,0,0
1323,2025-12,5,147,0,0
1324,2024-12,3,95,1,0
1324,2025-01,1,36,0,0
1324,2025-02,0,0,0,0
1324,2025-03,1,35,0,0
1324,2025-04,3,113,0,0
1324,2025-05,4,141,2,0
1324,2025-06,1,21,0,0
1324,2025-07,1,33,0,0
1324,2025-08,0,0,0,0
1324,2025-09,0,0,0,0
1324,2025-10,0,0,0,1
1324,2025-11,1,19,0,1
1325,2024-07,4,99,1,1
1325,2024-08,5,183,0,0
1325,2024-09,6,221,0,0
1325,2024-10,5,182,1,0
2391,2025-05,1,25,0,0
1325,2024-11,6,250,2,0
1325,2024-12,2,51,1,0
1325,2025-01,6,,1,0
1325,2025-02,4,136,0,0
1325,2025-03,3,111,0,0
1325,2025-04,3,65,1,1
1325,2025-05,4,142,0,0
1325,2025-06,3,90,0,2
1325,2025-07,6,234,3,0
1325,2025-08,2,49,2,1
1326,2025-02,3,62,1,0
1326,2025-03,5,91,2,0
1326,2025-04,3,119,0,0
1326,2025-05,5,177,1,0
1326,2025-06,2,49,1,0
1326,2025-07,4,99,0,2
1326,2025-08,4,133,3,0
1326,2025-09,4,136,1,0
1326,2025-10,2,42,0,0
1326,2025-11,6,213,2,0
1326,2025-12,2,76,0,0
1327,2025-10,4,,0,0
1328,2024-11,0,0,0,0
1328,2024-12,2,60,2,0
1328,2025-01,0,0,0,0
1328,2025-02,0,0,0,0
1328,2025-03,2,80,0,0
1328,2025-04,1,29,0,0
1328,2025-05,2,38,0,0
1328,2025-06,0,0,0,0
1328,2025-07,0,0,0,0
1328,2025-08,2,61,0,0
1329,2025-08,5,155,4,0
1330,2024-07,8,230,6,0
1330,2024-08,11,358,4,1
1330,2024-09,5,154,2,0
1330,2024-10,13,404,4,0
1330,2024-11,4,142,4,0
1330,2024-12,8,174,2,0
1330,2025-01,8,301,3,0
1330,2025-02,4,104,1,0
1330,2025-03,9,231,7,0
1330,2025-04,7,144,1,0
1330,2025-05,12,236,6,0
1330,2025-06,3,96,1,0
1330,2025-07,5,135,4,0
1330,2025-08,2,78,1,0
1330,2025-09,6,223,2,0
1330,2025-10,7,247,1,0
1330,2025-11,6,225,3,0
1330,2025-12,7,143,2,1
1331,2025-03,1,29,0,0
1331,2025-04,5,124,2,0
1331,2025-05,1,,2,0
1331,2025-06,2,61,1,0
1331,2025-07,2,73,0,0
1331,2025-08,2,54,1,0
1331,2025-09,2,51,0,0
1331,2025-10,0,0,0,0
1331,2025-11,1,24,1,1
1331,2025-12,0,0,0,0
1332,2024-10,1,26,0,0
1332,2024-11,4,106,1,1
1333,2025-04,2,68,0,0
1333,2025-05,7,274,0,0
1333,2025-06,9,321,0,0
1333,2025-07,2,63,0,0
1333,2025-08,3,84,0,0
1333,2025-09,4,129,0,0
1333,2025-10,7,271,0,0
1333,2025-11,7,270,0,0
1333,2025-12,8,238,0,0
1334,2025-09,22,774,3,0
1334,2025-10,13,512,3,0
1334,2025-11,15,405,6,0
1334,2025-12,19,430,11,0
1335,2024-11,1,22,0,0
1335,2024-12,3,59,0,0
1335,2025-01,0,0,0,0
1335,2025-02,3,93,0,0
1335,2025-03,2,51,0,1
1335,2025-04,3,85,0,0
1335,2025-05,1,29,0,0
1335,2025-06,0,0,0,0
1335,2025-07,3,94,0,0
1335,2025-08,0,0,0,1
1335,2025-09,2,54,0,0
1335,2025-10,0,0,0,0
1335,2025-11,0,0,0,0
1335,2025-12,0,0,0,0
1336,2025-05,0,0,0,0
1336,2025-06,4,106,0,0
1336,2025-07,2,52,1,0
1336,2025-08,3,57,0,0
1336,2025-09,2,61,0,0
1336,2025-10,4,155,1,0
1336,2025-11,0,0,0,0
1336,2025-12,1,25,0,0
1337,2024-07,1,32,1,1
1337,2024-08,4,145,0,0
1337,2024-09,4,162,0,0
1337,2024-10,6,144,3,0
1337,2024-11,2,43,1,0
1337,2024-12,2,58,0,0
1337,2025-01,1,31,0,1
1337,2025-02,0,0,0,0
1337,2025-03,2,59,0,0
1337,2025-04,2,70,0,0
1337,2025-05,1,27,0,1
1338,2025-10,1,39,0,0
1338,2025-11,0,0,0,0
1338,2025-12,2,52,2,0
1339,2025-03,10,330,2,0
1339,2025-04,6,130,3,0
1339,2025-05,7,276,2,0
1339,2025-06,6,113,1,0
1339,2025-07,3,61,0,0
1339,2025-08,8,233,2,0
1339,2025-09,6,192,3,0
1339,2025-10,6,211,3,0
1339,2025-11,4,151,3,0
1339,2025-12,7,284,1,0
1340,2024-11,18,614,2,0
1340,2024-12,26,862,6,0
1340,2025-01,11,347,2,0
1340,2025-02,19,796,3,0
1340,2025-03,20,489,5,0
1340,2025-04,19,628,2,0
1340,2025-05,11,439,4,0
1340,2025-06,14,526,0,0
1340,2025-07,21,646,4,0
1340,2025-08,18,502,2,0
1340,2025-09,14,323,2,0
1340,2025-10,11,305,3,0
1340,2025-11,11,424,3,0
1340,2025-12,19,442,5,0
1341,2025-02,3,92,1,1
1341,2025-03,5,94,2,0
1341,2025-04,5,124,3,0
1341,2025-05,1,27,0,1
1341,2025-06,2,72,1,0
1341,2025-07,2,64,1,0
1341,2025-08,0,0,0,0
1341,2025-09,1,20,0,1
1341,2025-10,1,40,1,0
1341,2025-11,1,24,0,0
1341,2025-12,2,80,0,0
1342,2025-04,11,,3,0
1342,2025-05,13,287,6,0
1342,2025-06,12,369,6,1
1342,2025-07,12,388,8,0
1342,2025-08,10,260,4,0
1342,2025-09,6,214,4,0
1342,2025-10,4,163,1,0
1342,2025-11,12,433,7,1
1342,2025-12,5,149,0,2
1343,2025-08,2,63,0,0
1343,2025-09,1,37,0,0
1343,2025-10,0,0,0,0
1343,2025-11,0,0,0,0
1344,2025-04,12,398,0,1
1344,2025-05,5,199,0,0
1344,2025-06,4,100,0,0
1344,2025-07,5,107,0,0
1344,2025-08,5,186,0,0
1344,2025-09,4,105,0,0
1344,2025-10,7,,0,0
1344,2025-11,4,118,0,0
1344,2025-12,5,146,0,0
1345,2024-11,3,122,0,0
1345,2024-12,3,112,0,0
1345,2025-01,6,159,0,0
1345,2025-02,3,84,0,0
1345,2025-03,3,108,0,0
1345,2025-04,1,38,0,0
1345,2025-05,7,239,0,0
1345,2025-06,4,113,0,0
1345,2025-07,5,195,0,0
1345,2025-08,7,292,0,0
1345,2025-09,3,70,0,0
1345,2025-10,2,68,0,0
1345,2025-11,2,53,0,0
1345,2025-12,4,99,0,0
1346,2025-01,2,72,0,0
1346,2025-02,2,39,0,0
1346,2025-03,1,27,0,0
1346,2025-04,3,90,0,0
1346,2025-05,2,51,0,0
1346,2025-06,0,0,0,2
1346,2025-07,2,83,0,0
1346,2025-08,0,,0,0
1346,2025-09,1,34,0,0
1346,2025-10,0,0,0,0
1346,2025-11,0,0,0,1
1346,2025-12,1,40,0,0
1347,2024-09,4,104,0,0
1347,2024-10,10,297,2,0
1347,2024-11,8,290,1,0
1347,2024-12,10,226,3,0
1347,2025-01,3,91,1,1
1347,2025-02,7,214,1,0
1347,2025-03,5,141,4,1
1347,2025-04,4,119,3,0
1347,2025-05,9,167,1,1
1347,2025-06,2,71,0,2
1347,2025-07,15,368,4,1
1347,2025-08,5,90,0,0
1347,2025-09,10,236,2,1
1347,2025-10,5,165,1,0
1347,2025-11,8,212,2,0
1347,2025-12,8,269,1,0
1348,2024-12,4,75,0,0
1348,2025-01,1,38,0,0
1348,2025-02,2,55,0,1
1348,2025-03,6,226,0,0
1349,2025-02,2,80,0,0
1349,2025-03,2,50,0,0
1349,2025-04,0,0,0,0
1349,2025-05,1,37,0,0
1349,2025-06,1,20,0,0
1349,2025-07,0,0,0,0
1350,2025-08,6,215,0,0
1350,2025-09,1,35,0,0
1350,2025-10,4,161,0,0
1350,2025-11,1,25,0,0
1350,2025-12,0,0,0,1
1351,2024-08,1,37,0,0
1351,2024-09,1,26,0,0
1351,2024-10,2,44,0,0
1351,2024-11,5,200,0,0
1351,2024-12,2,69,0,0
1351,2025-01,5,134,0,1
1351,2025-02,1,25,0,0
1351,2025-03,6,202,0,0
1351,2025-04,3,108,0,1
1351,2025-05,2,65,0,0
1351,2025-06,0,0,0,0
1351,2025-07,1,36,0,0
1351,2025-08,1,39,0,0
1351,2025-09,0,0,0,0
1351,2025-10,0,0,0,1
1351,2025-11,0,0,0,1
1351,2025-12,0,0,0,2
1352,2024-12,6,204,0,1
1352,2025-01,8,232,0,0
1352,2025-02,5,194,0,1
1352,2025-03,3,107,0,0
1352,2025-04,5,194,0,1
1352,2025-05,5,,0,1
1352,2025-06,2,73,0,0
1352,2025-07,7,269,0,0
1352,2025-08,5,182,0,0
1352,2025-09,9,343,0,0
1352,2025-10,5,124,0,0
1352,2025-11,4,135,0,0
1352,2025-12,2,47,0,0
1353,2024-12,2,42,0,0
1353,2025-01,3,66,0,0
1353,2025-02,4,145,0,0
1353,2025-03,3,83,0,1
1353,2025-04,4,105,0,0
1353,2025-05,2,40,0,0
1353,2025-06,1,35,0,1
1353,2025-07,2,66,0,0
1353,2025-08,0,0,0,1
1353,2025-09,2,,0,0
1354,2025-10,5,139,0,0
1354,2025-11,7,199,0,1
1354,2025-12,1,18,0,0
1355,2025-05,2,67,0,1
1355,2025-06,0,0,0,1
1356,2024-11,3,95,0,0
1356,2024-12,3,88,0,0
1356,2025-01,2,76,0,0
1356,2025-02,1,19,0,0
1356,2025-03,2,49,0,0
1356,2025-04,0,0,0,1
1356,2025-05,0,0,0,0
1356,2025-06,3,104,0,1
1356,2025-07,0,0,0,0
1356,2025-08,2,84,0,1
1356,2025-09,0,0,0,0
1356,2025-10,1,20,0,0
1357,2025-07,9,176,5,0
1357,2025-08,10,313,2,0
1357,2025-09,17,,7,0
1357,2025-10,9,283,3,0
1357,2025-11,7,242,3,0
1357,2025-12,14,449,3,0
1358,2025-08,11,344,4,0
1358,2025-09,12,,5,0
1358,2025-10,11,315,1,0
1358,2025-11,7,168,2,0
1358,2025-12,10,218,0,0
1359,2025-03,5,153,0,0
1359,2025-04,0,0,0,0
1359,2025-05,2,49,0,1
1359,2025-06,2,42,0,0
1359,2025-07,3,86,0,0
1359,2025-08,0,0,0,0
1359,2025-09,3,59,0,0
1359,2025-10,2,49,0,0
1359,2025-11,1,37,0,0
1359,2025-12,0,0,0,0
1360,2024-11,7,203,0,0
1360,2024-12,3,83,0,0
1360,2025-01,8,159,0,0
1360,2025-02,6,226,0,0
1360,2025-03,6,131,0,0
1361,2025-03,3,58,2,0
1362,2024-11,7,259,1,1
1362,2024-12,3,64,0,0
1362,2025-01,4,,0,0
1362,2025-02,5,189,1,1
1362,2025-03,10,342,1,2
1362,2025-04,12,431,3,1
1362,2025-05,10,203,1,0
1362,2025-06,10,286,1,0
1362,2025-07,6,131,0,0
1362,2025-08,9,341,3,0
1363,2024-07,0,0,0,1
1364,2025-07,1,27,0,0
1364,2025-08,3,96,1,0
1364,2025-09,2,55,0,0
1364,2025-10,3,106,0,0
1364,2025-11,1,35,0,0
1364,2025-12,2,76,0,0
1365,2024-09,0,0,0,0
1365,2024-10,1,22,2,0
1365,2024-11,0,0,0,0
1365,2024-12,2,55,2,0
1365,2025-01,2,74,1,0
1365,2025-02,0,0,0,0
1365,2025-03,0,0,0,0
1365,2025-04,0,0,0,1
1366,2025-08,4,104,2,0
1366,2025-09,4,148,3,0
1366,2025-10,1,39,1,0
1366,2025-11,1,35,1,0
1366,2025-12,4,143,1,0
1367,2025-01,5,144,0,0
1367,2025-02,4,100,0,0
1367,2025-03,3,112,0,0
1367,2025-04,3,85,0,0
1367,2025-05,3,112,0,0
1367,2025-06,6,176,0,0
1367,2025-07,6,116,0,0
1367,2025-08,4,103,0,0
1367,2025-09,5,173,0,0
1367,2025-10,5,151,0,0
1367,2025-11,0,0,0,0
1367,2025-12,2,71,0,0
1368,2024-12,0,0,0,0
1368,2025-01,6,230,0,0
1368,2025-02,7,287,3,0
1368,2025-03,5,103,1,0
1368,2025-04,3,97,0,0
1368,2025-05,5,171,1,0
1368,2025-06,7,222,3,0
1368,2025-07,4,144,2,0
1368,2025-08,6,111,2,0
1368,2025-09,5,202,0,0
1368,2025-10,9,241,1,0
1368,2025-11,5,206,2,0
1368,2025-12,6,118,1,0
1369,2025-06,3,98,0,0
1369,2025-07,4,140,1,0
1369,2025-08,3,106,0,0
1369,2025-09,6,135,2,0
1369,2025-10,2,41,1,1
1369,2025-11,5,157,2,0
1369,2025-12,3,117,1,0
1370,2025-02,4,141,0,0
1371,2025-04,1,24,0,0
1371,2025-05,2,41,0,0
1371,2025-06,1,35,0,1
1371,2025-07,5,182,0,0
1371,2025-08,3,112,0,0
1371,2025-09,3,109,0,0
1371,2025-10,3,98,0,0
1371,2025-11,4,166,0,0
1371,2025-12,7,284,0,0
1372,2025-09,1,31,1,0
1372,2025-10,1,39,0,0
1372,2025-11,1,18,0,0
1373,2024-10,4,93,0,0
1373,2024-11,3,126,0,0
1373,2024-12,3,75,0,0
1374,2024-09,5,179,0,0
1374,2024-10,3,101,0,0
1374,2024-11,6,126,0,0
1374,2024-12,3,73,0,0
1374,2025-01,3,65,0,0
1374,2025-02,4,109,0,0
1374,2025-03,3,61,0,0
1374,2025-04,1,20,0,0
1374,2025-05,2,51,0,0
1374,2025-06,4,106,0,0
1374,2025-07,5,155,0,0
1374,2025-08,5,201,0,0
1374,2025-09,3,107,0,0
1374,2025-10,1,22,0,0
1374,2025-11,2,80,0,0
1374,2025-12,3,83,0,0
1375,2025-04,3,83,1,0
1375,2025-05,1,20,0,0
1376,2024-09,8,322,5,0
1376,2024-10,11,451,4,0
1376,2024-11,10,317,0,0
1376,2024-12,11,212,2,0
1376,2025-01,10,248,6,0
1376,2025-02,5,106,0,0
1376,2025-03,7,246,3,0
1376,2025-04,10,400,6,0
1376,2025-05,11,382,1,0
1376,2025-06,8,311,0,0
1376,2025-07,6,216,3,0
1376,2025-08,8,236,1,0
1376,2025-09,12,321,4,0
1376,2025-10,4,98,0,0
1376,2025-11,11,423,3,1
1376,2025-12,6,202,3,0
1377,2024-09,3,98,0,0
1378,2025-10,4,82,0,0
1378,2025-11,2,74,0,0
1378,2025-12,3,111,0,0
1379,2025-09,1,40,0,0
1379,2025-10,1,36,0,0
1379,2025-11,3,98,0,0
1379,2025-12,4,109,1,1
1380,2025-06,7,218,0,0
1380,2025-07,9,374,5,0
1380,2025-08,9,168,1,0
1380,2025-09,8,260,5,0
1380,2025-10,7,158,2,0
1380,2025-11,7,166,4,0
1380,2025-12,6,152,4,0
1381,2025-04,0,0,0,0
1381,2025-05,0,0,0,0
1381,2025-06,1,31,0,0
1381,2025-07,0,0,0,0
1381,2025-08,0,0,0,0
1381,2025-09,0,0,0,1
1381,2025-10,0,0,0,0
1381,2025-11,1,24,0,0
1381,2025-12,0,0,0,0
1382,2025-01,4,94,0,0
1382,2025-02,5,177,0,0
1382,2025-03,3,95,0,0
1382,2025-04,0,0,0,0
1382,2025-05,2,51,0,1
1382,2025-06,4,105,0,0
1382,2025-07,1,18,0,0
1382,2025-08,0,0,0,0
1367,2025-07,6,116,0,0
1382,2025-09,1,42,0,0
1382,2025-10,2,48,0,0
1382,2025-11,2,73,0,0
1382,2025-12,2,39,0,0
1383,2025-06,4,142,1,0
1383,2025-07,2,57,0,0
1383,2025-08,4,128,1,0
1383,2025-09,2,65,0,0
1383,2025-10,4,98,2,0
1383,2025-11,1,33,0,0
1383,2025-12,0,0,0,0
1384,2024-09,2,65,0,0
1384,2024-10,1,32,0,0
1384,2024-11,2,62,0,0
1384,2024-12,0,0,0,0
1384,2025-01,0,0,0,0
1384,2025-02,1,27,0,0
1384,2025-03,1,21,0,0
1384,2025-04,1,24,0,0
1385,2025-01,2,75,0,0
1385,2025-02,2,37,0,0
1385,2025-03,3,115,0,0
1385,2025-04,8,161,0,0
1385,2025-05,2,63,0,1
1385,2025-06,3,54,0,0
1385,2025-07,2,45,0,0
1385,2025-08,6,236,0,1
1385,2025-09,2,53,0,2
1385,2025-10,6,178,0,0
1385,2025-11,3,59,0,1
1385,2025-12,5,120,0,0
1386,2025-06,0,0,0,0
1386,2025-07,0,0,0,0
1386,2025-08,2,72,0,0
1386,2025-09,0,0,0,0
1386,2025-10,2,58,0,0
1386,2025-11,0,0,0,0
1386,2025-12,1,37,0,0
1387,2025-06,8,264,0,1
1387,2025-07,10,193,0,0
1387,2025-08,13,358,0,0
1387,2025-09,11,247,0,0
1387,2025-10,13,389,0,0
1387,2025-11,15,409,0,0
1387,2025-12,9,269,0,0
1388,2025-07,1,18,1,1
1389,2025-09,1,31,0,0
1389,2025-10,8,272,2,0
1389,2025-11,2,78,0,0
1389,2025-12,7,276,3,0
1390,2025-02,7,161,0,0
1390,2025-03,6,124,1,0
1390,2025-04,7,273,1,0
1390,2025-05,5,147,0,0
1390,2025-06,5,132,1,0
1390,2025-07,6,169,2,0
1390,2025-08,5,94,1,0
1390,2025-09,5,160,0,0
1390,2025-10,4,93,2,0
1390,2025-11,3,65,0,0
1390,2025-12,4,92,2,1
1391,2025-08,9,,0,0
1391,2025-09,9,252,0,0
1391,2025-10,11,404,0,0
1391,2025-11,10,250,0,0
1391,2025-12,11,301,0,0
1392,2025-09,4,99,0,0
1541,2025-05,6,251,0,0
1392,2025-10,6,205,2,0
1392,2025-11,7,236,1,0
1392,2025-12,6,250,1,0
1393,2025-04,2,52,1,0
1393,2025-05,0,0,0,0
1393,2025-06,0,0,0,0
1394,2025-09,3,124,2,0
1394,2025-10,1,20,0,0
1395,2024-09,7,212,1,0
1395,2024-10,5,170,2,0
1395,2024-11,8,290,3,0
1395,2024-12,3,96,1,1
1395,2025-01,3,70,0,0
1395,2025-02,5,180,0,0
1395,2025-03,3,119,0,0
1395,2025-04,5,144,0,1
1395,2025-05,8,313,0,0
1395,2025-06,3,63,0,0
1395,2025-07,2,58,1,0
1395,2025-08,7,236,0,0
1395,2025-09,5,100,1,0
1395,2025-10,5,96,1,0
1395,2025-11,5,104,1,1
1395,2025-12,7,135,2,0
1396,2024-09,2,54,0,0
1396,2024-10,3,61,0,0
1396,2024-11,2,52,0,0
1396,2024-12,1,35,0,0
1397,2025-05,5,145,0,0
1397,2025-06,10,269,1,0
1398,2025-10,14,425,10,0
1398,2025-11,12,288,5,0
1398,2025-12,6,238,0,0
1399,2024-11,8,330,0,0
1399,2024-12,9,342,0,0
1399,2025-01,7,205,0,0
1399,2025-02,12,253,0,0
1399,2025-03,9,311,0,0
1399,2025-04,13,518,0,0
1399,2025-05,15,503,0,0
1399,2025-06,8,240,0,0
1399,2025-07,12,338,0,0
1399,2025-08,14,303,0,0
1399,2025-09,8,148,0,0
1399,2025-10,2,61,0,0
1399,2025-11,10,312,0,1
1399,2025-12,11,263,0,0
1400,2025-08,15,573,0,0
1400,2025-09,6,221,0,0
1400,2025-10,11,345,0,0
1400,2025-11,12,251,0,0
1400,2025-12,6,111,0,0
1401,2025-03,2,73,3,0
1401,2025-04,1,26,0,0
1401,2025-05,2,43,1,0
1401,2025-06,1,18,2,1
1401,2025-07,2,54,2,0
1401,2025-08,2,71,1,0
1401,2025-09,2,68,0,0
1401,2025-10,1,20,0,0
1401,2025-11,2,40,1,0
1401,2025-12,1,26,0,0
1402,2024-09,5,151,3,0
1402,2024-10,6,189,0,0
1402,2024-11,11,228,6,0
1402,2024-12,10,204,8,0
1402,2025-01,10,311,3,0
1402,2025-02,10,,4,0
1402,2025-03,4,166,3,0
1402,2025-04,14,400,8,0
1402,2025-05,6,206,2,0
1402,2025-06,11,254,2,0
1402,2025-07,7,169,3,0
1402,2025-08,8,168,4,0
1402,2025-09,3,94,0,0
1402,2025-10,6,179,1,0
1402,2025-11,2,74,1,0
1402,2025-12,7,239,2,0
1403,2025-06,3,122,0,0
1403,2025-07,3,65,0,0
1403,2025-08,4,96,0,0
1403,2025-09,2,64,0,0
1403,2025-10,3,79,0,0
1404,2024-09,2,61,0,0
1404,2024-10,1,33,0,0
1404,2024-11,4,111,0,0
1404,2024-12,2,69,0,0
1404,2025-01,0,0,0,0
1404,2025-02,2,36,0,1
1404,2025-03,1,28,0,0
1404,2025-04,0,0,0,0
1404,2025-05,2,38,0,0
1404,2025-06,2,58,0,0
1404,2025-07,1,42,0,0
1404,2025-08,1,30,0,0
1405,2024-11,3,124,0,0
1405,2024-12,3,81,0,0
1405,2025-01,3,61,1,0
1405,2025-02,3,91,2,0
1405,2025-03,0,0,0,0
1405,2025-04,3,93,0,0
1405,2025-05,1,32,0,0
1405,2025-06,1,31,0,0
1405,2025-07,1,33,0,0
1405,2025-08,2,38,0,0
1405,2025-09,1,24,0,0
1405,2025-10,0,0,0,0
1405,2025-11,1,36,1,0
1405,2025-12,0,0,0,0
1406,2025-01,0,0,0,0
1406,2025-02,0,0,0,0
1406,2025-03,1,38,0,0
1406,2025-04,0,0,0,0
1406,2025-05,0,0,0,0
1406,2025-06,0,0,0,0
1406,2025-07,4,161,0,0
1406,2025-08,1,40,0,0
1406,2025-09,0,0,0,0
1406,2025-10,2,52,0,0
1406,2025-11,0,0,0,0
1406,2025-12,0,0,0,0
1407,2025-08,1,23,0,0
1407,2025-09,1,31,0,0
1407,2025-10,3,95,0,0
1407,2025-11,3,122,0,0
1407,2025-12,3,102,0,0
1408,2025-08,8,197,2,0
1408,2025-09,5,94,2,0
1408,2025-10,6,220,0,0
1408,2025-11,8,162,3,0
1408,2025-12,7,145,2,1
1409,2025-04,2,60,0,0
1409,2025-05,3,77,0,0
1409,2025-06,1,21,0,0
1409,2025-07,3,60,0,1
1409,2025-08,1,20,0,0
1409,2025-09,3,67,0,0
1409,2025-10,0,0,0,0
1409,2025-11,2,41,0,0
1409,2025-12,1,33,0,0
1410,2025-08,3,103,1,0
1410,2025-09,3,63,0,0
1410,2025-10,4,78,0,0
1410,2025-11,2,43,1,1
1410,2025-12,4,132,0,0
1411,2024-11,3,99,2,0
1411,2024-12,2,70,0,0
1411,2025-01,0,0,0,0
1412,2025-10,3,109,0,0
1412,2025-11,0,0,0,0
1413,2025-02,3,121,0,0
1413,2025-03,5,139,0,0
1413,2025-04,6,168,0,0
1413,2025-05,4,143,0,0
1413,2025-06,0,0,0,0
1413,2025-07,3,69,0,0
1413,2025-08,1,27,0,1
1413,2025-09,4,88,0,0
1413,2025-10,1,26,0,0
1413,2025-11,2,45,0,0
1413,2025-12,1,21,0,0
1414,2024-12,5,196,0,0
1414,2025-01,5,154,0,0
1414,2025-02,4,80,0,0
1414,2025-03,8,208,0,0
1414,2025-04,2,78,0,0
1415,2025-05,9,255,6,0
1415,2025-06,17,363,11,0
1415,2025-07,10,376,6,0
1415,2025-08,15,627,5,0
1415,2025-09,15,511,9,0
1415,2025-10,10,275,5,0
1415,2025-11,17,562,10,0
1415,2025-12,11,335,5,0
1416,2024-10,9,200,0,0
1416,2024-11,6,129,0,0
1416,2024-12,4,106,0,0
1416,2025-01,7,252,0,0
1416,2025-02,11,298,0,0
1416,2025-03,9,176,0,0
1417,2025-09,2,65,1,0
1417,2025-10,4,79,1,0
1417,2025-11,2,44,0,0
1417,2025-12,2,76,0,0
1418,2025-10,3,124,0,0
1418,2025-11,2,54,0,0
1418,2025-12,2,41,0,0
1419,2025-09,2,58,0,0
1419,2025-10,7,129,2,0
1419,2025-11,7,222,3,0
1419,2025-12,5,122,0,0
1420,2025-04,3,70,1,0
1420,2025-05,6,220,3,1
1420,2025-06,7,143,5,0
1420,2025-07,10,194,6,0
1420,2025-08,9,206,2,0
1420,2025-09,8,210,3,0
1420,2025-10,4,99,1,0
1420,2025-11,6,210,1,0
1420,2025-12,7,135,4,0
1421,2025-07,1,38,0,0
1421,2025-08,0,0,0,0
1421,2025-09,1,22,0,0
1422,2025-01,2,58,0,0
1422,2025-02,2,69,0,0
1422,2025-03,3,91,1,0
1423,2025-05,0,0,0,0
1423,2025-06,8,197,0,0
1423,2025-07,3,59,0,0
1423,2025-08,1,,0,1
1424,2025-10,3,56,2,0
1424,2025-11,3,117,0,1
1424,2025-12,3,61,3,0
1425,2025-01,8,231,0,0
1425,2025-02,8,273,0,0
1425,2025-03,10,204,0,0
1425,2025-04,15,491,0,0
1425,2025-05,8,268,0,0
1425,2025-06,12,332,0,1
1425,2025-07,9,285,0,0
1425,2025-08,4,165,0,1
1425,2025-09,7,283,0,1
1425,2025-10,8,195,0,1
1425,2025-11,4,89,0,0
1425,2025-12,6,162,0,1
1426,2024-12,1,39,0,0
1426,2025-01,0,0,0,0
1426,2025-02,1,35,0,0
1426,2025-03,3,80,0,0
1426,2025-04,0,0,0,0
1426,2025-05,2,37,0,0
1426,2025-06,2,80,0,0
1426,2025-07,0,,0,0
1426,2025-08,0,0,0,0
1426,2025-09,0,0,0,0
1426,2025-10,0,0,0,0
1426,2025-11,1,39,0,0
1427,2025-06,2,80,0,0
1427,2025-07,0,0,0,0
1427,2025-08,1,,0,0
1428,2025-05,14,266,3,0
1428,2025-06,17,596,4,0
1428,2025-07,10,400,5,1
1428,2025-08,7,196,1,0
1428,2025-09,14,358,1,0
1428,2025-10,8,298,4,1
1428,2025-11,14,486,3,0
1428,2025-12,12,349,3,1
1429,2025-07,2,38,0,0
1429,2025-08,3,76,0,0
1429,2025-09,2,77,0,0
1429,2025-10,1,25,0,0
1429,2025-11,1,32,0,0
1429,2025-12,1,24,0,0
1430,2025-04,7,135,1,0
1430,2025-05,6,176,1,0
1430,2025-06,7,264,0,0
1430,2025-07,1,35,0,0
1430,2025-08,2,48,1,0
1430,2025-09,5,145,3,0
1430,2025-10,3,104,0,0
1430,2025-11,5,195,3,0
1430,2025-12,9,278,3,0
1431,2025-06,2,72,0,0
1432,2025-09,15,511,0,0
1432,2025-10,12,473,0,0
1432,2025-11,7,194,0,0
1432,2025-12,9,232,0,0
1433,2025-04,5,131,1,0
1433,2025-05,5,152,3,0
1433,2025-06,5,120,0,0
1433,2025-07,3,108,0,0
1434,2025-04,4,97,2,0
1434,2025-05,9,300,2,1
1434,2025-06,3,56,2,1
1434,2025-07,9,284,3,0
1434,2025-08,6,165,1,0
1434,2025-09,4,155,0,1
1435,2025-04,1,22,0,1
1436,2025-02,2,77,0,0
1436,2025-03,3,105,0,0
1436,2025-04,1,28,0,0
1436,2025-05,1,41,0,0
1436,2025-06,0,0,0,1
1436,2025-07,1,30,0,0
1436,2025-08,2,75,0,0
1436,2025-09,0,0,0,0
1436,2025-10,1,41,0,0
1436,2025-11,0,0,0,1
1436,2025-12,0,0,0,0
1437,2025-04,0,0,0,0
1437,2025-05,0,0,0,0
1437,2025-06,1,30,0,0
1437,2025-07,2,59,0,0
1437,2025-08,0,0,0,0
1437,2025-09,0,0,0,0
1437,2025-10,1,33,0,0
1437,2025-11,0,0,0,0
1437,2025-12,0,0,0,1
1438,2024-12,9,293,0,1
1438,2025-01,17,406,0,1
1438,2025-02,7,156,0,0
1438,2025-03,19,513,0,0
1438,2025-04,10,373,0,0
1438,2025-05,12,411,0,0
1438,2025-06,9,205,0,1
1438,2025-07,8,210,0,2
1438,2025-08,11,229,0,0
1438,2025-09,14,532,0,0
1438,2025-10,10,268,0,0
1438,2025-11,7,250,0,0
1438,2025-12,7,133,0,0
1439,2025-10,1,21,0,0
1439,2025-11,4,120,2,0
1439,2025-12,6,208,3,0
1440,2024-08,2,43,1,0
1440,2024-09,2,50,2,0
1440,2024-10,1,41,1,0
1440,2024-11,2,48,1,0
1440,2024-12,0,0,0,0
1440,2025-01,0,0,0,0
1441,2025-01,15,358,9,0
1441,2025-02,6,245,3,0
1441,2025-03,12,316,1,0
1441,2025-04,14,270,3,0
1441,2025-05,5,180,0,0
1441,2025-06,11,201,2,0
1441,2025-07,12,236,2,0
1441,2025-08,5,175,3,0
1441,2025-09,9,188,3,0
1441,2025-10,13,381,2,0
1441,2025-11,17,391,6,0
1441,2025-12,7,271,2,0
1442,2025-03,2,60,1,0
1442,2025-04,0,0,0,0
1442,2025-05,0,0,0,0
1442,2025-06,4,159,1,0
1442,2025-07,2,,1,0
1442,2025-08,0,0,0,0
1442,2025-09,1,31,0,0
1442,2025-10,0,0,0,0
1442,2025-11,1,35,1,0
1442,2025-12,0,0,0,0
1443,2024-11,1,29,1,0
1444,2025-02,18,566,0,0
1444,2025-03,13,541,0,1
1444,2025-04,17,,0,0
1444,2025-05,10,405,0,0
1444,2025-06,17,352,0,0
1444,2025-07,16,353,0,0
1444,2025-08,8,217,0,0
1444,2025-09,17,439,0,0
1444,2025-10,20,579,0,1
1444,2025-11,17,457,0,0
1444,2025-12,23,872,0,0
1445,2024-10,2,44,1,0
1445,2024-11,2,70,1,0
1445,2024-12,0,0,0,0
1445,2025-01,0,0,0,0
1445,2025-02,2,75,0,1
1445,2025-03,0,0,0,0
1445,2025-04,1,,0,1
1445,2025-05,0,0,0,0
1445,2025-06,1,33,0,0
1445,2025-07,0,0,0,0
1445,2025-08,1,30,0,1
1445,2025-09,0,0,0,1
1446,2024-09,1,36,0,0
1446,2024-10,10,316,0,0
1446,2024-11,7,156,0,0
1446,2024-12,10,226,0,0
1446,2025-01,5,142,0,0
1446,2025-02,14,354,0,1
1446,2025-03,8,318,0,0
1446,2025-04,7,229,0,0
1446,2025-05,4,74,0,0
1446,2025-06,10,203,0,0
1446,2025-07,9,208,0,0
1446,2025-08,3,73,0,0
1446,2025-09,4,136,0,0
1446,2025-10,5,135,0,0
1446,2025-11,7,,0,0
1446,2025-12,6,159,0,0
1447,2025-03,0,0,0,0
1447,2025-04,2,84,0,0
1447,2025-05,1,37,0,0
1448,2024-08,2,39,0,1
1448,2024-09,5,113,0,1
1448,2024-10,2,84,0,0
1448,2024-11,5,153,0,0
1448,2024-12,6,230,0,0
1448,2025-01,2,46,0,0
1448,2025-02,5,137,0,1
1448,2025-03,3,66,0,0
1448,2025-04,3,,0,1
1448,2025-05,0,0,0,1
1449,2024-12,3,60,0,0
1450,2024-10,4,88,0,0
1450,2024-11,6,207,0,0
1450,2024-12,4,72,0,0
1450,2025-01,12,396,0,0
1450,2025-02,11,248,0,0
1451,2025-02,6,117,2,0
1451,2025-03,3,64,1,0
1451,2025-04,8,321,2,0
1452,2024-10,6,165,0,0
1452,2024-11,7,146,1,0
1452,2024-12,2,79,1,0
1452,2025-01,6,211,3,0
1452,2025-02,4,160,5,0
1452,2025-03,6,166,2,0
1452,2025-04,6,134,2,0
1452,2025-05,3,88,2,0
1452,2025-06,5,110,2,0
1452,2025-07,9,255,1,0
1452,2025-08,2,53,0,0
1452,2025-09,5,137,0,0
1452,2025-10,1,36,0,0
1452,2025-11,1,27,0,0
1452,2025-12,5,201,1,0
1453,2025-05,1,39,0,0
1453,2025-06,3,109,0,0
1453,2025-07,3,102,0,0
1453,2025-08,3,59,0,0
1453,2025-09,2,56,0,0
1453,2025-10,3,57,0,0
1453,2025-11,2,39,0,0
1453,2025-12,1,21,0,0
1454,2025-01,2,37,0,0
1454,2025-02,4,139,0,1
1455,2025-07,2,37,0,0
1456,2024-07,4,165,1,0
1456,2024-08,3,120,0,0
1456,2024-09,0,0,0,0
1456,2024-10,4,95,0,0
1456,2024-11,4,75,0,0
1456,2024-12,4,120,0,1
1457,2024-12,4,130,0,1
1457,2025-01,4,91,4,1
1457,2025-02,9,295,3,1
1457,2025-03,6,227,3,0
1457,2025-04,10,409,3,0
1457,2025-05,11,390,2,1
1457,2025-06,8,251,4,1
1457,2025-07,8,219,1,0
1457,2025-08,8,285,4,0
1457,2025-09,5,134,1,0
1457,2025-10,9,273,4,1
1457,2025-11,7,208,2,1
1457,2025-12,6,134,1,1
1458,2024-11,7,150,0,0
1458,2024-12,5,117,0,0
1458,2025-01,10,256,0,0
1458,2025-02,9,162,0,0
1458,2025-03,9,299,0,0
1458,2025-04,10,197,0,0
1458,2025-05,9,339,0,0
1458,2025-06,12,327,0,0
1458,2025-07,8,319,0,0
1458,2025-08,9,324,0,0
1458,2025-09,13,274,0,0
1458,2025-10,10,274,0,0
1458,2025-11,8,173,0,0
1458,2025-12,10,277,0,0
1459,2025-09,2,67,0,0
1459,2025-10,3,110,0,1
1460,2025-01,3,74,0,1
1460,2025-02,3,96,0,0
1460,2025-03,4,138,0,0
1461,2025-10,0,0,0,0
1461,2025-11,1,27,0,0
1461,2025-12,1,40,0,0
1462,2025-02,2,62,0,0
1462,2025-03,2,52,1,0
1462,2025-04,2,65,0,0
1462,2025-05,4,124,1,0
1462,2025-06,0,0,0,0
1462,2025-07,2,52,2,0
1462,2025-08,2,42,1,0
1462,2025-09,2,56,1,0
1462,2025-10,1,25,0,0
1462,2025-11,0,0,0,0
1462,2025-12,1,20,0,0
1463,2025-07,5,153,0,0
1463,2025-08,6,145,0,0
1463,2025-09,3,67,0,0
1463,2025-10,7,153,0,0
1463,2025-11,13,523,0,1
1464,2025-05,6,223,2,0
1464,2025-06,5,170,1,0
1464,2025-07,7,170,4,0
1464,2025-08,4,141,1,0
1464,2025-09,3,87,0,0
1464,2025-10,5,150,2,0
1464,2025-11,2,50,1,0
1464,2025-12,4,155,1,0
1465,2025-10,6,138,1,1
1465,2025-11,5,199,0,1
1465,2025-12,4,164,2,0
1466,2025-09,1,32,0,0
1467,2025-03,13,315,2,0
1467,2025-04,13,490,5,0
1468,2025-07,3,113,1,0
1468,2025-08,3,95,0,0
1468,2025-09,4,74,1,0
1468,2025-10,3,112,0,0
1468,2025-11,1,42,1,0
1469,2025-05,0,0,0,0
1469,2025-06,1,30,0,0
1469,2025-07,2,51,1,0
1469,2025-08,1,26,0,0
1469,2025-09,0,0,0,0
1469,2025-10,0,0,0,0
1469,2025-11,1,41,0,0
1469,2025-12,0,0,0,0
1470,2025-06,3,64,2,0
1470,2025-07,6,229,2,1
1470,2025-08,5,125,2,0
1470,2025-09,2,,0,0
1470,2025-10,1,31,1,0
1470,2025-11,0,0,0,0
1470,2025-12,0,0,0,0
1471,2025-01,3,84,0,0
1471,2025-02,0,0,0,0
1472,2025-10,9,328,0,0
1472,2025-11,8,262,0,0
1472,2025-12,3,77,0,0
1473,2024-12,1,28,0,0
1473,2025-01,8,270,1,0
1473,2025-02,3,113,0,0
1473,2025-03,4,148,0,0
1473,2025-04,6,,0,0
1473,2025-05,11,217,2,0
1473,2025-06,6,,3,0
1473,2025-07,7,156,2,0
1473,2025-08,4,97,1,1
1473,2025-09,4,156,2,0
1473,2025-10,7,151,0,0
1473,2025-11,6,133,0,0
1473,2025-12,5,178,2,0
1474,2024-10,2,57,0,0
1474,2024-11,0,0,0,0
1475,2025-09,2,79,0,0
1475,2025-10,3,72,0,0
1475,2025-11,2,51,0,0
1475,2025-12,1,35,0,0
1476,2025-05,4,96,0,0
1476,2025-06,3,121,0,0
1400,2025-09,6,221,0,0
1476,2025-07,2,64,0,0
1476,2025-08,5,132,0,0
1476,2025-09,5,197,0,0
1476,2025-10,3,122,0,0
1476,2025-11,3,126,0,0
1476,2025-12,6,167,0,0
1477,2024-12,0,0,0,0
1477,2025-01,0,0,0,1
1477,2025-02,2,71,0,0
1477,2025-03,1,20,0,0
1478,2025-01,11,430,2,0
1478,2025-02,11,245,3,0
1478,2025-03,14,348,4,1
1478,2025-04,9,191,0,0
1478,2025-05,13,518,5,0
1478,2025-06,8,307,1,0
1478,2025-07,8,197,1,0
1478,2025-08,9,344,1,0
1478,2025-09,7,270,1,0
1478,2025-10,6,163,3,0
1478,2025-11,11,403,4,0
1478,2025-12,9,210,2,0
1479,2025-07,7,152,4,1
1479,2025-08,4,80,2,2
1479,2025-09,7,166,1,1
1479,2025-10,5,187,2,0
1479,2025-11,7,279,3,0
1479,2025-12,5,181,6,0
1480,2025-09,9,198,7,0
1480,2025-10,7,,4,0
1480,2025-11,5,108,4,1
1481,2025-04,2,74,0,0
1481,2025-05,0,0,0,0
1481,2025-06,1,37,0,0
1481,2025-07,0,0,0,1
1481,2025-08,1,30,0,1
1481,2025-09,1,31,0,0
1481,2025-10,1,39,0,0
1481,2025-11,0,0,0,0
1481,2025-12,0,0,0,2
1482,2025-09,7,217,1,0
1482,2025-10,2,64,0,0
1482,2025-11,4,88,2,0
1482,2025-12,9,190,2,0
1483,2025-08,9,258,5,0
1483,2025-09,8,271,6,0
1483,2025-10,8,178,1,0
1483,2025-11,5,180,3,0
1483,2025-12,13,545,4,0
1484,2025-06,3,109,2,0
1484,2025-07,2,52,1,0
1484,2025-08,2,83,1,0
1484,2025-09,0,0,0,0
1484,2025-10,2,68,1,0
1484,2025-11,0,0,0,0
1485,2024-09,1,25,2,0
1485,2024-10,5,194,3,1
1485,2024-11,0,0,0,0
1485,2024-12,0,0,0,1
1486,2025-06,4,122,2,0
1486,2025-07,8,239,0,0
1486,2025-08,7,213,3,0
1486,2025-09,3,86,0,0
1486,2025-10,3,100,2,0
1486,2025-11,5,191,1,0
1486,2025-12,6,160,1,0
1487,2025-01,6,226,4,0
1487,2025-02,9,360,4,0
1487,2025-03,10,381,6,0
1487,2025-04,10,285,2,0
1487,2025-05,10,245,2,0
1487,2025-06,12,398,6,0
1487,2025-07,12,360,8,0
1487,2025-08,5,105,2,0
1487,2025-09,8,213,4,0
1487,2025-10,5,,3,0
1487,2025-11,12,245,2,0
1487,2025-12,7,155,7,0
1488,2025-02,3,110,0,0
1488,2025-03,2,68,0,0
1488,2025-04,6,152,3,0
1488,2025-05,0,0,0,0
1488,2025-06,4,154,2,1
1488,2025-07,2,39,0,0
1488,2025-08,5,176,2,0
1488,2025-09,4,88,1,1
1488,2025-10,3,102,1,0
1488,2025-11,2,43,0,0
1488,2025-12,7,293,0,0
1489,2025-10,16,452,0,0
1489,2025-11,11,362,0,0
1489,2025-12,12,359,0,0
1490,2025-01,4,145,0,0
1490,2025-02,5,196,3,1
1490,2025-03,4,76,1,0
1490,2025-04,7,198,2,0
1490,2025-05,5,127,0,0
1490,2025-06,5,142,0,0
1490,2025-07,7,181,1,0
1490,2025-08,3,92,1,0
1490,2025-09,6,117,1,0
1490,2025-10,5,180,1,0
1490,2025-11,4,90,1,0
1491,2025-01,6,231,0,0
1491,2025-02,2,41,0,0
1491,2025-03,5,132,0,0
1491,2025-04,3,123,0,2
1491,2025-05,3,81,0,0
1491,2025-06,9,323,0,0
1491,2025-07,3,101,0,0
1491,2025-08,4,110,0,0
1491,2025-09,4,167,0,0
1491,2025-10,3,123,0,0
1491,2025-11,3,109,0,0
1491,2025-12,9,302,0,0
1492,2025-07,0,0,0,0
1492,2025-08,0,0,0,0
1492,2025-09,1,40,0,0
1493,2025-09,1,32,0,0
1493,2025-10,0,0,0,0
1493,2025-11,0,0,0,0
1493,2025-12,2,47,0,0
1494,2025-01,2,73,1,0
1495,2025-01,4,121,1,0
1496,2025-02,5,179,3,0
1496,2025-03,7,277,4,0
1496,2025-04,2,71,3,0
1497,2025-04,7,242,1,1
1497,2025-05,4,167,0,0
1497,2025-06,4,88,2,0
1497,2025-07,1,24,0,0
1497,2025-08,2,63,0,0
1497,2025-09,2,,1,0
1497,2025-10,2,47,2,0
1497,2025-11,3,78,0,1
1497,2025-12,2,52,0,0
1498,2025-07,5,166,0,0
1498,2025-08,4,116,0,1
1498,2025-09,6,237,0,0
1498,2025-10,9,253,0,0
1498,2025-11,8,167,0,0
1498,2025-12,3,77,0,0
1499,2025-09,0,0,0,0
1500,2024-11,1,30,0,0
1500,2024-12,1,38,1,0
1500,2025-01,1,24,0,0
1500,2025-02,0,0,0,0
1500,2025-03,1,39,0,0
1500,2025-04,3,62,0,0
1500,2025-05,0,0,0,0
1500,2025-06,1,23,0,1
1501,2025-02,20,469,4,0
1501,2025-03,21,725,3,0
1501,2025-04,16,389,4,0
1501,2025-05,12,244,1,0
1501,2025-06,26,549,10,0
1501,2025-07,18,747,5,0
1501,2025-08,19,359,8,0
1501,2025-09,18,499,4,0
1501,2025-10,19,449,10,0
1501,2025-11,9,162,4,0
1501,2025-12,14,392,4,0
1502,2025-08,4,87,0,0
1502,2025-09,2,49,0,0
1502,2025-10,3,88,0,0
1502,2025-11,0,0,0,0
1502,2025-12,1,25,0,0
1503,2025-07,4,131,0,0
1503,2025-08,3,62,0,0
1503,2025-09,4,168,0,0
1503,2025-10,7,269,3,0
1503,2025-11,4,82,1,0
1503,2025-12,5,181,1,0
1504,2024-12,1,27,0,0
1504,2025-01,2,64,0,0
1504,2025-02,0,0,0,0
1504,2025-03,0,0,0,0
1504,2025-04,1,36,0,0
1504,2025-05,1,26,0,0
1504,2025-06,0,0,0,0
1504,2025-07,1,23,0,0
1504,2025-08,0,0,0,0
1504,2025-09,1,28,0,0
1504,2025-10,1,27,0,0
1504,2025-11,1,25,0,0
1505,2024-09,5,124,6,0
1505,2024-10,1,38,1,0
1505,2024-11,5,118,3,0
1505,2024-12,2,66,2,0
1505,2025-01,3,95,3,0
1505,2025-02,0,0,0,0
1505,2025-03,2,55,0,0
1505,2025-04,2,58,1,0
1505,2025-05,0,0,0,0
1505,2025-06,2,37,1,0
1505,2025-07,3,117,1,0
1505,2025-08,2,40,1,0
1505,2025-09,1,23,0,0
1505,2025-10,0,0,0,0
1505,2025-11,2,41,3,0
1505,2025-12,2,80,1,0
1506,2025-07,6,217,0,0
1506,2025-08,2,78,0,0
1506,2025-09,2,39,0,0
1506,2025-10,0,0,0,0
1506,2025-11,1,28,0,0
1506,2025-12,3,68,0,0
1507,2025-06,10,209,0,0
1507,2025-07,15,373,0,0
1507,2025-08,10,342,0,0
1507,2025-09,10,182,0,0
1507,2025-10,10,333,0,0
1507,2025-11,9,181,0,0
1507,2025-12,8,204,0,0
1508,2025-08,1,35,0,1
1508,2025-09,3,71,0,0
1508,2025-10,2,71,0,0
1508,2025-11,5,208,0,0
1508,2025-12,3,106,0,1
1509,2024-12,3,101,0,0
1509,2025-01,7,291,4,0
1509,2025-02,8,,3,0
1509,2025-03,9,311,0,0
1509,2025-04,2,75,0,0
1509,2025-05,8,204,2,0
1509,2025-06,2,81,0,0
1509,2025-07,8,320,0,0
1509,2025-08,8,166,3,0
1509,2025-09,6,235,0,0
1509,2025-10,5,189,3,0
1509,2025-11,6,211,2,0
1509,2025-12,2,37,1,1
1510,2024-12,9,376,2,1
1510,2025-01,5,123,2,0
1510,2025-02,6,153,2,0
1510,2025-03,3,112,1,0
1510,2025-04,10,304,1,0
1510,2025-05,4,124,3,0
1510,2025-06,4,99,0,0
1510,2025-07,6,120,0,0
1510,2025-08,4,80,0,0
1510,2025-09,7,173,2,2
1510,2025-10,6,221,1,0
1510,2025-11,7,181,4,1
1511,2025-09,1,21,0,0
1511,2025-10,2,64,0,0
1511,2025-11,3,84,0,1
1511,2025-12,0,0,0,0
1512,2025-09,3,97,0,0
1512,2025-10,3,73,0,0
1512,2025-11,10,278,1,0
1512,2025-12,7,254,3,0
1513,2025-10,2,70,0,0
1513,2025-11,4,166,0,0
1513,2025-12,2,37,0,1
1514,2024-11,4,117,1,0
1514,2024-12,10,224,2,0
1514,2025-01,9,197,4,0
1514,2025-02,3,122,1,0
1514,2025-03,9,193,7,0
1514,2025-04,6,227,5,0
1514,2025-05,6,147,0,0
1514,2025-06,5,163,2,0
1514,2025-07,5,189,2,0
1514,2025-08,6,237,4,0
1514,2025-09,4,133,2,1
1514,2025-10,7,171,4,0
1514,2025-11,7,177,5,0
1514,2025-12,1,34,0,2
1515,2024-08,3,64,0,1
1515,2024-09,3,121,0,0
1515,2024-10,3,,0,0
1515,2024-11,7,,0,0
1515,2024-12,1,30,0,0
1515,2025-01,3,62,0,0
1515,2025-02,1,32,0,0
1515,2025-03,1,41,0,0
1515,2025-04,1,24,0,0
1515,2025-05,1,30,0,0
1515,2025-06,0,0,0,0
1515,2025-07,0,0,0,0
1515,2025-08,0,0,0,0
1515,2025-09,0,0,0,0
1515,2025-10,0,0,0,0
1515,2025-11,0,0,0,0
1515,2025-12,0,0,0,0
1516,2024-10,1,30,0,0
1516,2024-11,1,20,1,0
1516,2024-12,3,90,0,0
1516,2025-01,1,36,0,0
1516,2025-02,0,0,0,0
1516,2025-03,3,78,1,0
1516,2025-04,2,40,0,0
1516,2025-05,2,58,0,0
1516,2025-06,1,42,0,0
1516,2025-07,1,42,0,0
1516,2025-08,3,71,1,1
1517,2025-09,3,70,0,0
1517,2025-10,6,185,2,0
1517,2025-11,13,542,2,0
1517,2025-12,2,56,1,0
1518,2025-05,2,79,0,0
1518,2025-06,3,72,2,0
1518,2025-07,1,20,1,0
1518,2025-08,3,74,0,1
1519,2024-07,3,78,0,0
1520,2025-06,0,0,0,0
1520,2025-07,2,49,0,0
1520,2025-08,3,79,1,0
1520,2025-09,4,73,2,0
1520,2025-10,0,0,0,0
1520,2025-11,0,0,0,0
1520,2025-12,0,0,0,0
1521,2024-08,4,130,1,0
1521,2024-09,5,154,4,0
1521,2024-10,10,251,4,0
1521,2024-11,9,312,6,0
1521,2024-12,6,226,1,0
1521,2025-01,5,91,2,0
1522,2025-05,7,252,0,0
1522,2025-06,4,166,4,0
1522,2025-07,3,99,1,0
1522,2025-08,1,33,1,0
1522,2025-09,2,69,0,0
1522,2025-10,2,80,0,1
1522,2025-11,5,103,0,0
1522,2025-12,3,125,0,0
1523,2024-07,5,155,0,0
1523,2024-08,2,53,0,0
1523,2024-09,4,81,0,0
1523,2024-10,6,120,0,1
1523,2024-11,5,111,0,0
1523,2024-12,6,191,0,0
1523,2025-01,2,68,0,0
1523,2025-02,3,114,0,0
1523,2025-03,3,56,0,0
1523,2025-04,2,36,0,0
1523,2025-05,8,284,0,0
1523,2025-06,5,140,0,0
1523,2025-07,5,91,0,0
1523,2025-08,1,30,0,0
1523,2025-09,5,155,0,0
1523,2025-10,1,19,0,0
1523,2025-11,4,163,0,0
1523,2025-12,2,49,0,0
1524,2025-09,11,243,0,0
1524,2025-10,17,628,0,0
1524,2025-11,12,391,0,0
1524,2025-12,13,448,0,0
1525,2025-02,0,0,0,0
1525,2025-03,0,0,0,0
1526,2024-09,1,26,0,0
1527,2025-10,2,80,0,0
1527,2025-11,2,80,2,0
1527,2025-12,5,167,0,0
1528,2025-05,1,28,0,0
1528,2025-06,4,113,0,0
1528,2025-07,3,117,0,0
1529,2025-06,2,49,0,0
1529,2025-07,3,104,0,0
1529,2025-08,0,0,0,0
1530,2025-09,1,23,1,0
1530,2025-10,2,53,0,0
1530,2025-11,2,50,0,0
1531,2024-11,1,19,0,0
1531,2024-12,2,66,1,0
1531,2025-01,1,21,0,1
1531,2025-02,0,0,0,0
1531,2025-03,0,0,0,1
1531,2025-04,1,19,1,0
1531,2025-05,3,79,1,0
1531,2025-06,1,18,0,0
1531,2025-07,0,0,0,0
1531,2025-08,1,34,1,0
1531,2025-09,1,26,0,2
1531,2025-10,1,30,0,0
1532,2025-06,3,55,0,0
1532,2025-07,7,277,0,0
1532,2025-08,2,64,0,0
1532,2025-09,3,85,0,1
1532,2025-10,4,83,0,0
1532,2025-11,1,,0,0
1532,2025-12,0,0,0,1
1533,2024-10,4,136,0,1
1533,2024-11,2,83,0,0
1533,2024-12,2,71,0,0
1533,2025-01,1,27,0,0
1533,2025-02,4,85,0,0
1533,2025-03,1,31,0,0
1533,2025-04,1,20,0,0
1533,2025-05,0,0,0,0
1533,2025-06,3,74,0,0
1533,2025-07,0,0,0,0
1533,2025-08,2,60,0,0
1533,2025-09,1,21,0,0
1533,2025-10,1,23,0,0
1533,2025-11,1,30,0,1
1533,2025-12,0,0,0,0
1534,2025-04,3,118,0,0
1534,2025-05,0,0,0,0
1534,2025-06,4,153,0,0
1534,2025-07,3,101,0,0
1534,2025-08,1,29,0,0
1534,2025-09,1,35,0,0
1534,2025-10,2,69,0,0
1534,2025-11,2,47,0,0
1534,2025-12,1,37,0,0
1535,2025-03,9,368,0,0
1535,2025-04,9,350,0,0
1535,2025-05,10,206,0,0
1535,2025-06,10,376,0,0
1535,2025-07,8,155,0,0
1535,2025-08,7,130,0,0
1535,2025-09,7,213,0,0
1535,2025-10,10,347,0,0
1535,2025-11,13,263,0,0
1535,2025-12,5,194,0,0
1536,2025-07,6,241,0,0
1536,2025-08,6,232,0,0
1536,2025-09,5,160,0,0
1536,2025-10,4,96,0,1
1536,2025-11,10,420,0,0
1536,2025-12,7,250,0,0
1537,2025-04,2,45,0,0
1537,2025-05,3,95,0,0
1537,2025-06,3,121,0,1
1537,2025-07,3,66,0,0
1537,2025-08,1,39,0,0
1537,2025-09,3,102,0,1
1537,2025-10,2,57,0,0
1537,2025-11,3,66,0,0
1537,2025-12,0,0,0,0
1538,2025-01,3,79,0,0
1538,2025-02,7,261,0,0
1538,2025-03,6,185,0,0
1538,2025-04,12,423,0,0
1538,2025-05,5,110,0,0
1538,2025-06,10,257,0,1
1539,2025-06,3,83,1,0
1539,2025-07,7,263,3,0
1539,2025-08,4,81,1,0
1539,2025-09,4,102,1,0
1539,2025-10,3,108,0,0
1539,2025-11,1,40,0,0
1539,2025-12,4,106,0,0
1540,2025-07,2,79,0,0
1540,2025-08,2,58,1,0
1540,2025-09,3,126,1,0
1540,2025-10,3,113,0,0
1540,2025-11,0,0,0,0
1541,2025-03,2,82,0,0
1541,2025-04,3,65,0,0
1541,2025-05,6,251,0,0
1541,2025-06,10,342,0,0
1541,2025-07,6,124,0,0
1541,2025-08,3,108,0,0
1541,2025-09,3,90,0,0
1541,2025-10,1,34,0,0
1541,2025-11,4,,0,0
1541,2025-12,4,81,0,0
1542,2025-05,2,81,2,0
1542,2025-06,1,30,0,1
1542,2025-07,4,152,2,0
1542,2025-08,2,80,2,0
1542,2025-09,2,53,2,0
1542,2025-10,0,0,0,0
1542,2025-11,0,0,0,0
1542,2025-12,1,41,1,0
1543,2025-09,6,162,6,0
1543,2025-10,4,164,0,0
1544,2024-07,11,256,0,0
1544,2024-08,12,373,0,0
1544,2024-09,11,461,0,0
1544,2024-10,8,156,0,0
1544,2024-11,9,232,0,0
1544,2024-12,4,120,0,0
1544,2025-01,7,252,0,0
1544,2025-02,7,267,0,0
1544,2025-03,5,199,0,0
1544,2025-04,2,68,0,0
1544,2025-05,7,135,0,0
1544,2025-06,6,142,0,0
1544,2025-07,8,269,0,0
1544,2025-08,7,287,0,0
1544,2025-09,10,219,0,0
1544,2025-10,7,220,0,0
1544,2025-11,8,295,0,0
1544,2025-12,4,104,0,1
1545,2025-09,1,41,0,0
1545,2025-10,3,76,1,0
1545,2025-11,6,111,1,0
1545,2025-12,3,78,0,0
1546,2025-08,6,227,0,0
1546,2025-09,7,145,0,0
1546,2025-10,2,47,0,0
1546,2025-11,5,146,0,0
1546,2025-12,3,96,0,0
1547,2024-09,0,0,0,0
1547,2024-10,0,0,0,0
1547,2024-11,3,123,0,0
1548,2025-10,7,190,0,0
1548,2025-11,4,126,0,0
1548,2025-12,5,179,0,0
1549,2025-09,9,180,4,0
1549,2025-10,4,129,0,0
1549,2025-11,10,399,4,0
1549,2025-12,7,184,1,0
1550,2025-08,2,49,0,0
1550,2025-09,4,165,0,0
1550,2025-10,7,159,0,0
1550,2025-11,4,114,0,0
1550,2025-12,4,100,0,0
1551,2025-05,7,144,0,0
1551,2025-06,6,167,0,0
1551,2025-07,6,143,0,0
1551,2025-08,17,669,0,0
1551,2025-09,9,224,0,0
1551,2025-10,8,148,0,0
1551,2025-11,8,289,0,0
1551,2025-12,7,255,0,0
1552,2025-07,4,150,4,0
1552,2025-08,3,58,2,0
1552,2025-09,1,31,1,0
1552,2025-10,2,46,3,0
1552,2025-11,1,31,0,0
1552,2025-12,2,70,0,0
1553,2025-05,1,33,0,0
1553,2025-06,3,125,0,0
1553,2025-07,2,76,0,0
1553,2025-08,1,,0,0
1553,2025-09,0,0,0,0
1553,2025-10,1,33,0,0
1553,2025-11,0,0,0,0
1553,2025-12,0,0,0,0
1554,2024-11,6,250,0,1
1554,2024-12,3,79,1,0
1554,2025-01,1,32,0,0
1554,2025-02,2,52,0,0
1554,2025-03,2,57,0,0
1554,2025-04,0,0,0,0
1554,2025-05,2,37,0,0
1554,2025-06,3,86,1,0
1555,2024-08,2,54,0,0
1555,2024-09,1,29,0,0
1555,2024-10,0,0,0,0
1556,2025-08,6,143,4,0
1556,2025-09,5,126,2,0
1556,2025-10,6,198,0,0
1556,2025-11,2,59,1,0
1556,2025-12,6,210,5,0
1557,2024-09,2,39,1,1
1557,2024-10,2,83,1,2
1557,2024-11,1,34,0,0
1558,2025-07,3,106,1,0
1558,2025-08,2,64,0,0
1558,2025-09,1,36,1,0
1558,2025-10,0,0,0,0
1558,2025-11,2,72,0,0
1558,2025-12,1,31,0,0
1559,2025-07,1,36,0,0
1559,2025-08,4,143,0,0
1559,2025-09,3,109,0,0
1559,2025-10,3,57,0,1
1560,2025-05,3,105,0,0
1560,2025-06,4,139,0,0
1560,2025-07,2,69,0,0
1561,2025-06,6,210,1,0
1561,2025-07,12,366,5,0
1561,2025-08,8,229,1,0
1561,2025-09,4,138,2,0
1561,2025-10,7,157,3,0
1561,2025-11,4,132,0,1
1561,2025-12,4,144,1,0
1562,2025-06,4,118,1,0
1562,2025-07,3,,0,0
1562,2025-08,2,39,1,0
1562,2025-09,1,40,0,0
1562,2025-10,1,26,0,0
1562,2025-11,5,139,2,0
1562,2025-12,1,28,0,0
1563,2024-07,2,42,0,1
1564,2024-10,1,21,0,1
1565,2025-08,5,102,0,0
1565,2025-09,11,207,0,1
1565,2025-10,10,276,0,0
1565,2025-11,6,140,0,0
1565,2025-12,6,221,0,0
1566,2025-09,5,158,0,1
1566,2025-10,4,98,0,0
1566,2025-11,3,67,0,0
1566,2025-12,5,170,0,0
1567,2025-02,4,155,1,0
1567,2025-03,8,264,3,0
1567,2025-04,4,73,2,0
1567,2025-05,6,152,2,0
1567,2025-06,2,61,2,0
1567,2025-07,4,75,3,0
1567,2025-08,1,41,1,1
1567,2025-09,5,139,3,0
1567,2025-10,7,168,3,1
1567,2025-11,3,120,2,0
1567,2025-12,5,98,3,0
1568,2025-06,3,88,2,0
1568,2025-07,5,201,2,0
1568,2025-08,4,79,1,0
1568,2025-09,3,102,0,0
1568,2025-10,5,126,2,0
1568,2025-11,6,131,1,0
1568,2025-12,4,84,2,0
1569,2025-05,3,68,2,0
1569,2025-06,1,19,1,0
1570,2025-03,1,31,0,0
1570,2025-04,3,121,0,1
1570,2025-05,0,0,0,0
1571,2024-08,6,185,0,0
1571,2024-09,6,113,0,0
1571,2024-10,2,65,0,0
1571,2024-11,2,60,0,0
1571,2024-12,0,0,0,1
1571,2025-01,1,21,0,1
1571,2025-02,1,40,0,0
1571,2025-03,1,20,0,0
1571,2025-04,1,22,0,0
1571,2025-05,2,67,0,0
1571,2025-06,0,0,0,0
1571,2025-07,0,0,0,0
1571,2025-08,0,0,0,0
1571,2025-09,2,61,0,0
1571,2025-10,1,39,0,0
1571,2025-11,0,0,0,1
1571,2025-12,2,38,0,1
1572,2025-06,5,116,0,0
1572,2025-07,2,50,0,0
1572,2025-08,2,37,0,0
1572,2025-09,5,195,0,1
1572,2025-10,2,50,0,0
1572,2025-11,1,23,0,0
1572,2025-12,2,56,0,0
1573,2025-05,5,134,1,0
1573,2025-06,5,115,0,0
1573,2025-07,3,74,1,0
1573,2025-08,5,121,1,0
1573,2025-09,1,29,0,0
1573,2025-10,5,170,2,0
1573,2025-11,5,197,0,0
1573,2025-12,1,39,1,0
1574,2025-07,4,137,1,0
1574,2025-08,5,113,3,0
1574,2025-09,7,253,1,0
1574,2025-10,6,232,3,0
1574,2025-11,8,267,4,0
1574,2025-12,5,146,2,0
1575,2024-07,7,243,0,0
1575,2024-08,3,67,0,0
1575,2024-09,6,184,0,0
1575,2024-10,6,123,0,0
1575,2024-11,5,93,0,0
1575,2024-12,2,53,0,0
1575,2025-01,6,218,0,0
1575,2025-02,9,372,0,0
1575,2025-03,1,37,0,0
1575,2025-04,2,56,0,0
1575,2025-05,2,73,0,0
1576,2025-05,5,111,2,0
1576,2025-06,4,153,4,0
1576,2025-07,5,188,2,0
1576,2025-08,2,80,0,0
1576,2025-09,4,79,2,0
1576,2025-10,6,196,5,1
3346,2025-01,0,0,0,0
1576,2025-11,4,91,4,0
1576,2025-12,6,125,0,0
1577,2025-07,6,111,0,1
1577,2025-08,3,56,0,0
1577,2025-09,3,58,0,1
1577,2025-10,3,57,0,0
1577,2025-11,4,117,0,0
1577,2025-12,1,41,0,1
1578,2024-07,1,37,0,0
1578,2024-08,4,127,0,0
1578,2024-09,5,110,0,0
1578,2024-10,4,145,0,0
1578,2024-11,2,42,0,0
1578,2024-12,3,120,0,0
1578,2025-01,3,80,0,1
1578,2025-02,1,38,0,1
1578,2025-03,0,0,0,0
1579,2025-03,3,116,1,0
1579,2025-04,4,105,5,0
1579,2025-05,3,,0,0
1579,2025-06,4,90,2,0
1579,2025-07,0,0,0,0
1579,2025-08,0,0,0,0
1579,2025-09,0,0,0,0
1580,2024-12,3,103,2,0
1580,2025-01,1,42,1,0
1580,2025-02,0,0,0,0
1580,2025-03,1,22,0,0
1580,2025-04,0,0,0,0
1580,2025-05,0,0,0,0
1580,2025-06,1,38,0,0
1580,2025-07,1,27,0,0
1580,2025-08,4,121,0,0
1580,2025-09,0,0,0,0
1580,2025-10,1,32,0,0
1580,2025-11,0,0,0,0
1581,2024-11,6,151,0,0
1581,2024-12,2,41,0,0
1581,2025-01,3,70,0,0
1581,2025-02,0,0,0,0
1581,2025-03,2,49,0,0
1581,2025-04,2,74,0,0
1581,2025-05,2,51,0,0
1581,2025-06,1,26,0,0
1581,2025-07,1,18,0,0
1581,2025-08,1,32,0,0
1581,2025-09,1,24,0,0
1582,2025-06,4,136,1,0
1582,2025-07,0,0,0,0
1582,2025-08,4,106,0,0
1582,2025-09,2,41,0,0
1582,2025-10,4,139,0,0
1582,2025-11,1,30,0,1
1582,2025-12,5,112,0,0
1583,2025-09,20,457,9,0
1583,2025-10,33,947,7,0
1583,2025-11,21,543,8,0
1583,2025-12,22,429,10,0
1584,2025-07,2,58,0,0
1584,2025-08,2,48,2,0
1584,2025-09,3,67,1,0
1584,2025-10,6,209,2,0
1584,2025-11,2,39,0,0
1584,2025-12,2,80,2,1
1585,2025-03,2,39,0,0
1585,2025-04,0,0,0,0
1585,2025-05,0,0,0,0
1585,2025-06,1,38,0,0
1585,2025-07,3,117,0,0
1585,2025-08,0,0,0,0
1585,2025-09,0,0,0,0
1585,2025-10,0,0,0,0
1585,2025-11,1,24,0,0
1586,2025-06,11,364,0,0
1586,2025-07,7,157,0,0
1586,2025-08,5,177,0,0
1586,2025-09,9,306,0,0
1586,2025-10,7,275,0,0
1586,2025-11,5,152,0,0
1586,2025-12,7,251,0,0
1587,2025-07,3,68,0,0
1587,2025-08,3,108,0,1
1587,2025-09,5,91,2,0
1587,2025-10,7,193,1,0
1587,2025-11,6,113,1,0
1587,2025-12,6,233,1,0
1588,2025-09,3,78,0,0
1588,2025-10,3,121,1,0
1588,2025-11,5,199,0,0
1588,2025-12,5,111,2,0
1589,2024-11,0,0,0,0
1589,2024-12,0,0,0,0
1589,2025-01,1,26,0,0
1590,2024-12,10,384,0,0
1590,2025-01,3,72,0,0
1590,2025-02,2,48,0,0
1590,2025-03,6,109,0,0
1590,2025-04,0,0,0,0
1590,2025-05,11,306,0,0
1590,2025-06,8,224,0,0
1590,2025-07,3,84,0,0
1590,2025-08,3,69,0,0
1590,2025-09,5,128,0,0
1590,2025-10,1,39,0,1
1590,2025-11,8,247,0,0
1590,2025-12,4,110,0,0
1591,2024-12,7,189,0,0
1591,2025-01,4,103,0,0
1591,2025-02,4,73,0,0
1591,2025-03,4,144,0,0
1591,2025-04,2,82,0,0
1591,2025-05,0,0,0,0
1591,2025-06,2,76,0,0
1591,2025-07,2,39,0,0
1591,2025-08,0,0,0,0
1591,2025-09,1,36,0,0
1591,2025-10,0,0,0,0
1591,2025-11,1,27,0,0
1592,2025-02,8,237,0,0
1592,2025-03,8,227,0,0
1592,2025-04,10,387,0,0
1592,2025-05,9,309,0,0
1592,2025-06,4,94,0,0
1592,2025-07,4,127,0,2
1592,2025-08,4,110,0,0
1592,2025-09,1,32,0,0
1592,2025-10,4,147,0,1
1593,2024-12,6,196,1,0
1593,2025-01,7,157,6,0
1593,2025-02,5,103,3,0
1593,2025-03,8,202,2,0
1593,2025-04,2,77,3,0
1593,2025-05,8,170,5,0
1593,2025-06,7,175,5,0
1593,2025-07,5,109,1,0
1593,2025-08,6,139,6,0
1593,2025-09,5,125,3,0
1593,2025-10,10,342,5,1
1593,2025-11,6,111,1,0
1593,2025-12,8,214,2,0
1594,2024-10,1,32,0,0
1594,2024-11,4,157,0,1
1594,2024-12,7,262,0,0
1594,2025-01,0,0,0,0
1594,2025-02,5,153,0,0
1594,2025-03,2,80,0,0
1594,2025-04,1,36,0,0
1594,2025-05,1,39,0,0
1594,2025-06,1,30,0,0
1594,2025-07,2,48,0,0
1594,2025-08,1,23,0,0
1594,2025-09,0,0,0,0
1595,2024-10,0,0,0,0
1596,2025-10,6,167,0,0
1596,2025-11,10,232,0,0
1596,2025-12,5,158,0,0
1597,2025-03,5,92,1,0
1597,2025-04,8,247,2,0
1597,2025-05,5,138,0,0
1597,2025-06,6,183,3,0
1597,2025-07,5,187,3,0
1597,2025-08,3,107,0,0
1597,2025-09,7,178,2,0
1597,2025-10,6,180,0,0
1597,2025-11,2,68,0,0
1597,2025-12,4,99,3,0
1598,2025-07,3,100,1,0
2010,2025-06,5,184,3,1
1598,2025-08,1,37,0,0
1598,2025-09,2,36,2,0
1598,2025-10,3,97,0,0
1598,2025-11,1,29,0,0
1598,2025-12,3,102,2,0
1599,2025-09,3,109,0,0
1599,2025-10,6,151,0,0
1599,2025-11,5,192,0,0
1599,2025-12,5,96,0,1
1600,2024-10,3,55,0,0
1600,2024-11,8,266,0,0
1600,2024-12,3,62,0,1
1600,2025-01,7,149,0,0
1600,2025-02,4,94,0,0
1600,2025-03,6,238,0,0
1600,2025-04,4,76,0,0
1600,2025-05,5,160,0,1
1600,2025-06,6,238,0,0
1601,2025-03,3,77,0,0
1601,2025-04,4,141,0,0
1601,2025-05,3,86,0,0
1601,2025-06,4,163,1,0
1601,2025-07,4,164,0,0
1601,2025-08,3,78,1,2
1601,2025-09,3,99,1,0
1601,2025-10,4,125,0,0
1601,2025-11,4,102,1,0
1601,2025-12,5,151,2,1
1602,2025-09,1,40,0,0
1602,2025-10,4,106,1,0
1602,2025-11,4,121,0,0
1602,2025-12,5,132,1,0
1603,2025-08,5,186,0,1
1603,2025-09,0,0,0,1
1603,2025-10,4,78,0,2
1603,2025-11,2,41,0,0
1604,2025-05,10,405,1,0
1604,2025-06,10,263,5,0
1604,2025-07,5,98,2,0
1604,2025-08,14,298,7,0
1604,2025-09,8,334,3,1
1604,2025-10,8,289,3,0
1604,2025-11,12,343,4,1
1604,2025-12,8,240,4,0
1605,2025-07,3,82,0,0
1605,2025-08,6,131,0,0
1606,2025-05,8,230,0,0
1606,2025-06,5,99,0,0
1606,2025-07,8,145,0,0
1606,2025-08,9,200,0,0
1606,2025-09,3,74,0,0
1606,2025-10,8,298,0,0
1606,2025-11,7,226,0,0
1606,2025-12,5,195,0,0
1607,2025-05,1,34,1,0
1607,2025-06,0,0,0,0
1608,2025-10,3,116,0,0
1608,2025-11,8,269,0,0
1608,2025-12,3,78,0,0
1609,2025-09,3,96,0,0
1609,2025-10,0,0,0,0
1610,2025-09,0,0,0,0
1610,2025-10,1,23,0,0
1610,2025-11,2,44,0,0
1610,2025-12,0,0,0,0
1611,2025-08,2,68,1,0
1611,2025-09,7,284,2,0
1611,2025-10,3,123,0,0
1611,2025-11,0,0,0,0
1611,2025-12,2,44,2,1
1612,2024-07,2,70,0,0
1612,2024-08,3,68,0,0
1612,2024-09,1,28,0,0
1612,2024-10,0,0,0,0
1612,2024-11,0,0,0,0
1612,2024-12,0,0,0,0
1612,2025-01,3,105,0,0
1612,2025-02,1,31,0,0
1612,2025-03,0,0,0,0
1612,2025-04,0,0,0,0
1612,2025-05,0,0,0,0
1612,2025-06,0,0,0,0
1613,2025-07,2,76,3,0
1613,2025-08,0,0,0,1
1614,2025-10,9,248,3,1
1615,2025-06,2,48,0,0
1615,2025-07,2,54,2,0
1615,2025-08,2,80,0,0
1615,2025-09,1,28,0,0
1615,2025-10,2,69,0,0
1615,2025-11,3,58,1,0
1615,2025-12,4,123,2,0
1616,2025-01,5,161,0,0
1616,2025-02,7,258,3,0
1616,2025-03,8,211,2,0
1616,2025-04,7,,5,1
1617,2025-10,1,21,0,0
1617,2025-11,0,0,0,0
1617,2025-12,1,34,0,0
1618,2025-05,13,,4,1
1618,2025-06,11,210,4,0
1618,2025-07,13,250,1,1
1618,2025-08,16,445,7,1
1618,2025-09,13,493,3,0
1618,2025-10,11,247,3,0
1618,2025-11,11,219,1,1
1618,2025-12,8,303,1,0
1619,2024-07,2,79,0,0
1619,2024-08,2,57,0,0
1619,2024-09,0,0,0,0
1619,2024-10,2,73,0,0
1619,2024-11,1,19,0,0
1619,2024-12,2,,0,0
1619,2025-01,2,79,0,0
1619,2025-02,0,0,0,0
1620,2024-11,3,101,0,0
1620,2024-12,1,37,0,0
1620,2025-01,0,0,0,0
1620,2025-02,1,33,1,0
1620,2025-03,0,0,0,0
1620,2025-04,0,0,0,0
1620,2025-05,2,44,0,0
1620,2025-06,2,58,2,0
1620,2025-07,0,0,0,0
1620,2025-08,2,50,0,0
1620,2025-09,0,0,0,0
1620,2025-10,1,22,0,0
1621,2025-04,2,42,0,0
1621,2025-05,0,0,0,0
1621,2025-06,3,56,0,0
1621,2025-07,2,37,0,0
1621,2025-08,0,0,0,1
1621,2025-09,3,68,1,0
1621,2025-10,0,0,0,0
1621,2025-11,0,0,0,0
1621,2025-12,3,66,0,0
1622,2025-09,2,77,0,0
1622,2025-10,2,61,0,0
1622,2025-11,1,26,0,0
1622,2025-12,0,0,0,0
1623,2025-03,0,0,0,0
1623,2025-04,1,19,0,0
1623,2025-05,3,89,0,0
1623,2025-06,0,0,0,1
1624,2025-07,0,0,0,0
1624,2025-08,0,0,0,0
1624,2025-09,0,0,0,0
1624,2025-10,0,0,0,0
1624,2025-11,1,22,0,0
1624,2025-12,2,70,0,0
1625,2024-10,9,292,0,0
1625,2024-11,7,201,0,0
1625,2024-12,9,313,0,0
1625,2025-01,5,148,0,0
1625,2025-02,8,320,0,0
1625,2025-03,4,139,0,0
1625,2025-04,7,276,0,0
1625,2025-05,4,154,0,0
1625,2025-06,9,203,0,0
1625,2025-07,6,204,0,1
1625,2025-08,4,108,0,1
1625,2025-09,4,155,0,1
1626,2024-10,11,440,1,1
1626,2024-11,4,163,0,1
1626,2024-12,9,164,2,0
1626,2025-01,10,377,1,1
1626,2025-02,8,169,3,1
1626,2025-03,9,226,3,0
1627,2025-02,2,72,0,0
1627,2025-03,1,29,0,1
1628,2025-07,10,203,2,0
1628,2025-08,9,228,2,0
1628,2025-09,3,91,0,0
1628,2025-10,7,152,3,0
1628,2025-11,4,152,2,0
1628,2025-12,7,238,2,0
1629,2025-06,5,130,0,0
1629,2025-07,5,98,0,0
1629,2025-08,7,134,0,0
1630,2025-03,3,106,0,0
1630,2025-04,5,164,0,0
1630,2025-05,2,53,0,0
1630,2025-06,0,0,0,0
1630,2025-07,2,51,0,0
1630,2025-08,0,0,0,0
1630,2025-09,1,35,0,0
1630,2025-10,2,46,0,0
1630,2025-11,1,37,0,0
1630,2025-12,0,0,0,0
1631,2024-11,3,86,2,1
1631,2024-12,1,19,0,0
1631,2025-01,1,38,0,0
1632,2024-10,2,56,1,0
1632,2024-11,1,40,0,0
1632,2024-12,0,0,0,0
1632,2025-01,1,27,0,0
1632,2025-02,4,110,2,0
1632,2025-03,1,39,1,0
1632,2025-04,1,25,1,0
1632,2025-05,0,0,0,0
1632,2025-06,1,24,0,0
1632,2025-07,1,39,0,0
1632,2025-08,3,86,2,0
1632,2025-09,0,0,0,0
1633,2024-09,3,84,2,0
1633,2024-10,3,84,0,0
1633,2024-11,3,86,0,0
1633,2024-12,2,73,0,0
1633,2025-01,1,37,0,0
1633,2025-02,3,111,0,0
1633,2025-03,2,58,0,0
1633,2025-04,2,78,3,0
1633,2025-05,1,42,0,1
1633,2025-06,0,0,0,0
1633,2025-07,1,34,1,2
1633,2025-08,0,0,0,0
1634,2025-10,7,138,0,1
1634,2025-11,3,78,0,0
1634,2025-12,6,108,0,0
1635,2024-07,3,64,0,0
1635,2024-08,1,23,0,0
1635,2024-09,3,73,0,0
1635,2024-10,0,0,0,0
1636,2024-07,5,129,0,0
1636,2024-08,2,49,0,0
1636,2024-09,4,89,0,0
1636,2024-10,1,22,0,0
1636,2024-11,4,106,0,0
1636,2024-12,4,114,0,0
1636,2025-01,4,92,0,0
1636,2025-02,2,49,0,0
1636,2025-03,2,61,0,0
1637,2025-06,6,118,0,0
1637,2025-07,9,272,0,0
1637,2025-08,3,102,0,0
1637,2025-09,4,104,0,0
1637,2025-10,5,104,0,0
1637,2025-11,9,376,0,0
1637,2025-12,8,301,0,1
1638,2025-10,2,36,0,0
1638,2025-11,1,29,0,0
1638,2025-12,3,91,0,0
1639,2025-03,3,79,0,0
1639,2025-04,6,131,0,0
1639,2025-05,6,227,0,0
1639,2025-06,6,165,0,1
1639,2025-07,5,181,0,0
1639,2025-08,9,175,0,0
1639,2025-09,3,73,0,0
1639,2025-10,4,105,0,0
1639,2025-11,4,125,0,0
1639,2025-12,2,75,0,0
1640,2024-10,5,102,1,0
1640,2024-11,4,137,0,0
1640,2024-12,4,75,2,0
1640,2025-01,4,165,0,0
1640,2025-02,3,119,2,0
1640,2025-03,4,83,2,0
1640,2025-04,3,62,2,1
1640,2025-05,5,114,1,0
1640,2025-06,8,243,0,0
1640,2025-07,5,115,2,0
1640,2025-08,8,267,2,0
1640,2025-09,10,375,3,1
1641,2025-03,5,149,0,0
1641,2025-04,2,63,0,0
1641,2025-05,1,18,0,0
1641,2025-06,6,248,0,0
1641,2025-07,7,196,0,0
1641,2025-08,5,180,0,0
1641,2025-09,6,159,0,0
1641,2025-10,7,159,0,0
1641,2025-11,6,208,0,0
1641,2025-12,6,243,0,0
1642,2025-08,19,545,0,1
1642,2025-09,20,506,0,0
1642,2025-10,29,1209,0,1
1642,2025-11,31,756,0,1
1642,2025-12,37,1221,0,0
1643,2025-08,4,,2,0
1643,2025-09,3,110,1,0
1644,2025-05,5,163,0,0
1644,2025-06,9,279,0,0
1644,2025-07,2,78,0,0
1644,2025-08,5,113,0,0
1644,2025-09,1,39,0,0
1644,2025-10,9,188,0,0
1644,2025-11,5,106,0,0
1644,2025-12,2,80,0,0
1645,2024-07,3,79,0,0
1645,2024-08,2,56,0,0
1646,2024-07,3,101,0,0
1646,2024-08,2,76,0,0
1646,2024-09,1,35,0,0
1646,2024-10,1,23,0,0
1646,2024-11,2,60,0,0
1646,2024-12,3,78,0,0
1646,2025-01,2,56,0,1
1646,2025-02,2,38,0,0
1646,2025-03,2,75,0,0
1646,2025-04,0,,0,0
1646,2025-05,1,23,0,0
1646,2025-06,0,0,0,0
1647,2025-04,1,20,0,0
1647,2025-05,2,43,0,0
1647,2025-06,3,115,0,0
1647,2025-07,1,18,0,1
1647,2025-08,1,25,0,0
1647,2025-09,2,60,0,0
1647,2025-10,6,248,0,0
1647,2025-11,0,0,0,0
1648,2024-07,8,302,3,0
1648,2024-08,3,84,0,0
1648,2024-09,2,76,1,0
1648,2024-10,3,96,1,2
1648,2024-11,4,154,0,0
1648,2024-12,5,170,2,2
1648,2025-01,7,239,3,0
718,2025-11,3,97,2,0
1648,2025-02,6,222,3,1
1649,2025-06,1,35,0,0
1649,2025-07,2,60,0,0
1649,2025-08,2,54,0,0
1650,2025-10,0,0,0,0
1650,2025-11,1,25,0,0
1650,2025-12,0,0,0,0
1651,2025-01,1,40,0,0
1651,2025-02,6,232,0,0
1651,2025-03,1,28,0,0
1651,2025-04,0,0,0,0
1652,2025-05,9,222,0,0
1652,2025-06,7,191,0,0
1652,2025-07,12,490,0,0
1653,2024-12,3,104,0,0
1653,2025-01,4,146,1,0
1653,2025-02,2,67,0,0
1653,2025-03,5,178,0,0
1653,2025-04,7,233,1,0
1653,2025-05,1,37,0,0
1654,2024-08,2,59,0,0
1654,2024-09,6,157,2,0
1654,2024-10,3,81,0,0
1654,2024-11,6,249,2,0
1654,2024-12,5,158,0,1
1654,2025-01,5,125,1,0
1654,2025-02,4,77,5,0
1654,2025-03,4,92,1,0
1654,2025-04,8,173,1,0
1654,2025-05,8,297,1,0
1654,2025-06,7,155,0,0
1654,2025-07,7,272,2,0
1654,2025-08,2,43,1,0
1654,2025-09,6,109,1,1
1654,2025-10,2,73,1,2
1654,2025-11,5,146,1,0
1654,2025-12,11,330,2,1
1655,2025-03,0,0,0,0
1656,2025-02,1,31,0,0
1656,2025-03,4,145,0,0
1656,2025-04,6,122,0,0
1656,2025-05,8,266,0,0
1656,2025-06,1,25,0,0
1656,2025-07,7,192,0,0
1656,2025-08,3,83,0,0
1656,2025-09,5,127,0,0
1656,2025-10,8,292,0,0
1656,2025-11,9,344,0,0
1656,2025-12,7,202,0,0
1657,2025-06,5,110,0,0
1657,2025-07,7,154,0,0
1657,2025-08,6,165,0,0
1657,2025-09,6,129,0,0
1657,2025-10,8,223,0,0
1657,2025-11,6,239,0,0
1657,2025-12,7,206,0,0
1658,2025-06,7,217,0,0
1658,2025-07,7,256,0,0
1658,2025-08,4,96,0,0
1658,2025-09,8,304,0,0
1658,2025-10,6,179,0,1
1658,2025-11,7,232,0,0
1658,2025-12,5,152,0,0
1659,2025-05,4,122,0,0
1659,2025-06,2,43,0,0
1660,2025-09,3,89,1,0
1660,2025-10,3,106,2,0
1660,2025-11,3,107,0,0
1660,2025-12,2,68,0,0
1661,2025-06,4,96,0,0
1661,2025-07,2,66,0,0
1661,2025-08,2,82,0,0
1661,2025-09,4,89,0,0
1661,2025-10,2,70,0,0
1661,2025-11,6,187,0,0
1661,2025-12,4,135,0,0
1662,2024-12,2,65,0,0
1662,2025-01,2,83,0,0
1662,2025-02,3,110,0,0
1662,2025-03,6,120,2,0
1662,2025-04,2,45,0,0
1662,2025-05,1,39,0,0
1662,2025-06,0,0,0,0
1662,2025-07,1,18,0,1
1662,2025-08,0,,0,0
1662,2025-09,1,41,0,1
1662,2025-10,0,0,0,0
1662,2025-11,1,36,1,1
1663,2024-12,2,62,0,0
1663,2025-01,1,22,0,0
1663,2025-02,1,35,0,0
1663,2025-03,3,119,0,0
1663,2025-04,0,0,0,0
1663,2025-05,1,21,0,0
1663,2025-06,2,79,0,0
2971,2025-09,3,107,2,0
1663,2025-07,2,67,0,0
1663,2025-08,2,42,0,0
1663,2025-09,1,35,0,0
1663,2025-10,3,122,0,1
1663,2025-11,0,0,0,0
1663,2025-12,0,0,0,1
1664,2025-01,2,81,1,0
1664,2025-02,3,78,0,0
1664,2025-03,1,33,1,0
1664,2025-04,0,0,0,0
1664,2025-05,0,0,0,1
3740,2025-04,12,317,4,0
1664,2025-06,2,67,0,0
1664,2025-07,3,89,0,0
1664,2025-08,3,88,0,0
1664,2025-09,3,86,0,1
1664,2025-10,1,36,0,0
1664,2025-11,0,0,0,0
1664,2025-12,1,25,0,0
1665,2025-09,4,104,0,0
1665,2025-10,8,222,3,0
1665,2025-11,4,100,1,0
1665,2025-12,3,90,1,0
1666,2024-11,0,0,0,0
1666,2024-12,0,0,0,0
1667,2024-11,7,203,0,1
1667,2024-12,3,100,0,0
1667,2025-01,2,65,0,0
1667,2025-02,4,140,0,0
1667,2025-03,8,277,0,0
1667,2025-04,4,133,0,0
1667,2025-05,5,136,0,0
1667,2025-06,4,,0,0
1668,2025-09,21,718,0,0
1668,2025-10,9,349,0,0
1668,2025-11,11,290,0,0
1668,2025-12,11,443,0,0
1669,2025-01,4,110,2,0
1669,2025-02,2,79,3,0
1669,2025-03,8,251,6,0
1670,2025-01,8,210,0,0
1670,2025-02,3,58,0,0
1670,2025-03,2,65,0,0
1670,2025-04,1,34,0,0
1670,2025-05,1,25,0,0
1671,2024-11,5,133,0,0
1671,2024-12,6,110,0,0
1671,2025-01,8,321,0,0
1671,2025-02,6,166,0,0
1671,2025-03,5,99,0,0
1671,2025-04,4,122,0,0
1671,2025-05,5,164,0,1
1671,2025-06,6,158,0,0
1671,2025-07,11,273,0,0
1671,2025-08,12,423,0,0
1671,2025-09,6,172,0,0
1671,2025-10,6,199,0,0
1671,2025-11,7,288,0,1
1671,2025-12,5,160,0,2
1672,2024-09,2,53,0,0
1672,2024-10,1,36,1,0
1672,2024-11,0,0,0,0
1673,2025-04,2,,0,0
1674,2025-10,0,0,0,0
1674,2025-11,2,68,1,0
1674,2025-12,0,0,0,0
1675,2025-03,5,118,4,0
1675,2025-04,3,78,1,0
1675,2025-05,11,449,6,0
1675,2025-06,5,178,1,0
1675,2025-07,8,291,4,0
1675,2025-08,4,84,2,0
1675,2025-09,5,137,0,0
1675,2025-10,5,194,3,1
1675,2025-11,5,122,3,0
1675,2025-12,8,201,4,1
1676,2025-05,4,76,0,0
1676,2025-06,5,175,0,0
1676,2025-07,5,136,0,0
1676,2025-08,4,138,0,0
1676,2025-09,8,334,0,0
1676,2025-10,4,137,0,1
1676,2025-11,4,141,0,0
1676,2025-12,8,,0,1
1677,2025-05,5,115,2,0
1677,2025-06,14,536,6,0
1678,2025-08,1,27,0,0
1678,2025-09,2,71,0,0
1678,2025-10,0,0,0,0
1678,2025-11,2,42,0,0
1678,2025-12,1,23,0,0
1679,2025-09,11,271,0,0
1679,2025-10,9,257,0,0
1679,2025-11,14,523,0,0
1679,2025-12,13,533,0,0
1680,2025-10,4,94,3,1
1680,2025-11,0,0,0,0
1680,2025-12,2,57,0,0
1681,2024-09,1,39,0,0
1681,2024-10,4,101,0,0
1681,2024-11,2,70,0,0
1682,2024-11,9,370,10,0
1682,2024-12,11,320,3,0
1682,2025-01,9,337,5,0
1682,2025-02,9,169,3,0
1682,2025-03,9,218,1,0
1682,2025-04,9,286,1,0
1682,2025-05,11,283,5,0
1682,2025-06,10,264,2,0
1682,2025-07,9,177,5,0
1682,2025-08,8,250,5,0
1682,2025-09,8,266,6,0
1682,2025-10,8,307,3,0
1682,2025-11,10,304,1,0
1682,2025-12,6,213,3,0
1683,2025-05,2,51,0,0
1683,2025-06,7,284,2,0
1683,2025-07,2,70,2,0
1683,2025-08,2,82,1,0
1683,2025-09,1,38,0,0
1683,2025-10,4,140,4,0
1683,2025-11,4,129,0,0
1683,2025-12,1,31,1,1
1684,2025-09,2,38,1,0
1685,2024-10,5,91,0,1
1685,2024-11,9,251,0,0
1685,2024-12,12,452,0,0
1685,2025-01,7,222,0,0
1685,2025-02,6,163,0,1
1685,2025-03,4,168,0,2
1685,2025-04,5,139,0,1
1685,2025-05,10,200,0,0
1685,2025-06,6,166,0,1
1685,2025-07,3,123,0,1
1685,2025-08,2,78,0,1
1685,2025-09,7,187,0,0
1685,2025-10,5,171,0,0
1685,2025-11,11,305,0,0
1685,2025-12,3,89,0,0
1686,2024-07,1,29,0,1
1687,2025-03,8,329,4,0
1687,2025-04,2,64,1,0
1687,2025-05,9,206,2,0
1687,2025-06,5,143,3,0
1687,2025-07,8,267,2,0
1687,2025-08,5,109,3,0
1687,2025-09,9,320,3,0
1687,2025-10,3,64,1,0
1687,2025-11,4,110,1,0
1688,2025-05,3,62,0,0
1688,2025-06,3,104,0,1
1688,2025-07,2,55,0,0
1688,2025-08,1,29,0,0
1689,2025-08,3,56,2,0
1689,2025-09,0,0,0,0
1690,2025-10,13,521,0,0
1690,2025-11,20,838,0,0
1690,2025-12,11,324,0,0
1691,2025-03,0,0,0,0
1691,2025-04,1,34,0,0
1691,2025-05,3,119,0,0
1691,2025-06,1,26,0,0
1692,2024-08,2,62,2,0
1692,2024-09,3,105,0,0
1692,2024-10,3,98,1,0
1692,2024-11,6,221,2,0
1692,2024-12,4,75,1,0
1692,2025-01,4,76,0,0
1692,2025-02,5,134,1,0
1692,2025-03,7,277,1,0
1692,2025-04,1,34,1,0
1692,2025-05,2,53,1,0
1692,2025-06,6,202,3,0
1692,2025-07,3,81,4,0
1692,2025-08,3,123,0,0
1692,2025-09,3,73,1,0
1692,2025-10,3,70,0,0
1692,2025-11,4,138,1,0
1692,2025-12,0,0,0,0
1693,2025-06,11,235,0,0
1693,2025-07,12,462,0,0
1693,2025-08,4,87,0,1
1693,2025-09,7,231,0,0
1693,2025-10,8,244,0,1
1693,2025-11,7,133,0,0
1693,2025-12,6,236,0,0
1694,2024-12,7,267,3,0
1694,2025-01,14,540,4,0
1694,2025-02,6,120,1,1
1694,2025-03,6,183,4,1
1694,2025-04,4,81,0,0
1694,2025-05,7,150,3,1
1694,2025-06,8,204,3,0
1694,2025-07,7,231,1,0
1694,2025-08,4,129,0,0
1694,2025-09,8,319,0,1
1694,2025-10,14,332,3,0
1694,2025-11,10,419,2,0
1694,2025-12,8,260,0,0
1695,2024-12,2,49,0,0
1695,2025-01,2,68,0,0
1695,2025-02,0,0,0,0
1696,2024-12,2,55,0,0
1696,2025-01,2,58,0,0
1696,2025-02,1,29,0,0
1697,2024-07,11,388,5,0
1697,2024-08,5,208,1,0
1697,2024-09,4,95,0,0
1697,2024-10,3,79,1,0
1697,2024-11,5,108,2,0
1697,2024-12,3,113,2,0
1697,2025-01,4,77,1,0
1697,2025-02,2,67,0,0
1697,2025-03,6,126,0,0
1697,2025-04,11,226,2,0
1697,2025-05,2,81,0,0
1697,2025-06,0,0,0,0
1697,2025-07,5,210,3,1
1697,2025-08,4,114,1,0
1697,2025-09,2,71,0,0
1697,2025-10,5,182,3,0
1697,2025-11,4,99,2,0
1697,2025-12,4,156,1,0
1698,2025-04,0,0,0,0
1698,2025-05,1,33,0,0
1698,2025-06,1,40,0,0
1698,2025-07,0,0,0,0
1698,2025-08,3,118,0,0
1698,2025-09,1,22,0,0
1699,2025-07,2,67,0,0
1699,2025-08,2,75,1,0
1699,2025-09,2,37,1,0
1699,2025-10,1,41,0,0
1699,2025-11,3,81,3,0
1699,2025-12,1,35,0,1
1700,2025-07,0,0,0,1
1701,2024-11,4,148,0,0
1701,2024-12,1,30,0,0
1701,2025-01,2,,0,0
1701,2025-02,4,85,0,0
1701,2025-03,3,108,0,0
1701,2025-04,1,32,0,0
1701,2025-05,1,22,0,0
1701,2025-06,1,34,0,0
1701,2025-07,0,0,0,0
1701,2025-08,2,79,0,0
1701,2025-09,0,0,0,0
1701,2025-10,1,21,0,1
1701,2025-11,3,57,0,1
1701,2025-12,2,60,0,0
1702,2024-12,1,34,0,0
1702,2025-01,1,42,0,0
1703,2025-08,4,100,0,0
1703,2025-09,5,196,1,0
1703,2025-10,4,167,0,0
1703,2025-11,5,138,0,0
1703,2025-12,7,272,1,0
1704,2025-06,5,147,0,0
1704,2025-07,7,211,0,0
1704,2025-08,1,36,0,0
1704,2025-09,4,158,0,0
1704,2025-10,6,177,0,0
1704,2025-11,6,181,0,0
1704,2025-12,0,0,0,0
1705,2024-09,1,27,1,0
1705,2024-10,3,99,1,0
1705,2024-11,5,132,6,0
1705,2024-12,2,37,1,0
1705,2025-01,1,30,0,0
1705,2025-02,2,66,1,0
1705,2025-03,2,70,3,0
1705,2025-04,0,0,0,2
1705,2025-05,1,38,0,0
1705,2025-06,1,36,2,0
1705,2025-07,1,27,0,1
1706,2025-09,0,0,0,0
1706,2025-10,1,21,0,1
1706,2025-11,2,59,0,0
1706,2025-12,2,80,0,0
1707,2024-11,2,42,0,0
1707,2024-12,2,64,0,0
1707,2025-01,1,27,0,0
1707,2025-02,2,54,3,0
1707,2025-03,3,70,1,0
1707,2025-04,3,121,0,0
1707,2025-05,2,59,1,0
1707,2025-06,1,24,0,0
1708,2024-09,3,86,1,0
1708,2024-10,2,78,0,0
1708,2024-11,2,37,0,1
1708,2024-12,2,50,0,0
1708,2025-01,0,0,0,0
1708,2025-02,0,0,0,0
1708,2025-03,3,66,0,0
1708,2025-04,1,27,0,0
1709,2025-10,2,54,0,0
1709,2025-11,2,63,0,0
1710,2025-01,2,70,1,1
1710,2025-02,5,137,2,0
1710,2025-03,5,114,5,0
1710,2025-04,3,90,1,0
1710,2025-05,5,153,1,0
1710,2025-06,0,0,0,0
1710,2025-07,5,146,2,1
1710,2025-08,5,198,2,1
1710,2025-09,1,40,0,1
1710,2025-10,4,86,3,1
1710,2025-11,7,144,6,1
1710,2025-12,4,93,2,0
1711,2024-11,2,83,1,0
1711,2024-12,2,53,3,0
1711,2025-01,2,63,2,0
1711,2025-02,0,0,0,0
1711,2025-03,0,,0,0
1711,2025-04,0,0,0,0
1711,2025-05,0,0,0,0
1711,2025-06,0,0,0,1
1711,2025-07,0,0,0,0
1711,2025-08,0,0,0,0
1712,2025-01,6,174,1,0
1712,2025-02,5,113,2,0
1712,2025-03,5,185,0,0
1712,2025-04,7,206,0,0
1712,2025-05,11,361,4,0
1712,2025-06,6,161,2,0
1713,2024-11,3,97,0,0
1713,2024-12,3,113,0,0
1713,2025-01,4,136,0,0
1713,2025-02,4,106,0,0
1713,2025-03,1,22,0,0
1713,2025-04,1,37,0,0
1713,2025-05,3,85,0,0
1713,2025-06,0,0,0,0
1713,2025-07,0,0,0,0
1713,2025-08,3,57,0,0
1713,2025-09,0,0,0,0
1713,2025-10,1,23,0,0
1714,2025-06,1,35,0,0
1714,2025-07,1,22,0,0
1714,2025-08,1,23,0,1
1714,2025-09,2,72,1,0
1714,2025-10,0,0,0,0
1714,2025-11,1,40,0,1
1714,2025-12,0,0,0,1
1715,2025-02,4,122,1,0
1715,2025-03,3,85,4,0
1715,2025-04,3,88,0,0
1715,2025-05,1,40,0,0
1716,2025-06,0,0,0,0
1716,2025-07,1,22,0,0
1716,2025-08,2,68,0,0
1716,2025-09,1,42,0,0
1716,2025-10,0,0,0,0
1716,2025-11,1,34,0,0
1717,2025-07,4,115,0,1
1717,2025-08,1,,0,0
1717,2025-09,4,132,0,0
1717,2025-10,2,49,0,0
1717,2025-11,0,0,0,0
1718,2025-08,0,0,0,0
1718,2025-09,3,120,2,0
1718,2025-10,2,36,0,0
1718,2025-11,3,97,0,0
1718,2025-12,1,32,0,0
1719,2025-04,6,219,0,0
1719,2025-05,3,88,0,0
1719,2025-06,5,146,0,0
1719,2025-07,2,70,0,0
1720,2025-02,4,141,0,0
1720,2025-03,2,80,0,0
167,2025-03,11,405,0,0
1720,2025-04,3,122,0,0
1720,2025-05,4,81,0,0
1720,2025-06,2,,0,0
1720,2025-07,2,37,0,0
1720,2025-08,5,174,0,0
1720,2025-09,2,82,0,0
1720,2025-10,1,23,0,0
1720,2025-11,0,0,0,0
1720,2025-12,0,0,0,0
1721,2025-06,11,423,0,0
1721,2025-07,12,216,0,0
1721,2025-08,7,229,0,0
1721,2025-09,13,301,0,0
1721,2025-10,6,133,0,1
1721,2025-11,7,287,0,0
1721,2025-12,9,245,0,1
1722,2025-08,3,120,0,0
1722,2025-09,0,0,0,0
1722,2025-10,3,105,0,0
1722,2025-11,1,23,0,1
1722,2025-12,0,0,0,1
1723,2025-06,14,391,0,1
1723,2025-07,10,221,0,0
1723,2025-08,12,411,0,1
356,2025-04,3,64,0,0
1723,2025-09,26,1004,0,0
1723,2025-10,20,474,0,0
3962,2025-12,2,48,0,0
1723,2025-11,20,755,0,0
1723,2025-12,17,402,0,0
1724,2025-05,3,96,1,0
1724,2025-06,4,166,0,0
1724,2025-07,6,159,1,1
1724,2025-08,4,134,1,0
1724,2025-09,3,122,1,1
1725,2025-08,1,38,0,0
1725,2025-09,2,79,0,0
1725,2025-10,2,72,0,0
1725,2025-11,0,0,0,0
1725,2025-12,2,46,0,0
1726,2025-07,1,39,0,0
1522,2025-06,4,166,4,0
1726,2025-08,7,266,0,0
1726,2025-09,10,408,0,0
1726,2025-10,8,308,0,0
1726,2025-11,8,192,0,0
1726,2025-12,7,170,0,0
1727,2025-04,1,23,0,0
1728,2025-06,3,57,1,0
1728,2025-07,1,35,2,1
1728,2025-08,0,0,0,0
1728,2025-09,2,37,1,0
1728,2025-10,2,59,0,1
1728,2025-11,3,117,0,0
1728,2025-12,2,49,0,0
1729,2025-03,1,35,0,0
1729,2025-04,3,96,0,0
1729,2025-05,4,147,0,0
1729,2025-06,1,22,0,0
1729,2025-07,4,,1,0
1729,2025-08,2,52,1,0
1729,2025-09,3,110,1,0
1729,2025-10,2,45,0,1
1729,2025-11,2,55,1,1
1729,2025-12,2,52,0,0
1730,2024-09,8,213,2,0
1730,2024-10,4,112,3,0
1730,2024-11,5,117,2,0
1730,2024-12,6,161,2,1
1730,2025-01,3,121,0,0
1730,2025-02,6,197,2,0
1730,2025-03,9,352,7,0
1730,2025-04,4,139,3,0
1730,2025-05,6,217,1,0
1730,2025-06,4,96,3,0
1730,2025-07,10,211,4,0
1730,2025-08,6,143,1,0
1730,2025-09,3,93,0,0
1730,2025-10,1,20,0,0
1730,2025-11,7,280,1,0
1730,2025-12,2,44,1,1
1731,2024-07,3,,0,0
1731,2024-08,2,65,0,0
1731,2024-09,3,86,0,0
1731,2024-10,3,125,0,0
1731,2024-11,1,37,0,0
1732,2025-10,5,139,0,0
1732,2025-11,2,62,0,0
1732,2025-12,1,33,0,0
1733,2025-03,1,25,0,1
1734,2025-09,4,126,3,0
1734,2025-10,3,86,0,0
1734,2025-11,5,158,3,0
1734,2025-12,6,247,3,0
1735,2025-05,2,74,1,1
1735,2025-06,0,0,0,0
1735,2025-07,2,80,0,0
1735,2025-08,4,95,2,0
1735,2025-09,4,128,0,0
1735,2025-10,3,68,0,0
1735,2025-11,2,37,0,0
1735,2025-12,0,0,0,0
1736,2024-09,4,83,2,0
1736,2024-10,2,37,1,0
1736,2024-11,4,73,1,0
1736,2024-12,7,285,3,0
1736,2025-01,4,150,4,0
1736,2025-02,7,292,4,0
1736,2025-03,7,187,3,0
1736,2025-04,3,60,2,1
1736,2025-05,6,118,3,0
1736,2025-06,5,135,3,0
1736,2025-07,6,223,1,0
1736,2025-08,2,82,1,0
1736,2025-09,7,262,4,0
1736,2025-10,1,41,1,0
1736,2025-11,4,72,1,0
1736,2025-12,1,27,0,0
1737,2025-02,2,45,0,0
1737,2025-03,2,59,0,0
1737,2025-04,0,0,0,0
1737,2025-05,2,75,0,1
1737,2025-06,4,91,0,0
1737,2025-07,0,0,0,0
1737,2025-08,0,0,0,0
1737,2025-09,1,40,0,0
1737,2025-10,0,0,0,0
1737,2025-11,0,0,0,0
1737,2025-12,0,0,0,0
1738,2024-11,4,84,0,0
1738,2024-12,0,0,0,0
1738,2025-01,2,81,0,0
1738,2025-02,0,0,0,0
1738,2025-03,1,35,0,0
1739,2025-04,3,106,1,0
1739,2025-05,4,139,0,0
1739,2025-06,12,394,3,0
1739,2025-07,13,360,5,0
1739,2025-08,2,39,0,0
1739,2025-09,6,191,3,0
1739,2025-10,5,152,3,0
1739,2025-11,15,336,6,1
1739,2025-12,8,306,2,1
1740,2025-07,7,247,0,0
1740,2025-08,4,90,0,0
1740,2025-09,9,301,0,0
1741,2024-07,10,373,2,1
1741,2024-08,10,252,2,0
1741,2024-09,16,482,1,0
1741,2024-10,14,252,1,0
1741,2024-11,16,625,3,0
1741,2024-12,8,297,3,0
1741,2025-01,8,313,2,0
1741,2025-02,9,210,0,1
1741,2025-03,11,351,2,0
1741,2025-04,8,216,1,0
1741,2025-05,13,290,1,0
1741,2025-06,6,180,1,0
1741,2025-07,8,196,0,0
1741,2025-08,7,151,2,1
1742,2024-09,2,43,0,1
1742,2024-10,6,242,0,0
1742,2024-11,2,49,0,0
1742,2024-12,2,80,0,1
1742,2025-01,4,76,0,0
1742,2025-02,3,56,0,0
1742,2025-03,1,29,0,0
1742,2025-04,0,0,0,0
1742,2025-05,0,0,0,0
1742,2025-06,0,0,0,0
1742,2025-07,3,85,0,1
1743,2024-07,5,202,0,0
1743,2024-08,3,87,0,0
1743,2024-09,4,137,0,0
1743,2024-10,5,130,0,0
1743,2024-11,8,225,0,0
1743,2024-12,8,190,0,0
1743,2025-01,7,166,0,0
1743,2025-02,14,557,0,0
1743,2025-03,8,270,0,0
1743,2025-04,11,215,0,0
1743,2025-05,4,107,0,0
1743,2025-06,6,134,0,0
1743,2025-07,11,310,0,0
1744,2024-12,7,200,0,0
1744,2025-01,1,39,0,0
1744,2025-02,4,118,0,0
1744,2025-03,3,109,0,0
1744,2025-04,3,88,0,0
1744,2025-05,4,154,0,0
1744,2025-06,1,20,0,0
1744,2025-07,3,114,0,0
1744,2025-08,4,105,0,0
1744,2025-09,3,119,0,0
1744,2025-10,5,202,0,0
1744,2025-11,1,35,0,0
1744,2025-12,7,189,0,1
1745,2024-09,1,36,0,0
1745,2024-10,0,0,0,0
1745,2024-11,2,67,0,0
1745,2024-12,1,33,0,0
1745,2025-01,3,59,0,0
1745,2025-02,1,34,0,0
1745,2025-03,0,0,0,0
1746,2024-08,3,74,0,0
1746,2024-09,3,67,0,0
1746,2024-10,4,168,0,0
1746,2024-11,3,88,0,0
1746,2024-12,2,,0,0
1746,2025-01,2,47,0,1
1746,2025-02,1,34,0,0
1746,2025-03,2,67,0,0
1746,2025-04,2,42,0,0
1746,2025-05,1,35,0,0
1746,2025-06,1,24,0,0
1746,2025-07,0,0,0,0
1746,2025-08,0,0,0,0
1746,2025-09,1,30,0,0
1746,2025-10,3,90,0,0
1746,2025-11,0,0,0,0
1746,2025-12,1,23,0,0
1747,2025-01,3,63,1,0
1747,2025-02,0,0,0,0
1747,2025-03,3,68,1,0
1747,2025-04,2,39,0,0
1747,2025-05,0,0,0,0
1747,2025-06,1,21,0,1
1747,2025-07,1,35,0,0
1747,2025-08,1,36,0,0
1747,2025-09,3,76,2,0
1747,2025-10,3,121,0,0
1747,2025-11,1,37,1,0
1747,2025-12,2,36,1,1
1748,2025-05,2,80,0,0
1748,2025-06,6,137,0,0
1748,2025-07,5,108,0,0
1748,2025-08,3,59,0,0
1748,2025-09,3,89,0,0
1748,2025-10,4,138,0,0
1748,2025-11,4,77,0,0
1748,2025-12,4,72,0,0
1749,2024-11,0,0,0,0
1750,2025-02,1,22,0,0
1750,2025-03,5,123,0,1
1750,2025-04,5,107,0,1
1750,2025-05,0,0,0,1
1750,2025-06,1,22,0,0
1750,2025-07,4,128,0,0
1750,2025-08,5,177,0,0
1750,2025-09,7,286,0,1
1750,2025-10,4,165,0,0
1750,2025-11,2,81,0,0
1750,2025-12,5,168,0,2
1751,2025-01,6,127,3,0
1751,2025-02,7,188,2,0
1751,2025-03,5,189,3,1
1751,2025-04,3,113,0,0
1751,2025-05,5,127,4,0
1751,2025-06,3,55,1,0
1751,2025-07,4,145,2,0
1751,2025-08,7,208,2,0
1751,2025-09,3,55,2,0
1751,2025-10,2,52,1,0
1751,2025-11,3,67,1,0
1751,2025-12,8,280,6,0
1752,2024-11,2,41,0,0
1752,2024-12,6,184,0,0
1752,2025-01,6,181,0,1
1752,2025-02,7,145,0,0
1752,2025-03,6,151,0,2
1752,2025-04,3,73,0,1
1752,2025-05,5,93,0,0
1752,2025-06,9,322,0,0
1752,2025-07,12,266,0,1
1752,2025-08,8,239,0,0
1752,2025-09,4,143,0,1
1752,2025-10,6,158,0,0
1752,2025-11,8,217,0,0
1752,2025-12,4,119,0,0
1753,2025-06,0,0,0,1
1753,2025-07,1,25,0,0
1753,2025-08,2,75,0,0
1753,2025-09,1,38,0,0
1754,2024-12,11,383,6,0
1754,2025-01,14,287,5,0
1754,2025-02,14,578,5,0
1754,2025-03,12,473,3,0
1754,2025-04,9,238,5,0
1754,2025-05,13,336,6,1
1754,2025-06,4,83,2,0
1754,2025-07,7,243,6,0
1754,2025-08,13,381,5,0
1754,2025-09,8,184,3,0
1754,2025-10,12,362,6,1
1754,2025-11,9,305,3,0
1755,2024-10,2,44,0,0
1755,2024-11,1,34,0,0
1755,2024-12,3,67,0,0
1755,2025-01,0,0,0,0
1755,2025-02,2,70,0,0
1755,2025-03,2,40,0,0
1755,2025-04,2,50,0,0
1755,2025-05,0,0,0,0
1755,2025-06,1,37,0,0
1755,2025-07,0,0,0,1
1755,2025-08,1,36,0,0
1755,2025-09,0,0,0,0
1756,2025-02,4,76,0,0
1756,2025-03,0,0,0,0
1756,2025-04,1,40,0,0
1756,2025-05,0,0,0,0
1756,2025-06,6,133,0,1
1756,2025-07,6,208,0,1
1756,2025-08,4,147,0,1
1756,2025-09,3,125,0,1
1756,2025-10,4,94,0,0
1756,2025-11,4,160,0,0
1756,2025-12,3,101,0,2
1757,2025-04,1,36,0,0
1757,2025-05,3,76,0,1
1757,2025-06,6,149,3,0
1757,2025-07,3,57,1,0
1757,2025-08,3,87,0,1
1757,2025-09,2,68,0,0
1757,2025-10,2,62,2,0
1757,2025-11,3,115,3,0
1757,2025-12,3,81,0,0
1758,2025-05,1,40,2,0
1758,2025-06,3,113,4,0
1758,2025-07,0,0,0,1
1758,2025-08,4,158,4,0
1759,2025-04,9,283,0,1
1759,2025-05,8,225,0,0
1759,2025-06,12,303,0,1
1759,2025-07,14,433,0,1
1759,2025-08,14,489,0,0
1759,2025-09,7,185,0,1
1759,2025-10,10,276,0,1
1759,2025-11,9,284,0,0
1759,2025-12,9,358,0,0
1760,2024-10,10,296,5,0
1760,2024-11,11,382,2,0
1760,2024-12,16,509,2,0
1760,2025-01,13,322,5,0
1760,2025-02,11,432,3,0
1760,2025-03,15,515,7,0
1760,2025-04,8,268,4,0
1761,2025-04,6,205,0,0
1761,2025-05,5,127,1,0
1761,2025-06,6,143,1,0
1761,2025-07,9,186,3,0
1761,2025-08,2,58,0,0
1761,2025-09,8,291,1,0
1761,2025-10,4,94,0,1
1761,2025-11,4,90,3,0
1761,2025-12,6,134,2,0
1762,2024-08,4,167,0,0
1762,2024-09,6,122,0,0
1762,2024-10,2,54,0,0
1762,2024-11,3,123,0,0
1762,2024-12,2,83,0,0
1762,2025-01,0,0,0,0
1762,2025-02,2,38,0,0
1762,2025-03,2,42,0,0
1762,2025-04,0,0,0,0
1762,2025-05,0,0,0,0
1762,2025-06,0,0,0,0
1762,2025-07,0,0,0,0
1763,2025-02,8,169,3,0
1763,2025-03,12,397,6,0
1763,2025-04,11,399,5,0
1763,2025-05,9,189,2,0
1763,2025-06,4,,1,0
1763,2025-07,9,251,3,0
1763,2025-08,5,117,0,0
1763,2025-09,8,147,2,0
1763,2025-10,2,83,1,0
1763,2025-11,11,,4,0
1763,2025-12,7,284,1,0
1764,2025-08,2,77,0,0
1764,2025-09,1,24,0,0
1764,2025-10,2,78,0,0
1737,2025-08,0,0,0,0
1764,2025-11,1,32,0,0
1765,2025-05,4,160,1,0
1765,2025-06,13,337,3,0
1765,2025-07,12,271,2,0
1765,2025-08,9,353,2,0
1765,2025-09,9,268,3,0
1765,2025-10,9,270,3,0
1765,2025-11,15,617,4,0
1765,2025-12,11,426,1,0
1766,2025-05,1,32,0,0
1766,2025-06,2,39,1,0
1766,2025-07,2,77,0,0
1766,2025-08,1,33,0,0
1766,2025-09,1,19,0,0
1766,2025-10,5,158,1,0
1766,2025-11,3,58,2,0
1766,2025-12,0,0,0,0
1767,2024-12,1,22,0,1
1767,2025-01,4,99,0,0
1767,2025-02,2,60,0,0
1767,2025-03,1,37,0,0
1768,2025-03,4,144,0,1
1768,2025-04,3,78,0,1
1768,2025-05,4,165,0,1
1768,2025-06,2,80,0,1
1768,2025-07,3,55,0,0
1768,2025-08,5,192,0,1
1768,2025-09,2,65,0,0
1768,2025-10,0,0,0,0
1768,2025-11,3,61,0,0
1768,2025-12,1,24,0,0
1769,2025-03,1,23,1,0
1769,2025-04,7,243,1,0
1769,2025-05,4,164,1,0
1769,2025-06,5,93,3,0
1769,2025-07,10,419,4,0
1769,2025-08,5,,3,1
1769,2025-09,5,190,2,2
1769,2025-10,8,242,3,0
1769,2025-11,6,128,5,1
1769,2025-12,3,88,1,0
1770,2025-10,1,33,0,0
1770,2025-11,4,127,1,0
1770,2025-12,8,305,1,0
1771,2025-10,1,30,0,0
1771,2025-11,0,0,0,0
1771,2025-12,0,0,0,0
1772,2025-08,1,22,0,1
1773,2025-10,14,319,4,0
1773,2025-11,20,687,5,1
1773,2025-12,17,408,2,0
1774,2025-10,2,77,1,0
1774,2025-11,4,152,1,0
1774,2025-12,5,145,0,0
1775,2025-01,2,46,0,0
1775,2025-02,4,144,0,0
1775,2025-03,3,62,0,0
1776,2024-11,2,50,0,0
1776,2024-12,3,120,1,0
1776,2025-01,4,135,1,0
1776,2025-02,2,42,1,0
1776,2025-03,4,161,2,0
1776,2025-04,3,,1,0
1776,2025-05,1,31,1,0
1776,2025-06,1,26,1,0
1776,2025-07,5,120,0,0
1776,2025-08,1,22,2,0
1776,2025-09,4,140,2,0
1776,2025-10,2,64,1,0
1776,2025-11,3,67,3,0
1776,2025-12,6,,2,0
1777,2024-09,1,29,0,0
1777,2024-10,2,53,1,0
1778,2025-07,5,144,3,0
1778,2025-08,4,92,2,0
1778,2025-09,3,75,1,0
1778,2025-10,4,85,0,0
1779,2025-02,2,55,0,0
1779,2025-03,3,114,0,0
1779,2025-04,2,43,0,0
1779,2025-05,2,74,0,0
1779,2025-06,0,0,0,0
1779,2025-07,6,199,0,0
1779,2025-08,1,21,0,0
1779,2025-09,0,0,0,0
1779,2025-10,2,61,0,0
1779,2025-11,2,52,0,0
1779,2025-12,3,68,0,1
1780,2024-08,2,82,0,0
1780,2024-09,3,63,0,0
1780,2024-10,1,29,0,0
1780,2024-11,1,36,0,0
1780,2024-12,0,0,0,0
1780,2025-01,1,28,0,0
1781,2025-01,2,54,0,0
1781,2025-02,4,151,0,0
1781,2025-03,2,62,1,1
1781,2025-04,4,156,2,0
1781,2025-05,3,60,1,0
1781,2025-06,2,73,0,0
1781,2025-07,1,29,0,0
1781,2025-08,1,20,0,0
1781,2025-09,0,0,0,0
1782,2025-08,4,81,2,0
1783,2024-10,4,159,1,0
1783,2024-11,4,,0,0
1783,2024-12,3,91,1,0
1783,2025-01,5,161,0,0
1783,2025-02,1,39,0,0
1784,2025-04,2,36,0,0
1784,2025-05,6,120,0,0
1784,2025-06,5,158,1,0
1784,2025-07,4,114,0,0
1784,2025-08,5,209,3,0
1784,2025-09,4,94,3,0
1784,2025-10,10,418,2,0
1784,2025-11,6,,2,1
1784,2025-12,7,176,5,0
1785,2025-09,0,0,0,0
1786,2024-10,1,41,0,0
1786,2024-11,6,206,0,0
1786,2024-12,6,165,0,0
1786,2025-01,4,153,0,0
1786,2025-02,5,186,0,0
1786,2025-03,4,120,0,0
1786,2025-04,3,77,0,0
1786,2025-05,4,106,0,0
1786,2025-06,3,77,0,0
1786,2025-07,5,154,0,1
1786,2025-08,2,61,0,0
1786,2025-09,6,114,0,0
1786,2025-10,3,98,0,0
1786,2025-11,3,68,0,0
1786,2025-12,7,165,0,0
1787,2025-02,5,150,0,0
1787,2025-03,8,168,2,0
1787,2025-04,6,159,1,0
1787,2025-05,3,90,0,0
1787,2025-06,2,59,0,0
1387,2025-10,13,389,0,0
1787,2025-07,8,334,0,0
1787,2025-08,5,132,3,0
1788,2024-09,5,91,0,0
1788,2024-10,4,109,0,0
1788,2024-11,3,113,0,0
1788,2024-12,1,36,0,1
1788,2025-01,2,66,0,0
1788,2025-02,1,40,0,0
1788,2025-03,1,19,0,0
1788,2025-04,2,42,0,0
1788,2025-05,0,0,0,0
1788,2025-06,2,66,0,0
1788,2025-07,1,33,0,0
1788,2025-08,0,0,0,0
1789,2025-10,1,36,0,0
1789,2025-11,3,119,0,0
1789,2025-12,4,93,0,0
1790,2024-11,3,86,0,1
1790,2024-12,6,157,0,0
1790,2025-01,6,179,0,0
1790,2025-02,4,108,0,0
1790,2025-03,3,75,0,0
1790,2025-04,6,122,0,0
1790,2025-05,5,107,0,0
1790,2025-06,2,40,0,0
1790,2025-07,6,141,0,0
1790,2025-08,3,54,0,0
1790,2025-09,4,79,0,1
1791,2024-08,13,409,0,0
1791,2024-09,12,443,0,0
1791,2024-10,4,167,0,0
1791,2024-11,11,430,0,2
1791,2024-12,5,163,0,0
1791,2025-01,9,193,0,0
1791,2025-02,8,295,0,0
1791,2025-03,17,652,0,1
1791,2025-04,5,184,0,0
1791,2025-05,4,150,0,0
1791,2025-06,8,228,0,1
1791,2025-07,13,315,0,1
1791,2025-08,8,170,0,0
1791,2025-09,10,229,0,1
1792,2025-04,0,0,0,1
1792,2025-05,2,74,0,0
1792,2025-06,2,52,0,2
1792,2025-07,3,55,0,1
1792,2025-08,2,76,0,1
1792,2025-09,5,109,0,1
1792,2025-10,1,20,0,1
1792,2025-11,2,58,0,0
1792,2025-12,2,44,0,0
1793,2025-01,5,118,0,0
1793,2025-02,8,300,0,0
1793,2025-03,4,101,0,0
1793,2025-04,8,196,0,0
1793,2025-05,8,240,0,0
1793,2025-06,6,111,0,0
1793,2025-07,9,274,0,0
1793,2025-08,9,266,0,0
1793,2025-09,9,286,0,0
1793,2025-10,4,139,0,0
1793,2025-11,3,85,0,0
1793,2025-12,12,401,0,0
1794,2025-04,9,232,0,0
1794,2025-05,10,404,0,0
1794,2025-06,10,193,0,0
1794,2025-07,8,157,0,0
1794,2025-08,9,340,0,0
1794,2025-09,13,254,0,0
1794,2025-10,8,169,0,0
1794,2025-11,8,165,0,0
1794,2025-12,11,322,0,0
1795,2025-09,5,127,1,0
1795,2025-10,1,40,1,0
1795,2025-11,6,190,1,1
1795,2025-12,0,0,0,0
1796,2024-12,6,,2,1
1796,2025-01,13,491,2,0
1796,2025-02,15,611,3,0
1796,2025-03,10,213,4,0
1796,2025-04,12,297,8,0
1796,2025-05,17,594,7,0
1796,2025-06,25,550,3,0
1796,2025-07,14,311,5,0
1796,2025-08,8,261,1,0
1796,2025-09,12,501,2,0
1796,2025-10,9,300,3,0
1796,2025-11,7,265,2,0
1796,2025-12,10,291,2,0
1797,2025-10,1,39,0,0
1798,2025-02,8,171,0,0
1798,2025-03,11,,0,0
1798,2025-04,14,294,0,0
1798,2025-05,9,356,0,0
1798,2025-06,16,450,0,0
1798,2025-07,16,388,0,0
1798,2025-08,8,292,0,0
1798,2025-09,15,412,0,0
1798,2025-10,10,220,0,0
1798,2025-11,14,373,0,0
1798,2025-12,6,149,0,0
1799,2024-12,4,132,4,1
1799,2025-01,5,108,2,0
1799,2025-02,5,177,1,1
1799,2025-03,6,190,4,1
1799,2025-04,3,83,1,1
1799,2025-05,7,211,2,0
1799,2025-06,2,47,2,0
1799,2025-07,2,74,0,0
1799,2025-08,4,152,1,0
1799,2025-09,1,23,0,0
1799,2025-10,5,180,2,0
1799,2025-11,2,47,2,0
1799,2025-12,3,105,4,0
1800,2024-07,2,82,0,0
1800,2024-08,1,27,0,0
1800,2024-09,3,91,0,0
1800,2024-10,1,21,0,0
1800,2024-11,2,49,0,0
1800,2024-12,1,35,0,0
1800,2025-01,2,41,0,0
1800,2025-02,1,23,0,0
1800,2025-03,0,0,0,0
1800,2025-04,0,0,0,0
1801,2025-05,8,273,5,0
1802,2024-12,8,290,0,0
1802,2025-01,7,294,0,0
1802,2025-02,8,244,0,0
1802,2025-03,7,159,0,0
1802,2025-04,9,367,0,1
1802,2025-05,3,60,0,0
1802,2025-06,10,217,0,0
1802,2025-07,3,58,0,0
1802,2025-08,5,107,0,0
1802,2025-09,8,151,0,0
1802,2025-10,5,136,0,0
1802,2025-11,11,338,0,1
1802,2025-12,4,159,0,0
1803,2025-03,19,624,0,0
1803,2025-04,18,527,0,0
1803,2025-05,14,253,0,0
1803,2025-06,16,596,0,0
1803,2025-07,14,287,0,0
1803,2025-08,21,,0,0
1803,2025-09,13,389,0,0
1803,2025-10,24,630,0,0
1803,2025-11,10,310,0,0
1803,2025-12,14,542,0,0
1804,2025-03,6,145,0,0
1804,2025-04,6,110,0,0
1804,2025-05,3,115,0,0
1804,2025-06,4,147,0,0
1804,2025-07,8,270,0,0
1804,2025-08,5,157,0,1
1804,2025-09,4,110,0,0
1804,2025-10,4,93,0,0
1804,2025-11,3,108,0,1
1804,2025-12,3,106,0,0
1805,2024-09,7,234,0,0
1805,2024-10,9,328,0,1
1805,2024-11,6,178,0,0
1806,2025-05,0,0,0,0
1807,2025-07,0,0,0,0
1807,2025-08,1,32,3,0
1807,2025-09,1,25,0,2
1807,2025-10,4,125,1,0
1807,2025-11,2,75,1,0
1807,2025-12,3,97,2,0
1808,2025-07,11,380,0,0
1808,2025-08,10,411,0,0
1808,2025-09,8,203,0,0
1808,2025-10,8,332,0,0
1808,2025-11,14,364,0,0
1808,2025-12,6,151,0,0
1809,2024-10,6,134,1,0
1809,2024-11,7,152,0,0
1809,2024-12,5,130,1,0
1809,2025-01,3,98,2,0
1809,2025-02,3,,0,0
1809,2025-03,2,72,1,0
1809,2025-04,6,250,2,0
1809,2025-05,3,108,0,0
1809,2025-06,1,42,0,0
1809,2025-07,3,106,2,0
1809,2025-08,1,32,0,0
1809,2025-09,0,0,0,0
1810,2025-07,0,0,0,0
1810,2025-08,5,123,0,0
1810,2025-09,3,89,0,0
1810,2025-10,1,32,0,0
1810,2025-11,1,27,0,0
1810,2025-12,1,34,0,1
1811,2024-10,3,63,0,0
1811,2024-11,2,63,0,0
1811,2024-12,4,79,0,0
1811,2025-01,8,266,0,0
1811,2025-02,10,319,0,0
1811,2025-03,5,193,0,0
1811,2025-04,6,183,0,0
1811,2025-05,12,293,0,0
1811,2025-06,3,69,0,0
1811,2025-07,7,172,0,0
1811,2025-08,6,209,0,0
1811,2025-09,4,122,0,0
1811,2025-10,6,219,0,0
1811,2025-11,4,84,0,1
1811,2025-12,6,191,0,0
1812,2024-10,0,0,0,0
1812,2024-11,1,37,0,0
1813,2025-05,14,460,0,0
1813,2025-06,15,500,0,0
1813,2025-07,11,352,0,0
1813,2025-08,9,294,0,0
1813,2025-09,14,353,0,0
1813,2025-10,8,175,0,0
1813,2025-11,5,129,0,0
1813,2025-12,11,394,0,0
1814,2025-10,7,173,0,0
1814,2025-11,5,99,0,0
1814,2025-12,7,219,0,0
1815,2025-04,2,59,1,0
1815,2025-05,1,34,1,0
1815,2025-06,6,146,2,0
1815,2025-07,0,0,0,0
1815,2025-08,1,42,0,0
1815,2025-09,4,104,2,1
1815,2025-10,1,22,1,0
1816,2024-09,8,221,2,0
1816,2024-10,6,203,2,0
1816,2024-11,5,181,0,0
1816,2024-12,4,91,2,0
1816,2025-01,2,59,0,1
1816,2025-02,8,197,2,0
1816,2025-03,6,200,4,0
1816,2025-04,7,190,0,0
1816,2025-05,7,286,0,1
1816,2025-06,5,150,1,0
1816,2025-07,7,255,1,0
1816,2025-08,4,87,2,1
1816,2025-09,4,166,1,0
1816,2025-10,7,180,0,0
1816,2025-11,5,168,0,0
1816,2025-12,6,,2,0
1817,2025-10,2,41,1,0
1817,2025-11,1,27,0,0
1817,2025-12,1,29,0,0
1818,2024-12,8,289,3,0
1818,2025-01,8,215,2,0
1818,2025-02,10,242,0,1
1818,2025-03,9,251,2,0
1818,2025-04,5,153,1,0
1818,2025-05,5,132,0,1
1818,2025-06,11,380,4,0
1818,2025-07,13,345,2,2
1818,2025-08,7,244,1,0
1818,2025-09,9,297,2,0
1818,2025-10,10,387,4,0
1818,2025-11,11,365,3,0
1818,2025-12,5,106,4,4
1819,2025-09,3,76,0,0
1819,2025-10,5,140,1,0
1819,2025-11,2,58,1,0
1819,2025-12,2,78,3,0
1820,2025-01,4,75,0,0
1820,2025-02,6,246,0,0
1820,2025-03,7,215,0,0
1820,2025-04,8,302,0,0
1820,2025-05,5,197,0,0
1820,2025-06,9,366,0,0
1820,2025-07,1,32,0,0
1820,2025-08,6,161,0,0
1820,2025-09,1,36,0,0
1820,2025-10,2,56,0,0
1820,2025-11,5,158,0,0
1820,2025-12,3,67,0,0
1821,2024-11,4,131,0,0
1821,2024-12,11,418,4,0
1821,2025-01,7,232,2,0
1821,2025-02,8,211,5,0
1821,2025-03,7,135,4,0
1821,2025-04,6,138,4,1
1821,2025-05,9,204,3,0
1821,2025-06,11,407,3,0
1821,2025-07,4,156,1,0
1821,2025-08,9,253,3,0
1821,2025-09,6,138,2,0
1821,2025-10,6,225,4,0
1821,2025-11,8,278,1,0
1821,2025-12,8,272,8,0
1822,2025-05,6,172,2,0
1822,2025-06,6,184,4,0
1822,2025-07,3,86,1,0
1822,2025-08,5,202,1,0
1822,2025-09,5,93,0,0
1822,2025-10,6,118,1,0
1822,2025-11,3,69,1,0
1822,2025-12,3,63,1,0
1823,2024-11,7,154,0,0
1823,2024-12,7,250,0,0
1823,2025-01,6,233,0,0
1823,2025-02,8,242,0,0
1823,2025-03,9,169,0,0
1823,2025-04,11,332,0,0
1823,2025-05,3,92,0,0
1823,2025-06,5,134,0,0
1823,2025-07,8,322,0,0
1823,2025-08,10,356,0,1
1823,2025-09,5,105,0,0
1823,2025-10,6,113,0,1
1823,2025-11,5,156,0,0
1823,2025-12,6,203,0,0
1824,2025-05,10,247,4,0
1824,2025-06,8,260,9,0
1824,2025-07,11,426,3,0
1824,2025-08,13,531,7,1
1824,2025-09,12,257,9,0
1824,2025-10,3,123,1,0
1824,2025-11,12,255,7,1
1824,2025-12,15,575,7,0
1825,2024-09,1,18,0,0
1825,2024-10,2,62,0,0
1825,2024-11,3,84,0,0
1825,2024-12,5,121,0,0
1825,2025-01,2,49,0,0
1825,2025-02,1,27,0,0
1825,2025-03,2,66,0,0
1825,2025-04,3,117,0,0
1825,2025-05,2,53,0,0
1825,2025-06,1,37,0,1
1825,2025-07,2,58,0,0
1825,2025-08,1,22,0,0
1826,2025-05,9,316,3,0
1826,2025-06,11,303,4,0
1826,2025-07,11,213,1,0
1826,2025-08,7,234,1,0
1826,2025-09,6,154,6,0
1826,2025-10,5,,0,0
1826,2025-11,7,268,2,0
1826,2025-12,9,367,2,0
1827,2025-06,3,99,0,0
1827,2025-07,3,86,0,2
1827,2025-08,2,73,0,0
1827,2025-09,2,56,2,0
1827,2025-10,0,0,0,0
1827,2025-11,0,0,0,0
1827,2025-12,2,66,0,0
1828,2025-05,1,36,0,0
1828,2025-06,2,65,3,0
1828,2025-07,1,32,0,0
1828,2025-08,2,40,1,0
1828,2025-09,4,108,1,0
1829,2025-05,8,228,0,0
1829,2025-06,10,198,0,0
1829,2025-07,8,293,0,0
1829,2025-08,3,79,0,0
1829,2025-09,5,127,0,0
1829,2025-10,8,195,0,0
1829,2025-11,11,365,0,0
1829,2025-12,7,232,0,1
1830,2024-12,0,0,0,0
1830,2025-01,1,19,0,0
1830,2025-02,3,106,0,1
1830,2025-03,5,195,0,0
1830,2025-04,1,41,0,0
1830,2025-05,0,0,0,0
1830,2025-06,1,26,0,0
1831,2025-03,3,80,0,0
1831,2025-04,1,30,0,0
1831,2025-05,2,80,0,0
1832,2024-11,10,414,1,0
1833,2025-01,4,157,1,0
1833,2025-02,4,92,3,0
1833,2025-03,1,31,3,0
1833,2025-04,3,64,0,0
1833,2025-05,0,0,0,2
1834,2025-08,1,22,0,0
1834,2025-09,9,276,0,0
1834,2025-10,3,55,0,0
1834,2025-11,1,36,0,0
1834,2025-12,1,41,0,2
1835,2025-08,3,94,1,0
1835,2025-09,4,137,1,0
1835,2025-10,0,0,0,0
1835,2025-11,1,35,0,0
1835,2025-12,3,79,1,0
1836,2025-03,2,38,2,0
1836,2025-04,0,0,0,0
1836,2025-05,3,117,2,1
1837,2025-10,4,120,0,0
1837,2025-11,2,64,0,0
1837,2025-12,9,376,0,0
1838,2024-09,2,83,0,0
1838,2024-10,1,28,2,0
1838,2024-11,0,0,0,0
1839,2024-12,1,31,0,0
1840,2025-02,6,150,0,0
1840,2025-03,4,95,0,0
1840,2025-04,2,59,0,0
1840,2025-05,1,39,0,0
1840,2025-06,2,83,0,0
1840,2025-07,1,36,0,0
1840,2025-08,0,0,0,0
1840,2025-09,0,0,0,0
1840,2025-10,0,0,0,0
1840,2025-11,1,20,0,0
1840,2025-12,2,53,0,0
1841,2025-08,6,224,0,0
1841,2025-09,3,82,0,0
1841,2025-10,6,248,0,0
1841,2025-11,7,229,0,0
1841,2025-12,6,219,0,1
1842,2024-10,4,119,1,0
1842,2024-11,1,32,0,0
1842,2024-12,3,83,0,0
1842,2025-01,1,34,0,0
1842,2025-02,2,57,0,0
1842,2025-03,3,85,0,0
1842,2025-04,2,81,0,1
1842,2025-05,0,0,0,0
1842,2025-06,2,57,0,1
1842,2025-07,3,71,0,0
1842,2025-08,3,68,0,1
1842,2025-09,0,0,0,0
1842,2025-10,0,0,0,1
1843,2025-03,8,263,0,0
1843,2025-04,6,136,0,0
1843,2025-05,5,119,0,0
1843,2025-06,7,294,0,0
1843,2025-07,6,213,0,0
1843,2025-08,2,54,0,0
1843,2025-09,1,21,0,0
1843,2025-10,7,149,0,0
1843,2025-11,4,111,0,0
1843,2025-12,4,97,0,0
1844,2024-11,2,60,0,0
1844,2024-12,1,28,0,0
1844,2025-01,2,61,0,0
1844,2025-02,4,124,0,0
1844,2025-03,1,39,0,0
1844,2025-04,5,202,1,0
1844,2025-05,3,94,0,0
1844,2025-06,2,69,0,0
1844,2025-07,0,0,0,0
1845,2024-10,5,120,0,0
1845,2024-11,9,226,2,0
1845,2024-12,8,236,0,0
1845,2025-01,15,348,4,0
1845,2025-02,7,141,4,0
1845,2025-03,10,404,2,0
1845,2025-04,9,275,1,0
1845,2025-05,8,167,2,0
1845,2025-06,9,240,2,0
1845,2025-07,10,272,0,0
1845,2025-08,5,97,1,0
1845,2025-09,6,133,1,0
1845,2025-10,9,203,1,0
1845,2025-11,10,359,5,0
1846,2025-01,2,49,0,0
1846,2025-02,6,170,0,0
1846,2025-03,0,0,0,1
1846,2025-04,2,38,0,1
1846,2025-05,2,56,0,0
1846,2025-06,1,26,0,0
1846,2025-07,0,0,0,0
1846,2025-08,0,0,0,0
1846,2025-09,0,0,0,0
1846,2025-10,0,0,0,0
1846,2025-11,0,0,0,0
1846,2025-12,0,0,0,0
1847,2025-03,3,85,0,0
1847,2025-04,1,26,0,0
1847,2025-05,2,48,0,0
1847,2025-06,2,73,0,1
1847,2025-07,4,127,0,0
1847,2025-08,2,45,0,0
1847,2025-09,4,77,0,0
1847,2025-10,1,23,0,0
1847,2025-11,2,72,0,0
1847,2025-12,0,0,0,0
1848,2025-06,3,83,0,0
1848,2025-07,2,80,0,0
1848,2025-08,1,30,0,0
1848,2025-09,6,153,2,0
1848,2025-10,4,127,1,0
1848,2025-11,0,0,0,0
1848,2025-12,4,108,1,0
1849,2025-02,0,0,0,0
1849,2025-03,0,0,0,0
1849,2025-04,0,0,0,0
1849,2025-05,0,0,0,0
1849,2025-06,0,0,0,0
1849,2025-07,1,26,0,0
1849,2025-08,1,20,0,0
1849,2025-09,2,77,0,0
1849,2025-10,0,0,0,0
1849,2025-11,1,26,0,0
1849,2025-12,0,0,0,0
1850,2025-03,2,53,0,0
1850,2025-04,7,217,2,0
1850,2025-05,5,198,1,0
1850,2025-06,3,94,0,0
1850,2025-07,2,38,0,0
1850,2025-08,5,205,3,0
1850,2025-09,1,28,0,0
1850,2025-10,2,54,0,1
1851,2025-09,19,758,0,1
1851,2025-10,21,865,0,0
1851,2025-11,20,631,0,0
1851,2025-12,22,739,0,0
1852,2025-10,2,73,0,0
1852,2025-11,3,55,0,0
1852,2025-12,5,164,0,0
3275,2024-10,1,27,0,0
1853,2024-08,1,34,0,0
1853,2024-09,5,208,0,1
1853,2024-10,5,168,0,0
1853,2024-11,4,142,2,0
1853,2024-12,6,151,1,0
1853,2025-01,6,196,2,0
1853,2025-02,8,259,2,1
1853,2025-03,5,180,1,1
1853,2025-04,3,105,1,1
1853,2025-05,5,100,2,0
1853,2025-06,4,83,2,0
1853,2025-07,1,21,0,0
1854,2025-01,8,220,0,0
1854,2025-02,5,125,0,0
1854,2025-03,8,175,0,0
1854,2025-04,7,271,0,0
1854,2025-05,3,101,0,0
1854,2025-06,5,156,0,0
1854,2025-07,7,126,0,0
1854,2025-08,9,310,0,0
1854,2025-09,4,111,0,0
1854,2025-10,3,110,0,0
1854,2025-11,8,154,0,1
1854,2025-12,3,77,0,0
1855,2025-10,3,55,0,0
1855,2025-11,3,122,0,0
1855,2025-12,7,197,0,0
1856,2025-10,1,20,0,0
1856,2025-11,2,59,0,0
1856,2025-12,5,129,0,0
1857,2025-10,2,50,0,0
1857,2025-11,1,39,0,0
1858,2024-09,4,147,3,0
1858,2024-10,4,155,2,0
1858,2024-11,3,95,2,0
1858,2024-12,2,56,2,0
1858,2025-01,5,103,1,0
1858,2025-02,5,155,1,0
1858,2025-03,3,61,4,0
1858,2025-04,5,194,4,0
1858,2025-05,1,22,0,0
1858,2025-06,5,108,2,0
1858,2025-07,7,133,3,0
1858,2025-08,1,31,1,0
1859,2024-10,1,22,0,0
1859,2024-11,4,142,1,0
1859,2024-12,1,22,1,0
1859,2025-01,4,155,0,0
1859,2025-02,0,0,0,0
1859,2025-03,1,23,0,0
1859,2025-04,0,0,0,0
1859,2025-05,1,28,1,0
1859,2025-06,0,0,0,0
1859,2025-07,1,22,2,0
1859,2025-08,0,0,0,0
1860,2025-03,4,114,0,0
1860,2025-04,7,,0,0
1860,2025-05,5,203,0,1
1860,2025-06,8,179,0,0
1860,2025-07,7,223,0,0
1860,2025-08,5,160,0,0
1861,2025-10,9,328,2,0
1861,2025-11,4,146,1,0
1861,2025-12,5,130,1,0
1862,2024-07,4,97,0,0
1862,2024-08,1,27,0,1
1862,2024-09,4,162,0,0
1862,2024-10,10,377,0,0
1862,2024-11,2,75,0,0
1862,2024-12,5,193,0,0
1862,2025-01,5,140,0,0
1862,2025-02,4,166,0,0
1862,2025-03,8,312,0,0
1862,2025-04,9,361,0,0
1862,2025-05,3,118,0,0
1862,2025-06,6,195,0,0
1862,2025-07,3,104,0,0
1862,2025-08,2,36,0,2
1862,2025-09,5,209,0,0
1862,2025-10,3,110,0,0
1862,2025-11,7,173,0,0
1862,2025-12,2,62,0,0
1863,2024-11,8,318,3,0
1863,2024-12,10,183,1,0
1863,2025-01,5,200,0,1
1863,2025-02,6,128,2,0
1863,2025-03,4,129,1,0
1863,2025-04,11,274,2,1
1863,2025-05,4,145,0,1
1863,2025-06,7,167,2,1
1863,2025-07,8,334,1,0
1863,2025-08,7,159,1,0
1863,2025-09,6,173,1,0
1863,2025-10,4,140,0,0
1864,2024-09,1,20,0,0
1865,2024-11,4,94,0,0
1865,2024-12,5,169,0,1
1865,2025-01,5,181,0,0
1865,2025-02,7,196,0,0
1865,2025-03,4,,0,0
1865,2025-04,8,290,0,0
1865,2025-05,7,139,0,0
1865,2025-06,10,410,0,0
1865,2025-07,4,101,0,0
1865,2025-08,3,121,0,0
1865,2025-09,4,156,0,0
1865,2025-10,2,,0,0
1865,2025-11,1,42,0,0
1865,2025-12,2,74,0,1
1866,2024-11,3,80,0,1
1866,2024-12,2,40,0,0
1866,2025-01,1,18,0,0
1866,2025-02,2,70,0,0
1866,2025-03,2,49,0,0
1867,2025-07,3,92,2,1
1867,2025-08,3,95,0,0
1867,2025-09,1,26,2,1
1867,2025-10,2,61,0,0
1867,2025-11,2,79,1,0
1867,2025-12,1,18,0,0
1868,2025-05,1,37,1,0
1868,2025-06,0,0,0,0
1868,2025-07,0,0,0,0
1869,2025-07,1,33,0,0
1869,2025-08,6,189,1,0
1869,2025-09,12,270,2,0
1869,2025-10,14,366,6,0
1869,2025-11,6,202,1,1
1870,2025-05,6,114,0,0
1870,2025-06,6,117,0,0
1870,2025-07,4,87,0,0
1870,2025-08,6,203,0,0
1870,2025-09,8,333,0,0
1870,2025-10,5,111,0,0
1870,2025-11,7,264,0,1
1870,2025-12,5,143,0,0
1871,2025-03,1,35,2,0
1871,2025-04,3,118,2,0
1871,2025-05,1,28,0,0
1871,2025-06,1,28,0,0
1872,2024-09,1,35,0,0
1872,2024-10,2,52,3,0
1872,2024-11,1,29,0,0
1872,2024-12,2,77,1,0
1872,2025-01,1,26,1,1
1873,2025-04,2,75,0,0
1873,2025-05,6,228,0,0
1873,2025-06,7,275,0,0
1873,2025-07,7,199,0,0
1873,2025-08,8,243,0,0
1873,2025-09,7,260,0,0
1873,2025-10,6,166,0,0
1873,2025-11,8,268,0,0
1873,2025-12,7,276,0,0
1874,2025-03,4,109,0,0
1874,2025-04,2,38,0,0
1874,2025-05,1,41,0,0
1875,2024-10,6,228,0,0
1875,2024-11,3,,0,0
1875,2024-12,11,372,0,0
1875,2025-01,6,108,0,0
1875,2025-02,3,99,0,0
1875,2025-03,6,213,0,0
1875,2025-04,6,150,0,0
1875,2025-05,2,52,0,0
1875,2025-06,3,123,0,0
1875,2025-07,3,112,0,0
1875,2025-08,7,217,0,0
1875,2025-09,5,157,0,0
1875,2025-10,5,204,0,0
1875,2025-11,6,204,0,0
1875,2025-12,3,113,0,0
1876,2025-10,1,38,0,0
1877,2025-04,0,0,0,0
1877,2025-05,1,30,0,0
1877,2025-06,2,46,0,0
1877,2025-07,1,40,0,0
1877,2025-08,2,83,0,0
1877,2025-09,2,56,0,0
1877,2025-10,0,0,0,0
1878,2025-03,2,79,0,0
1878,2025-04,3,122,0,0
1878,2025-05,8,318,1,0
1878,2025-06,3,122,1,0
1878,2025-07,1,36,0,0
1878,2025-08,1,28,0,0
1878,2025-09,1,28,0,0
1878,2025-10,3,80,0,0
1878,2025-11,1,23,0,1
1879,2024-12,1,40,0,0
1879,2025-01,1,22,0,0
1879,2025-02,0,0,0,0
1879,2025-03,1,24,0,0
1879,2025-04,0,0,0,0
1879,2025-05,1,22,0,0
1879,2025-06,2,82,0,0
1879,2025-07,0,0,0,1
1880,2025-04,2,64,0,0
1880,2025-05,0,0,0,0
1880,2025-06,2,42,0,0
1880,2025-07,2,79,0,0
1880,2025-08,0,0,0,0
1880,2025-09,0,0,0,0
1880,2025-10,2,59,0,0
1880,2025-11,0,0,0,0
1880,2025-12,1,26,0,0
1312,2025-06,0,0,0,0
1881,2025-09,2,49,0,0
1881,2025-10,3,106,2,0
1881,2025-11,4,85,1,0
1881,2025-12,7,134,1,0
1882,2024-10,3,74,0,1
1882,2024-11,2,56,0,0
1882,2024-12,2,49,0,0
1882,2025-01,3,66,0,0
1882,2025-02,1,41,0,0
1882,2025-03,0,0,0,0
1882,2025-04,1,30,0,0
1882,2025-05,0,0,0,1
1882,2025-06,0,0,0,0
1882,2025-07,2,46,0,0
1882,2025-08,2,67,0,0
1882,2025-09,0,0,0,0
1882,2025-10,0,0,0,0
1882,2025-11,1,30,0,1
1882,2025-12,2,76,0,0
1883,2025-03,4,136,3,0
1883,2025-04,6,149,0,1
1883,2025-05,3,106,0,0
1883,2025-06,3,111,0,0
1883,2025-07,4,112,0,0
1883,2025-08,3,111,1,1
1883,2025-09,3,103,0,0
1883,2025-10,1,42,0,0
1883,2025-11,7,264,0,0
1883,2025-12,5,202,0,0
1884,2025-02,6,213,0,0
1884,2025-03,6,203,0,0
1884,2025-04,7,133,0,1
1884,2025-05,3,79,0,1
1885,2025-06,8,215,0,0
1885,2025-07,7,224,0,0
1885,2025-08,7,204,0,0
1885,2025-09,8,328,0,0
1885,2025-10,12,337,0,0
1885,2025-11,7,130,0,0
1885,2025-12,9,193,0,0
1886,2024-10,2,79,1,1
1886,2024-11,3,80,1,0
1886,2024-12,1,28,0,0
1886,2025-01,1,26,0,0
1886,2025-02,1,33,1,0
1886,2025-03,2,76,1,0
1886,2025-04,2,50,1,0
1886,2025-05,0,0,0,0
1886,2025-06,2,44,0,0
1886,2025-07,3,80,1,0
1886,2025-08,1,34,0,0
1886,2025-09,2,70,0,1
1886,2025-10,1,26,0,0
1886,2025-11,1,23,0,0
1886,2025-12,1,30,2,0
1887,2025-10,17,343,0,0
1887,2025-11,15,297,0,0
1887,2025-12,11,320,0,1
1888,2025-08,3,58,0,1
1888,2025-09,2,58,0,0
1888,2025-10,5,117,0,0
1888,2025-11,3,117,0,1
1888,2025-12,2,79,0,0
1889,2025-01,3,71,1,0
1889,2025-02,1,28,0,0
1889,2025-03,0,0,0,0
1889,2025-04,1,24,0,0
1889,2025-05,1,19,1,0
1889,2025-06,0,0,0,0
1889,2025-07,1,19,1,0
1889,2025-08,1,40,1,0
1889,2025-09,0,0,0,0
1889,2025-10,1,42,0,0
1889,2025-11,0,0,0,0
1889,2025-12,1,40,1,0
1890,2024-08,4,76,0,1
1890,2024-09,4,122,0,0
1890,2024-10,9,294,0,0
1890,2024-11,2,61,0,2
1890,2024-12,5,129,0,0
1890,2025-01,1,41,0,0
1890,2025-02,8,324,0,0
1890,2025-03,2,63,0,0
1890,2025-04,1,,0,0
1890,2025-05,1,26,0,0
1890,2025-06,1,25,0,0
1890,2025-07,5,129,0,0
1890,2025-08,3,119,0,0
1890,2025-09,3,123,0,0
1890,2025-10,4,161,0,0
1890,2025-11,3,99,0,0
1890,2025-12,3,91,0,0
1891,2025-10,1,33,0,0
1891,2025-11,1,31,0,0
1892,2025-07,2,82,1,0
1892,2025-08,2,36,2,0
1892,2025-09,3,89,1,0
1892,2025-10,4,91,1,0
1892,2025-11,1,26,0,0
1892,2025-12,2,64,3,0
1893,2024-11,2,67,0,0
1893,2024-12,2,62,0,0
1893,2025-01,4,147,0,0
1893,2025-02,4,,4,0
1893,2025-03,5,206,0,0
1893,2025-04,5,174,0,0
1893,2025-05,2,83,0,0
1893,2025-06,0,0,0,0
1893,2025-07,3,97,0,0
1893,2025-08,2,62,0,0
1893,2025-09,2,38,1,0
1893,2025-10,0,0,0,0
1894,2025-09,7,165,3,0
1894,2025-10,7,207,3,0
1894,2025-11,7,255,3,0
1894,2025-12,5,118,5,0
1895,2025-10,3,96,1,0
1895,2025-11,0,0,0,0
1895,2025-12,3,56,0,0
1896,2025-07,2,66,0,0
1896,2025-08,1,36,0,0
1896,2025-09,2,75,0,0
1896,2025-10,0,0,0,0
1896,2025-11,1,28,0,0
1896,2025-12,1,24,0,0
1897,2024-10,7,224,2,0
1897,2024-11,5,162,0,0
1897,2024-12,4,84,1,0
1897,2025-01,4,89,2,0
1897,2025-02,7,145,0,0
1897,2025-03,4,77,2,0
1897,2025-04,5,188,4,0
1897,2025-05,4,87,1,0
1897,2025-06,2,,0,0
1897,2025-07,7,261,4,0
1897,2025-08,6,145,1,0
1897,2025-09,10,410,1,0
1898,2025-01,0,0,0,0
1898,2025-02,0,0,0,0
1898,2025-03,0,0,0,1
1898,2025-04,1,28,0,1
1898,2025-05,1,31,0,0
1898,2025-06,1,21,0,1
1898,2025-07,3,99,0,0
1898,2025-08,0,0,0,0
1898,2025-09,0,0,0,0
1898,2025-10,0,0,0,0
1898,2025-11,0,0,0,0
1898,2025-12,0,0,0,1
1899,2025-03,3,83,0,0
1899,2025-04,3,125,1,0
1899,2025-05,5,153,2,0
1899,2025-06,3,60,1,0
1899,2025-07,7,173,0,0
1899,2025-08,6,145,2,0
1899,2025-09,0,0,0,0
1899,2025-10,1,42,1,0
1899,2025-11,1,27,1,0
1899,2025-12,3,93,0,0
1900,2024-10,3,122,0,0
1900,2024-11,2,71,0,0
1900,2024-12,5,145,0,0
1900,2025-01,1,31,0,0
1900,2025-02,3,58,0,0
1901,2025-02,6,193,0,0
1901,2025-03,3,96,0,0
1902,2025-02,6,123,3,0
1902,2025-03,1,24,0,0
1902,2025-04,1,41,0,0
1902,2025-05,2,56,1,0
1902,2025-06,1,36,1,0
1902,2025-07,5,200,0,0
1902,2025-08,1,26,0,0
1902,2025-09,1,32,0,0
1903,2025-08,1,24,0,1
1903,2025-09,4,98,1,0
1903,2025-10,2,51,0,1
1903,2025-11,2,51,0,0
1903,2025-12,3,90,0,0
1904,2024-12,1,32,0,0
1904,2025-01,1,22,0,0
1904,2025-02,0,0,0,0
1904,2025-03,0,0,0,1
1904,2025-04,1,39,0,0
1904,2025-05,0,0,0,1
1904,2025-06,1,19,0,0
1904,2025-07,0,0,0,0
1904,2025-08,0,0,0,0
1904,2025-09,1,20,0,0
1904,2025-10,1,28,0,1
1904,2025-11,0,0,0,0
1905,2025-10,3,54,0,0
1905,2025-11,8,163,4,0
1905,2025-12,5,110,4,0
1906,2025-04,5,108,0,0
1907,2025-04,6,228,1,0
1907,2025-05,8,176,1,0
1907,2025-06,12,480,5,0
1907,2025-07,5,178,1,0
1907,2025-08,5,154,2,1
1907,2025-09,7,244,7,2
1907,2025-10,12,250,7,0
1907,2025-11,9,195,6,1
1907,2025-12,4,132,2,0
1908,2025-07,6,161,0,0
1908,2025-08,5,141,0,0
1908,2025-09,12,283,0,0
1908,2025-10,5,119,0,0
1908,2025-11,7,287,0,0
1908,2025-12,5,117,0,0
1909,2025-04,7,,3,0
1909,2025-05,1,28,0,0
1909,2025-06,5,116,2,0
1909,2025-07,4,98,6,0
1909,2025-08,1,30,0,1
1909,2025-09,2,72,1,0
1909,2025-10,1,34,1,0
1909,2025-11,0,0,0,0
1909,2025-12,4,121,3,0
1910,2025-06,4,148,2,0
1910,2025-07,8,291,0,0
1910,2025-08,6,141,2,0
1910,2025-09,8,256,4,0
1910,2025-10,6,192,3,0
1910,2025-11,4,161,2,0
1910,2025-12,2,61,0,0
1911,2025-07,3,56,1,0
1911,2025-08,1,39,0,0
1912,2025-04,6,218,0,0
1912,2025-05,3,86,0,0
1912,2025-06,4,135,0,0
1912,2025-07,2,62,0,1
1912,2025-08,3,62,0,0
1912,2025-09,2,83,0,0
1912,2025-10,1,20,0,0
1912,2025-11,1,32,0,0
1912,2025-12,1,22,0,0
1913,2025-09,1,20,0,0
1913,2025-10,7,208,1,0
1913,2025-11,2,65,0,0
1913,2025-12,0,0,0,0
1914,2025-06,6,220,0,0
1914,2025-07,4,78,0,0
1914,2025-08,6,251,0,0
1914,2025-09,4,120,0,0
1914,2025-10,4,116,0,0
1914,2025-11,3,79,0,0
1914,2025-12,6,213,0,0
1915,2025-02,8,168,0,1
1915,2025-03,3,116,0,0
1916,2025-03,6,229,0,0
1916,2025-04,9,330,0,0
1916,2025-05,4,106,0,0
1916,2025-06,4,80,0,0
1916,2025-07,2,55,0,0
1916,2025-08,7,288,0,0
1916,2025-09,3,110,0,0
1916,2025-10,7,147,0,0
1916,2025-11,6,239,0,0
1916,2025-12,5,127,0,0
1917,2025-09,0,0,0,1
1917,2025-10,1,33,0,0
1917,2025-11,1,39,0,0
1917,2025-12,1,39,0,0
1918,2024-09,2,44,0,0
1918,2024-10,0,0,0,0
1918,2024-11,1,31,0,0
1918,2024-12,3,88,0,1
1918,2025-01,1,31,0,1
1919,2025-06,3,83,0,0
1919,2025-07,3,107,0,1
1919,2025-08,2,41,0,0
1919,2025-09,5,123,0,0
1919,2025-10,1,42,0,0
1919,2025-11,3,99,0,0
1919,2025-12,0,0,0,0
3295,2025-09,13,309,4,0
1920,2025-06,4,97,2,1
1920,2025-07,3,78,0,0
1920,2025-08,0,0,0,0
1920,2025-09,3,101,1,1
1921,2025-04,9,368,6,0
1921,2025-05,11,221,0,0
1921,2025-06,10,277,5,0
1921,2025-07,9,231,6,0
1921,2025-08,9,337,2,1
1921,2025-09,12,393,3,0
1921,2025-10,9,230,2,0
1921,2025-11,8,242,2,0
1921,2025-12,9,300,5,1
1922,2025-06,1,26,0,0
1922,2025-07,5,203,0,0
1922,2025-08,5,158,0,0
1923,2024-08,2,44,0,0
1923,2024-09,1,35,0,0
1923,2024-10,2,74,0,0
1923,2024-11,2,73,1,0
1923,2024-12,2,42,2,0
1923,2025-01,2,83,0,0
1923,2025-02,1,18,0,0
1924,2025-04,3,56,0,0
1924,2025-05,3,65,0,0
1924,2025-06,2,71,0,0
1924,2025-07,3,93,0,0
1924,2025-08,0,,0,0
1924,2025-09,0,0,0,0
1924,2025-10,1,37,0,0
1924,2025-11,1,24,0,0
1924,2025-12,1,20,0,0
1925,2025-09,4,145,0,2
1925,2025-10,11,,0,1
1925,2025-11,5,195,0,0
1925,2025-12,2,38,0,0
1926,2024-08,5,165,0,0
1926,2024-09,6,191,0,0
1926,2024-10,4,150,0,0
1926,2024-11,3,98,0,0
1926,2024-12,3,105,0,0
1926,2025-01,4,124,0,0
1926,2025-02,8,161,0,0
1926,2025-03,3,76,0,0
1926,2025-04,6,240,0,2
1926,2025-05,5,103,0,0
1926,2025-06,4,144,0,0
1926,2025-07,1,29,0,0
1926,2025-08,6,110,0,1
1926,2025-09,7,143,0,1
1927,2024-10,5,183,0,0
1927,2024-11,6,184,2,0
1927,2024-12,5,104,3,0
1927,2025-01,3,107,1,0
1927,2025-02,3,111,1,0
1927,2025-03,4,96,0,0
1927,2025-04,4,142,2,0
1927,2025-05,7,185,0,1
1927,2025-06,5,168,2,0
1927,2025-07,3,98,0,0
1927,2025-08,5,135,1,0
1927,2025-09,7,245,3,0
1927,2025-10,3,66,2,0
1927,2025-11,8,193,2,0
1927,2025-12,4,97,2,0
1928,2024-09,2,47,0,0
1928,2024-10,0,0,0,0
1928,2024-11,3,92,0,0
1928,2024-12,0,0,0,0
1928,2025-01,2,59,0,0
1928,2025-02,1,40,0,0
1928,2025-03,1,22,0,0
1928,2025-04,2,37,0,0
1928,2025-05,1,26,0,0
1928,2025-06,1,23,0,0
1928,2025-07,1,24,0,0
1928,2025-08,0,0,0,1
1929,2025-04,1,33,1,0
1930,2025-09,6,145,1,0
1930,2025-10,6,187,3,0
1930,2025-11,5,177,0,0
1930,2025-12,7,262,1,0
1931,2025-02,0,0,0,0
1931,2025-03,0,0,0,0
1931,2025-04,2,62,0,0
1931,2025-05,2,53,0,0
1931,2025-06,1,38,0,0
2974,2025-12,5,,3,0
1931,2025-07,1,32,0,0
1931,2025-08,1,22,0,0
1931,2025-09,1,18,0,0
1931,2025-10,1,33,0,0
1931,2025-11,0,0,0,0
1931,2025-12,2,66,0,0
1932,2024-11,8,275,0,0
1932,2024-12,9,358,5,1
1932,2025-01,5,111,1,1
1411,2024-12,2,70,0,0
1932,2025-02,5,208,0,1
1932,2025-03,3,85,1,0
1932,2025-04,4,158,0,1
1933,2025-08,4,72,0,0
1933,2025-09,2,44,0,0
1933,2025-10,2,43,0,0
1933,2025-11,2,79,0,0
1933,2025-12,0,0,0,0
1934,2024-12,3,85,1,0
1934,2025-01,3,57,1,0
1934,2025-02,7,128,2,0
1934,2025-03,4,127,2,0
1934,2025-04,3,100,3,0
1934,2025-05,3,72,1,0
1934,2025-06,6,195,1,0
1934,2025-07,1,22,0,0
1934,2025-08,4,151,0,0
1934,2025-09,4,113,5,0
1934,2025-10,3,77,1,0
1934,2025-11,7,232,2,0
1934,2025-12,3,,0,1
1935,2024-10,2,83,0,0
1936,2025-10,10,266,3,1
1936,2025-11,17,590,6,0
1936,2025-12,11,444,2,1
1937,2025-07,1,28,1,0
1937,2025-08,0,0,0,1
1937,2025-09,1,29,0,0
1937,2025-10,0,0,0,0
1937,2025-11,0,0,0,1
1937,2025-12,0,0,0,1
1938,2024-10,11,434,0,0
1938,2024-11,4,153,0,2
1938,2024-12,12,394,0,0
1938,2025-01,10,270,0,0
2656,2025-01,6,120,1,0
1939,2025-05,4,77,2,1
1939,2025-06,6,148,4,0
1939,2025-07,4,156,6,0
1939,2025-08,1,22,0,0
1939,2025-09,2,79,4,0
1939,2025-10,7,193,1,0
1939,2025-11,2,78,1,0
1939,2025-12,3,91,2,0
1940,2025-05,1,34,0,0
1940,2025-06,4,93,0,0
1940,2025-07,0,0,0,0
1940,2025-08,1,40,0,0
1940,2025-09,2,78,0,0
1940,2025-10,3,118,0,0
1940,2025-11,1,22,0,0
1940,2025-12,1,27,0,0
1941,2025-08,1,20,1,1
1942,2025-06,0,0,0,0
1942,2025-07,0,0,0,0
1942,2025-08,0,0,0,0
1942,2025-09,2,41,0,0
1942,2025-10,0,0,0,0
1943,2024-08,7,280,0,0
1943,2024-09,5,99,0,0
1943,2024-10,9,289,0,0
1943,2024-11,7,163,0,1
1943,2024-12,5,207,0,1
1943,2025-01,8,209,0,0
1943,2025-02,5,180,0,0
1943,2025-03,7,179,0,0
1943,2025-04,4,109,0,1
1943,2025-05,8,209,0,0
1943,2025-06,2,74,0,0
1943,2025-07,6,154,0,1
1944,2025-02,2,84,0,0
1944,2025-03,0,0,0,0
1945,2024-12,2,40,0,0
1945,2025-01,1,38,0,0
1945,2025-02,2,56,0,0
1945,2025-03,1,38,0,0
1945,2025-04,0,0,0,0
1946,2025-03,0,0,0,1
1946,2025-04,2,75,0,0
1946,2025-05,3,106,0,0
1946,2025-06,4,104,0,0
1946,2025-07,2,73,0,1
1946,2025-08,0,0,0,0
1946,2025-09,0,0,0,1
1946,2025-10,0,0,0,0
1946,2025-11,1,34,0,0
1946,2025-12,1,41,0,0
1947,2025-06,0,0,0,0
1947,2025-07,0,0,0,0
1947,2025-08,0,0,0,0
1947,2025-09,2,61,0,1
1947,2025-10,0,0,0,0
1947,2025-11,0,0,0,0
1947,2025-12,0,0,0,0
1948,2025-05,8,307,0,0
1948,2025-06,12,284,0,0
1948,2025-07,14,309,0,0
1948,2025-08,9,198,0,0
1948,2025-09,9,264,0,0
1948,2025-10,10,285,0,0
1948,2025-11,7,252,0,0
1948,2025-12,12,218,0,0
1949,2025-08,3,117,0,0
1949,2025-09,3,95,0,0
1949,2025-10,8,322,0,0
1949,2025-11,1,31,0,0
1949,2025-12,6,128,0,0
1950,2024-12,6,174,0,0
1950,2025-01,7,219,0,0
1950,2025-02,7,127,0,0
1950,2025-03,4,151,0,0
1950,2025-04,4,151,0,0
1950,2025-05,4,139,0,0
1950,2025-06,3,105,0,0
1950,2025-07,3,71,0,0
1950,2025-08,6,155,0,0
1950,2025-09,4,112,0,0
1950,2025-10,6,218,0,0
1950,2025-11,6,205,0,0
1950,2025-12,3,108,0,0
1951,2025-03,0,0,0,0
1951,2025-04,2,52,0,0
1951,2025-05,1,29,0,0
1951,2025-06,2,78,1,0
1951,2025-07,1,41,0,0
1951,2025-08,0,0,0,0
1951,2025-09,0,0,0,0
1951,2025-10,0,0,0,0
1951,2025-11,1,33,2,0
1951,2025-12,2,65,1,0
1952,2025-08,15,299,4,0
1952,2025-09,7,161,3,0
1952,2025-10,7,256,3,0
1952,2025-11,12,334,2,0
1952,2025-12,15,451,8,0
1953,2025-09,2,51,0,0
1953,2025-10,2,42,0,0
1953,2025-11,1,32,0,0
1954,2024-11,6,214,0,0
1954,2024-12,8,258,4,0
1954,2025-01,5,105,3,0
1954,2025-02,6,147,0,0
1954,2025-03,3,103,1,0
1954,2025-04,11,302,1,1
1954,2025-05,9,226,3,0
1954,2025-06,11,379,1,0
1954,2025-07,4,86,0,0
1954,2025-08,7,240,1,0
1954,2025-09,9,337,2,0
1954,2025-10,2,76,1,0
1954,2025-11,7,265,3,0
1954,2025-12,3,97,0,0
1955,2024-09,6,129,0,0
1955,2024-10,8,314,0,0
1955,2024-11,1,26,0,0
1955,2024-12,5,94,3,0
1956,2024-08,1,26,1,0
1957,2025-08,1,39,0,0
1958,2025-07,1,40,0,0
1958,2025-08,1,34,0,0
1958,2025-09,0,0,0,0
1958,2025-10,4,138,0,0
1959,2025-10,1,32,0,0
1959,2025-11,2,81,0,0
1959,2025-12,1,34,0,0
1960,2025-05,2,78,0,0
1960,2025-06,1,34,0,0
1960,2025-07,3,92,0,0
1960,2025-08,6,251,0,0
1960,2025-09,6,228,0,0
1960,2025-10,0,0,0,0
1960,2025-11,2,40,0,1
1960,2025-12,8,314,0,0
1961,2025-05,10,344,1,0
1961,2025-06,12,272,4,0
1961,2025-07,6,246,2,0
1961,2025-08,8,285,4,0
1961,2025-09,8,159,2,1
1961,2025-10,10,193,2,0
1961,2025-11,4,98,2,0
1961,2025-12,9,214,2,0
1962,2025-06,11,325,0,0
1962,2025-07,12,260,0,0
1962,2025-08,15,367,0,0
1962,2025-09,13,316,0,0
1962,2025-10,18,606,0,0
1962,2025-11,11,323,0,0
1962,2025-12,7,240,0,0
1963,2025-02,2,58,0,0
1963,2025-03,1,35,0,0
1963,2025-04,2,61,0,0
1963,2025-05,2,58,0,0
1963,2025-06,3,80,0,0
1963,2025-07,2,82,0,0
1963,2025-08,1,21,0,1
1963,2025-09,1,19,0,0
1964,2024-09,2,,0,0
1964,2024-10,4,89,0,0
1964,2024-11,7,293,0,0
1964,2024-12,7,227,0,0
1964,2025-01,5,109,0,0
1964,2025-02,6,115,0,0
1964,2025-03,7,213,0,0
1964,2025-04,3,,0,0
1964,2025-05,2,45,0,0
1964,2025-06,6,201,0,0
1964,2025-07,4,85,0,0
1964,2025-08,0,0,0,1
1965,2025-08,8,312,5,0
1965,2025-09,6,111,1,0
1965,2025-10,9,333,3,0
1965,2025-11,6,138,2,0
1965,2025-12,7,269,3,0
1966,2025-09,1,34,0,0
1967,2025-02,14,542,1,0
1967,2025-03,10,262,3,0
1967,2025-04,14,392,1,0
1967,2025-05,14,276,4,0
1967,2025-06,11,279,3,0
1967,2025-07,22,611,2,0
1967,2025-08,10,188,1,1
1967,2025-09,8,280,2,0
1967,2025-10,13,493,2,0
1967,2025-11,16,466,4,0
1967,2025-12,15,348,6,0
1968,2025-01,8,170,0,0
1968,2025-02,13,467,0,0
1968,2025-03,12,480,0,0
1968,2025-04,8,190,0,0
1968,2025-05,4,94,0,1
1968,2025-06,6,229,0,1
1968,2025-07,9,370,0,0
1968,2025-08,9,206,0,0
1968,2025-09,8,166,0,1
1968,2025-10,12,220,0,0
1968,2025-11,11,419,0,0
1968,2025-12,6,247,0,0
1969,2024-08,2,66,0,0
1969,2024-09,6,216,0,0
1969,2024-10,5,101,0,0
1969,2024-11,3,74,0,0
1969,2024-12,7,282,0,0
1969,2025-01,7,176,0,0
1969,2025-02,2,67,0,0
1969,2025-03,6,138,0,0
1969,2025-04,7,160,0,0
1969,2025-05,3,74,0,0
1969,2025-06,2,53,0,0
1969,2025-07,3,102,0,0
1969,2025-08,5,183,0,0
1969,2025-09,2,40,0,0
1969,2025-10,5,98,0,0
1969,2025-11,4,156,0,0
1969,2025-12,4,73,0,1
1970,2024-10,1,34,0,0
1970,2024-11,4,115,0,1
1970,2024-12,5,171,0,0
1970,2025-01,7,246,0,0
1970,2025-02,6,215,0,0
1970,2025-03,6,171,0,0
1970,2025-04,9,375,0,0
1970,2025-05,5,98,0,0
1970,2025-06,8,331,0,0
1970,2025-07,9,,0,0
1970,2025-08,4,88,0,0
1970,2025-09,9,260,0,0
1970,2025-10,3,102,0,0
1970,2025-11,5,142,0,1
1970,2025-12,1,26,0,0
1971,2025-05,12,224,0,0
1971,2025-06,7,128,0,1
1971,2025-07,9,289,0,0
1971,2025-08,8,287,0,0
1971,2025-09,13,376,0,0
1971,2025-10,6,126,0,0
1971,2025-11,12,351,0,0
1971,2025-12,12,501,0,0
1972,2025-04,4,98,0,0
1972,2025-05,4,110,0,0
1972,2025-06,3,79,0,0
1972,2025-07,2,73,0,0
1973,2024-07,2,36,0,0
1973,2024-08,0,0,0,0
1973,2024-09,3,54,0,0
1973,2024-10,1,37,0,0
1973,2024-11,1,32,0,1
1973,2024-12,2,65,0,0
1973,2025-01,1,37,0,0
1973,2025-02,0,0,0,0
1973,2025-03,1,39,0,1
1973,2025-04,0,0,0,0
1974,2025-08,1,35,0,0
1974,2025-09,6,237,0,0
1974,2025-10,2,41,0,0
1974,2025-11,0,0,0,0
1974,2025-12,2,64,0,0
1975,2025-05,3,114,0,1
1976,2025-03,1,33,0,0
1976,2025-04,1,37,0,0
1977,2025-06,3,85,1,0
1977,2025-07,1,35,0,0
1978,2025-01,2,48,0,0
1978,2025-02,3,106,0,0
1978,2025-03,7,154,0,0
1978,2025-04,4,95,0,0
1978,2025-05,5,127,0,0
1978,2025-06,4,87,0,0
1978,2025-07,5,146,0,0
1978,2025-08,2,56,0,0
1978,2025-09,1,38,0,0
1978,2025-10,1,19,0,0
1978,2025-11,5,108,0,0
1978,2025-12,5,192,0,0
1979,2025-01,4,96,1,0
1979,2025-02,1,28,0,0
1979,2025-03,5,162,2,0
1979,2025-04,6,200,2,0
1979,2025-05,4,108,0,0
1979,2025-06,4,93,2,0
1979,2025-07,1,22,0,0
1979,2025-08,5,123,1,0
1979,2025-09,6,243,3,0
1979,2025-10,2,62,0,0
1979,2025-11,6,174,1,0
1979,2025-12,4,112,1,0
1980,2024-11,2,79,0,0
1980,2024-12,0,0,0,0
1980,2025-01,4,79,0,0
1980,2025-02,1,30,0,0
1980,2025-03,1,40,0,0
1980,2025-04,1,35,0,0
1980,2025-05,1,23,0,0
1980,2025-06,2,,0,0
1980,2025-07,1,31,0,0
1980,2025-08,1,28,0,0
1980,2025-09,1,29,0,0
1980,2025-10,0,0,0,1
1981,2025-02,2,79,0,0
1981,2025-03,1,29,0,0
1981,2025-04,1,18,0,0
1982,2025-05,2,75,0,0
1982,2025-06,2,79,0,1
1982,2025-07,1,32,0,0
1982,2025-08,3,74,0,0
1982,2025-09,3,110,0,0
1982,2025-10,2,63,0,0
1982,2025-11,2,83,0,0
1982,2025-12,2,82,0,0
1983,2025-09,2,37,0,0
1983,2025-10,4,116,0,1
1105,2025-05,3,71,0,0
1983,2025-11,4,94,0,0
1983,2025-12,1,30,0,0
1984,2024-12,1,19,0,0
1984,2025-01,1,23,1,0
1984,2025-02,0,0,0,0
1984,2025-03,0,0,0,0
1984,2025-04,1,41,0,0
1984,2025-05,0,0,0,0
1984,2025-06,2,53,2,0
1984,2025-07,0,0,0,0
1984,2025-08,1,41,0,0
1984,2025-09,1,36,0,0
1984,2025-10,1,29,1,0
1984,2025-11,2,43,1,0
1985,2025-08,8,243,0,0
1985,2025-09,4,146,0,0
1985,2025-10,3,58,0,0
1986,2025-02,4,130,0,0
1986,2025-03,1,23,0,0
1986,2025-04,0,0,0,0
1986,2025-05,0,0,0,0
1986,2025-06,1,27,0,0
1986,2025-07,0,0,0,0
1986,2025-08,0,0,0,0
1986,2025-09,0,0,0,1
1986,2025-10,2,60,0,0
1986,2025-11,0,0,0,0
1986,2025-12,0,0,0,0
1987,2025-07,7,171,0,0
1987,2025-08,5,165,1,1
1987,2025-09,5,168,0,1
1987,2025-10,5,149,1,1
1987,2025-11,9,316,3,0
1987,2025-12,7,146,0,0
1988,2025-05,2,79,0,0
1989,2025-05,1,28,0,0
1989,2025-06,5,196,0,0
1989,2025-07,4,78,0,0
1989,2025-08,6,150,0,0
1989,2025-09,4,147,0,0
1989,2025-10,1,34,0,0
1989,2025-11,2,63,0,0
1989,2025-12,2,84,0,0
1990,2024-12,6,134,1,0
1990,2025-01,4,126,1,0
1990,2025-02,3,67,1,0
1991,2025-08,3,71,1,0
1991,2025-09,3,119,1,0
1991,2025-10,5,141,1,0
1991,2025-11,1,22,0,0
1991,2025-12,0,0,0,0
1992,2025-08,3,56,1,0
1993,2024-09,6,138,3,0
1993,2024-10,6,210,2,0
1993,2024-11,6,110,2,0
1993,2024-12,6,238,2,0
1993,2025-01,9,170,3,0
1993,2025-02,8,283,1,0
1993,2025-03,6,239,2,0
1993,2025-04,9,369,2,0
1993,2025-05,4,125,3,0
1993,2025-06,6,129,1,0
1993,2025-07,8,240,2,0
1994,2024-10,5,132,1,0
1994,2024-11,8,235,2,0
1994,2024-12,9,201,1,0
1994,2025-01,3,123,2,0
1994,2025-02,7,253,1,0
1994,2025-03,5,178,1,0
1994,2025-04,8,202,0,1
1994,2025-05,7,239,2,1
1994,2025-06,7,156,2,1
1994,2025-07,5,97,0,1
1994,2025-08,7,248,1,0
1994,2025-09,3,70,1,0
1994,2025-10,4,150,0,0
1994,2025-11,7,203,1,1
1994,2025-12,5,192,0,0
1995,2025-02,4,78,1,0
1995,2025-03,10,319,4,0
1995,2025-04,9,292,1,0
1995,2025-05,8,215,6,0
1995,2025-06,2,73,0,0
1995,2025-07,7,130,1,0
1995,2025-08,6,179,4,0
1995,2025-09,9,253,2,0
1995,2025-10,8,187,1,0
1995,2025-11,16,337,1,0
1995,2025-12,7,157,1,1
1996,2025-10,6,149,1,0
1996,2025-11,11,348,1,0
1996,2025-12,5,114,0,0
1997,2024-12,3,98,1,0
1997,2025-01,5,98,1,0
1997,2025-02,2,55,1,0
1997,2025-03,1,36,1,0
1997,2025-04,3,61,2,0
1997,2025-05,1,26,0,1
1997,2025-06,0,0,0,0
1997,2025-07,1,20,0,0
1997,2025-08,1,38,1,0
1997,2025-09,1,19,0,0
1997,2025-10,1,21,0,0
1997,2025-11,1,39,1,0
1997,2025-12,2,42,0,0
1998,2025-01,2,64,0,0
1998,2025-02,2,76,0,0
1999,2025-05,6,135,0,0
1999,2025-06,4,88,0,1
1999,2025-07,3,98,0,0
1999,2025-08,3,83,0,0
1999,2025-09,5,181,0,0
1999,2025-10,4,154,0,0
1999,2025-11,5,101,0,0
1999,2025-12,3,58,0,0
2000,2025-02,3,69,2,0
2000,2025-03,2,56,0,0
2000,2025-04,2,42,0,1
2001,2025-07,4,129,2,0
2001,2025-08,2,44,1,0
2001,2025-09,3,81,0,0
2001,2025-10,2,68,0,0
2001,2025-11,4,108,2,0
2001,2025-12,1,30,2,0
2002,2024-12,2,61,0,0
2002,2025-01,2,81,0,0
2002,2025-02,1,40,0,0
2002,2025-03,4,145,0,0
2002,2025-04,2,79,0,0
2002,2025-05,5,147,2,0
2002,2025-06,1,32,0,0
2002,2025-07,1,35,1,0
2002,2025-08,0,0,0,0
2002,2025-09,1,28,1,0
2003,2024-11,2,81,2,0
2003,2024-12,4,139,2,0
2003,2025-01,2,84,0,0
2003,2025-02,2,48,0,0
2003,2025-03,6,122,3,0
2003,2025-04,1,36,0,0
2003,2025-05,3,106,1,0
2003,2025-06,1,31,1,0
2003,2025-07,2,63,0,0
2003,2025-08,2,52,1,0
2003,2025-09,1,,0,0
2003,2025-10,1,34,0,0
2004,2024-12,4,149,0,0
2004,2025-01,1,24,0,0
2004,2025-02,1,39,0,0
2004,2025-03,0,0,0,0
2005,2025-04,4,80,0,0
2005,2025-05,6,150,0,0
2005,2025-06,3,69,0,0
2005,2025-07,5,142,0,0
2005,2025-08,4,145,0,1
2005,2025-09,3,71,0,0
2005,2025-10,5,115,0,0
2005,2025-11,4,163,0,0
2005,2025-12,0,0,0,0
2006,2024-12,8,238,1,0
2006,2025-01,5,192,0,0
2006,2025-02,3,114,2,0
2006,2025-03,5,112,0,0
2006,2025-04,8,265,0,0
2006,2025-05,4,87,0,0
2006,2025-06,3,95,0,0
2006,2025-07,6,117,0,0
2006,2025-08,3,59,0,0
2006,2025-09,5,158,2,0
2006,2025-10,5,116,1,1
2006,2025-11,4,158,1,0
2006,2025-12,6,137,2,1
2007,2025-09,5,108,1,0
2007,2025-10,4,168,1,0
2007,2025-11,3,120,0,0
2007,2025-12,4,91,0,0
2008,2025-08,5,210,0,0
2008,2025-09,7,129,3,0
2008,2025-10,11,220,8,0
2008,2025-11,5,137,2,0
2008,2025-12,5,90,2,0
2009,2025-09,0,0,0,1
2010,2024-12,8,164,5,0
2010,2025-01,6,161,2,0
2010,2025-02,6,203,4,0
2010,2025-03,3,118,2,0
2010,2025-04,6,203,2,0
2010,2025-05,7,259,4,0
2010,2025-06,5,184,3,1
2010,2025-07,4,126,2,0
2010,2025-08,9,296,6,0
2010,2025-09,3,124,1,0
2010,2025-10,12,398,6,0
2010,2025-11,10,188,4,0
2010,2025-12,4,80,4,0
2011,2024-12,4,127,0,0
2011,2025-01,2,51,1,0
2011,2025-02,1,28,0,0
2011,2025-03,1,34,0,0
2011,2025-04,2,60,1,0
2011,2025-05,1,27,0,0
2011,2025-06,1,20,0,0
2011,2025-07,4,141,1,0
2011,2025-08,4,126,1,0
2011,2025-09,1,34,1,0
2011,2025-10,0,0,0,0
2011,2025-11,4,114,1,0
2012,2024-07,18,403,0,0
2012,2024-08,6,213,0,0
2012,2024-09,7,161,0,0
2012,2024-10,8,212,0,0
2012,2024-11,5,149,0,0
2012,2024-12,13,517,0,0
2012,2025-01,15,281,0,0
2012,2025-02,14,339,0,0
2012,2025-03,5,188,0,0
2012,2025-04,6,162,0,0
2012,2025-05,12,432,0,0
2012,2025-06,7,199,0,0
2012,2025-07,5,137,0,0
2012,2025-08,7,254,0,0
2012,2025-09,10,359,0,0
2012,2025-10,5,181,0,0
2012,2025-11,7,188,0,0
2012,2025-12,3,117,0,0
2013,2025-06,2,68,0,0
2013,2025-07,3,94,0,0
2013,2025-08,0,0,0,0
2013,2025-09,2,59,0,0
2013,2025-10,0,0,0,0
2014,2024-07,7,233,2,0
2014,2024-08,4,122,0,0
2014,2024-09,2,50,1,1
2014,2024-10,3,96,0,0
2014,2024-11,4,144,2,1
2015,2024-10,12,246,3,0
2015,2024-11,9,231,0,0
2015,2024-12,14,348,3,0
2015,2025-01,10,276,5,0
2015,2025-02,16,417,4,0
2015,2025-03,12,408,0,0
2015,2025-04,14,396,2,0
2015,2025-05,22,621,4,0
2015,2025-06,13,312,6,0
2015,2025-07,23,948,3,0
2015,2025-08,14,378,8,0
2015,2025-09,14,450,4,1
2015,2025-10,7,166,0,0
2015,2025-11,17,315,4,1
2015,2025-12,7,252,1,0
2016,2025-09,1,23,0,0
2016,2025-10,5,130,1,0
2016,2025-11,6,228,2,0
2016,2025-12,3,74,1,0
2017,2025-05,2,83,1,0
2017,2025-06,5,197,0,0
2017,2025-07,2,58,0,0
2018,2025-06,2,39,1,0
2018,2025-07,3,101,0,0
2018,2025-08,1,29,0,0
2018,2025-09,5,156,3,1
2018,2025-10,1,26,0,0
2018,2025-11,2,60,0,0
2018,2025-12,1,32,0,0
2019,2024-11,3,94,0,0
2019,2024-12,3,118,0,0
2019,2025-01,3,57,0,0
2019,2025-02,4,131,0,0
2019,2025-03,4,126,0,0
2019,2025-04,4,102,0,0
2020,2025-04,4,145,4,0
2020,2025-05,4,124,4,0
2020,2025-06,1,27,1,0
2020,2025-07,2,74,0,0
2020,2025-08,2,64,1,0
2020,2025-09,0,0,0,0
2020,2025-10,1,29,0,1
2021,2025-06,3,62,1,1
2021,2025-07,6,192,1,0
2021,2025-08,1,30,1,0
2021,2025-09,1,29,0,1
2021,2025-10,1,27,1,0
2022,2025-05,2,46,1,0
2022,2025-06,1,23,0,1
2023,2025-05,10,253,3,0
2023,2025-06,6,155,2,0
2023,2025-07,12,472,4,0
2023,2025-08,11,330,0,0
2023,2025-09,10,352,0,0
2023,2025-10,7,277,4,1
2023,2025-11,5,153,2,0
2023,2025-12,7,236,3,0
2024,2025-03,4,132,0,0
2024,2025-04,4,89,1,0
2024,2025-05,4,91,1,0
2025,2025-05,2,75,0,0
2025,2025-06,2,59,0,0
2025,2025-07,1,21,0,0
2025,2025-08,4,138,0,0
2025,2025-09,5,90,0,0
2025,2025-10,1,33,0,0
2025,2025-11,1,36,0,0
2025,2025-12,0,0,0,0
2026,2025-06,1,36,0,0
2026,2025-07,4,147,0,0
2026,2025-08,4,159,2,0
2027,2024-10,5,96,0,0
2027,2024-11,3,95,0,0
2027,2024-12,9,,0,0
2027,2025-01,6,252,0,0
2027,2025-02,7,184,0,0
2027,2025-03,7,175,0,0
2027,2025-04,8,254,0,0
2027,2025-05,4,120,0,0
2027,2025-06,8,175,0,0
2027,2025-07,2,42,0,0
2027,2025-08,6,190,0,0
2027,2025-09,4,129,0,0
2027,2025-10,5,200,0,0
2027,2025-11,6,228,0,0
2027,2025-12,5,159,0,0
2028,2025-05,2,54,0,0
2028,2025-06,3,61,0,0
2028,2025-07,2,45,0,0
2028,2025-08,1,29,1,0
2028,2025-09,2,46,0,0
2028,2025-10,2,73,1,0
2028,2025-11,0,0,0,0
2012,2025-08,7,254,0,0
2028,2025-12,1,31,0,0
2029,2024-11,3,102,0,0
2029,2024-12,1,41,0,0
2029,2025-01,1,29,0,0
2029,2025-02,4,118,0,0
2029,2025-03,0,0,0,0
2029,2025-04,1,19,0,0
2029,2025-05,0,0,0,0
2029,2025-06,1,28,0,0
2029,2025-07,1,42,0,0
2029,2025-08,0,0,0,0
2029,2025-09,0,0,0,0
2029,2025-10,0,0,0,0
2030,2025-07,1,23,0,0
2030,2025-08,3,95,0,0
2030,2025-09,3,91,2,0
2030,2025-10,5,111,2,0
2030,2025-11,0,0,0,0
2030,2025-12,3,88,1,0
2031,2024-10,11,234,3,0
2031,2024-11,18,628,3,0
2031,2024-12,5,124,1,0
2031,2025-01,12,240,2,0
2031,2025-02,7,196,1,0
2031,2025-03,16,353,3,0
2031,2025-04,5,97,1,0
2031,2025-05,2,37,0,0
2031,2025-06,9,241,2,0
2031,2025-07,11,384,4,0
2031,2025-08,10,342,1,0
2031,2025-09,9,208,4,0
2031,2025-10,7,216,3,0
2031,2025-11,6,123,0,0
2031,2025-12,10,319,1,0
2032,2024-09,8,238,0,0
2032,2024-10,7,252,0,0
2032,2024-11,11,213,0,0
2032,2024-12,14,298,0,0
2032,2025-01,9,311,0,0
2032,2025-02,11,316,0,0
2032,2025-03,7,249,0,0
2032,2025-04,14,324,0,1
2032,2025-05,8,201,0,0
2032,2025-06,11,271,0,1
2032,2025-07,9,321,0,0
2032,2025-08,11,301,0,1
2032,2025-09,9,309,0,0
2032,2025-10,13,477,0,1
2032,2025-11,14,291,0,0
2032,2025-12,10,396,0,0
2033,2025-01,2,67,0,0
2033,2025-02,1,37,0,0
2033,2025-03,0,0,0,0
2033,2025-04,2,40,0,1
2033,2025-05,0,0,0,0
2034,2024-07,0,0,0,0
2034,2024-08,2,71,0,0
2034,2024-09,1,42,0,0
2034,2024-10,4,84,0,0
2034,2024-11,1,30,0,0
2034,2024-12,1,23,0,0
2034,2025-01,2,83,0,0
2034,2025-02,1,21,0,0
2034,2025-03,1,30,0,2
2035,2024-11,4,107,0,1
2035,2024-12,7,279,0,0
2035,2025-01,11,266,0,0
2035,2025-02,9,368,0,0
2035,2025-03,8,173,0,0
2036,2024-08,1,25,0,0
2036,2024-09,2,51,0,0
2037,2024-12,7,291,0,0
2037,2025-01,2,62,0,0
2037,2025-02,4,91,0,0
2037,2025-03,7,183,0,0
2037,2025-04,7,140,0,0
2037,2025-05,9,374,0,0
2037,2025-06,10,308,0,0
2037,2025-07,15,547,0,0
2037,2025-08,5,101,0,0
2037,2025-09,6,226,0,0
2037,2025-10,3,125,0,0
2037,2025-11,5,123,0,0
2037,2025-12,6,225,0,0
2038,2024-11,2,67,0,1
2038,2024-12,7,184,3,0
2038,2025-01,9,274,1,0
2038,2025-02,8,241,0,1
2038,2025-03,1,24,1,0
2038,2025-04,8,277,2,0
2038,2025-05,7,256,0,0
2038,2025-06,3,66,0,0
2038,2025-07,3,114,1,0
2038,2025-08,2,61,1,0
2038,2025-09,6,207,3,0
2038,2025-10,2,59,1,0
2038,2025-11,2,58,0,0
2038,2025-12,2,52,0,0
2039,2025-08,4,128,1,0
2039,2025-09,3,64,1,0
2039,2025-10,0,0,0,1
2039,2025-11,3,119,1,0
2039,2025-12,3,81,1,0
2040,2024-08,1,27,0,0
2040,2024-09,0,0,0,0
2040,2024-10,4,143,1,0
2040,2024-11,2,45,0,0
2040,2024-12,3,58,1,0
2040,2025-01,2,48,1,0
2040,2025-02,0,0,0,0
2041,2025-05,1,28,0,0
2041,2025-06,0,0,0,0
2042,2025-07,4,138,0,0
2042,2025-08,1,32,0,0
2042,2025-09,2,62,0,0
2042,2025-10,3,68,0,0
2042,2025-11,1,22,0,0
2042,2025-12,0,0,0,0
2043,2024-12,2,43,0,0
2043,2025-01,0,0,0,0
2043,2025-02,4,76,0,0
2043,2025-03,3,98,0,0
2043,2025-04,2,40,0,0
2043,2025-05,1,25,0,0
2043,2025-06,0,0,0,0
2043,2025-07,3,89,0,0
2043,2025-08,2,84,0,1
2043,2025-09,1,35,0,0
2043,2025-10,1,37,0,2
2043,2025-11,0,0,0,0
2044,2024-07,3,80,0,0
2044,2024-08,6,198,0,1
2044,2024-09,9,222,0,0
2044,2024-10,5,177,0,0
2044,2024-11,11,461,0,2
2044,2024-12,6,159,0,0
2044,2025-01,7,251,0,0
2044,2025-02,6,198,0,0
2044,2025-03,8,325,0,0
2044,2025-04,4,76,0,0
2044,2025-05,3,66,0,0
2044,2025-06,5,167,0,0
2044,2025-07,12,361,0,0
2044,2025-08,8,311,0,0
2044,2025-09,7,149,0,0
2044,2025-10,6,212,0,0
2044,2025-11,4,88,0,0
2044,2025-12,2,73,0,0
2045,2025-10,1,31,0,0
2045,2025-11,2,78,0,0
2045,2025-12,1,31,0,0
2046,2025-10,6,179,0,0
2046,2025-11,3,63,0,0
2046,2025-12,7,148,0,0
2047,2025-10,1,28,0,1
2048,2025-04,0,,0,0
2048,2025-05,2,45,0,0
2048,2025-06,1,28,0,0
2048,2025-07,1,33,0,0
2049,2024-12,1,36,0,0
2049,2025-01,2,67,0,0
2049,2025-02,1,18,0,0
2049,2025-03,0,0,0,0
2049,2025-04,0,0,0,0
2049,2025-05,1,25,0,0
2049,2025-06,0,0,0,0
2050,2025-09,1,39,0,0
2050,2025-10,2,77,0,0
2050,2025-11,2,44,0,0
2050,2025-12,3,55,0,0
2051,2025-06,1,24,0,0
4063,2024-10,3,101,1,0
2051,2025-07,1,20,1,0
2052,2025-07,3,104,0,0
2052,2025-08,0,0,0,0
2052,2025-09,0,0,0,0
2052,2025-10,1,33,0,0
2052,2025-11,0,0,0,0
2052,2025-12,2,73,0,0
2053,2024-07,10,413,0,0
2053,2024-08,8,198,0,0
2053,2024-09,7,164,0,0
2053,2024-10,5,198,0,0
2053,2024-11,12,240,0,0
2053,2024-12,6,124,0,0
2053,2025-01,12,312,0,0
2053,2025-02,7,283,0,0
2053,2025-03,9,166,0,0
2053,2025-04,6,248,0,1
2053,2025-05,6,109,0,0
2053,2025-06,5,172,0,0
2053,2025-07,8,228,0,0
2053,2025-08,4,148,0,1
2053,2025-09,7,266,0,0
2053,2025-10,8,189,0,0
2053,2025-11,9,364,0,0
2053,2025-12,7,209,0,0
2054,2025-03,2,40,0,0
2054,2025-04,2,50,0,0
2054,2025-05,4,144,0,0
2054,2025-06,1,36,0,0
2054,2025-07,1,35,0,0
2054,2025-08,3,123,0,0
2054,2025-09,2,47,0,0
2054,2025-10,0,0,0,0
2054,2025-11,3,108,0,0
2054,2025-12,1,25,0,1
2055,2025-08,5,153,0,0
2055,2025-09,6,191,0,0
2055,2025-10,8,198,0,1
2055,2025-11,8,299,0,1
2055,2025-12,6,179,0,0
2056,2025-01,11,461,6,0
2056,2025-02,12,344,6,0
2056,2025-03,11,406,4,0
2056,2025-04,22,455,11,0
2056,2025-05,9,277,8,0
2056,2025-06,12,400,6,1
2056,2025-07,9,366,3,1
2056,2025-08,7,187,1,2
2056,2025-09,3,105,3,0
2056,2025-10,7,154,0,0
2056,2025-11,8,197,5,0
2056,2025-12,11,371,4,1
2057,2025-09,5,110,1,0
2057,2025-10,8,197,4,0
2057,2025-11,5,115,3,0
2057,2025-12,5,198,2,0
2058,2024-07,0,0,0,0
2058,2024-08,3,105,1,0
2058,2024-09,2,53,0,0
2058,2024-10,2,54,2,0
2058,2024-11,5,202,2,0
2058,2024-12,2,58,0,0
2058,2025-01,1,38,0,0
2058,2025-02,1,38,1,1
2058,2025-03,3,113,0,0
2058,2025-04,2,42,0,0
2058,2025-05,0,0,0,0
2058,2025-06,0,0,0,0
2058,2025-07,0,0,0,0
2058,2025-08,2,50,1,0
2058,2025-09,1,37,0,0
2058,2025-10,0,0,0,0
2058,2025-11,0,0,0,0
2058,2025-12,2,56,1,0
2059,2025-03,3,119,0,0
2059,2025-04,2,74,0,0
2059,2025-05,1,22,0,0
2059,2025-06,4,121,0,0
2059,2025-07,2,71,0,0
2059,2025-08,3,90,0,0
2059,2025-09,1,22,0,0
2059,2025-10,1,30,0,0
2059,2025-11,3,89,0,1
2059,2025-12,2,38,0,1
2060,2025-02,2,72,0,0
2060,2025-03,5,204,2,1
2060,2025-04,4,76,2,0
2060,2025-05,4,84,3,0
2060,2025-06,5,193,2,0
2060,2025-07,3,94,1,1
2060,2025-08,4,90,1,0
2060,2025-09,4,111,3,0
2060,2025-10,3,116,0,1
2060,2025-11,1,41,0,0
2060,2025-12,0,0,0,1
2061,2024-11,2,37,0,0
2061,2024-12,9,310,0,0
2061,2025-01,4,167,0,0
2061,2025-02,3,114,0,0
2061,2025-03,2,57,0,0
2061,2025-04,6,117,0,0
2061,2025-05,8,231,0,0
2061,2025-06,5,202,0,0
2061,2025-07,6,189,0,0
2061,2025-08,5,94,0,0
2061,2025-09,2,46,0,2
2061,2025-10,7,202,0,0
2062,2025-04,3,73,1,0
2062,2025-05,3,114,1,0
2062,2025-06,0,0,0,0
2062,2025-07,2,62,0,0
2062,2025-08,6,175,0,0
2062,2025-09,2,66,2,0
2062,2025-10,1,21,0,0
2062,2025-11,2,42,0,0
2062,2025-12,3,60,1,0
2063,2025-04,3,81,0,0
2063,2025-05,2,44,0,0
2063,2025-06,3,112,0,0
2063,2025-07,0,0,0,0
2063,2025-08,0,0,0,1
2063,2025-09,2,47,0,0
2063,2025-10,1,26,0,0
2063,2025-11,0,0,0,0
2064,2025-07,0,0,0,0
2064,2025-08,1,29,0,0
2064,2025-09,1,24,0,0
2064,2025-10,2,59,0,0
2064,2025-11,2,79,0,0
2064,2025-12,1,22,0,0
2065,2025-07,4,88,3,1
2065,2025-08,6,227,0,0
2066,2025-08,4,126,0,0
2066,2025-09,4,137,2,0
2066,2025-10,6,122,2,0
2066,2025-11,6,121,1,0
2066,2025-12,3,78,0,0
2067,2025-01,1,40,0,0
2067,2025-02,2,56,1,0
2067,2025-03,0,0,0,0
2067,2025-04,1,34,0,0
2067,2025-05,3,110,0,0
2067,2025-06,0,0,0,0
2067,2025-07,2,56,1,0
2067,2025-08,2,42,2,0
2067,2025-09,2,57,0,0
2067,2025-10,0,0,0,0
2067,2025-11,0,0,0,0
2067,2025-12,0,,0,0
2068,2024-11,4,79,0,0
2068,2024-12,3,86,0,0
2068,2025-01,5,206,0,0
2068,2025-02,2,43,0,0
2068,2025-03,4,153,0,0
2068,2025-04,4,103,0,0
2068,2025-05,7,258,0,0
2068,2025-06,3,108,0,0
2068,2025-07,5,182,0,1
2068,2025-08,7,260,0,1
2068,2025-09,6,247,0,0
2068,2025-10,0,0,0,0
2069,2024-08,2,51,0,0
2069,2024-09,0,0,0,0
2069,2024-10,2,46,0,0
2070,2025-03,1,32,0,0
2070,2025-04,3,100,0,0
2070,2025-05,2,51,0,0
2070,2025-06,6,187,0,0
2070,2025-07,3,,0,0
2070,2025-08,9,193,0,0
2070,2025-09,7,160,0,0
2070,2025-10,5,141,0,0
2070,2025-11,4,149,0,0
2070,2025-12,8,246,0,0
2071,2025-03,11,427,0,0
2071,2025-04,19,424,0,0
2071,2025-05,15,574,0,0
2071,2025-06,20,558,0,0
2071,2025-07,15,457,0,0
2071,2025-08,11,331,0,0
2071,2025-09,12,310,0,0
2071,2025-10,12,396,0,1
2071,2025-11,17,441,0,0
2071,2025-12,6,217,0,0
2072,2025-01,2,56,1,0
2072,2025-02,0,0,0,0
2072,2025-03,0,0,0,0
2072,2025-04,2,66,0,0
2072,2025-05,1,28,0,0
2072,2025-06,1,20,0,0
2072,2025-07,0,0,0,0
2072,2025-08,1,28,0,0
2072,2025-09,1,27,1,0
2072,2025-10,2,72,1,0
2072,2025-11,0,0,0,0
2072,2025-12,0,0,0,0
2073,2025-10,7,222,0,0
2073,2025-11,3,125,0,0
2073,2025-12,9,336,0,0
2074,2025-10,4,82,3,0
2074,2025-11,4,116,2,0
2074,2025-12,9,363,4,0
2075,2024-12,2,83,0,0
2075,2025-01,1,39,0,0
2076,2025-07,0,0,0,0
3717,2025-04,7,168,4,0
2076,2025-08,2,66,0,0
2076,2025-09,6,143,2,0
2076,2025-10,3,59,0,0
2076,2025-11,4,154,1,0
2076,2025-12,1,19,0,0
2077,2024-10,1,28,0,0
2077,2024-11,5,150,0,0
2077,2024-12,2,59,0,0
2077,2025-01,0,0,0,0
2078,2025-07,0,0,0,0
2078,2025-08,0,0,0,0
2078,2025-09,2,46,0,0
2078,2025-10,0,0,0,0
2078,2025-11,1,29,2,0
2078,2025-12,0,0,0,0
2079,2024-07,1,27,1,0
2080,2025-04,3,96,0,0
2080,2025-05,7,281,0,0
2080,2025-06,4,87,0,1
2080,2025-07,7,188,0,0
2080,2025-08,4,139,0,0
2080,2025-09,5,166,0,0
2080,2025-10,2,52,0,0
2080,2025-11,8,223,0,0
2080,2025-12,4,153,0,0
2081,2025-07,1,31,0,0
2082,2025-06,0,0,0,0
2082,2025-07,2,48,0,0
2082,2025-08,1,35,0,0
2082,2025-09,3,63,0,0
2083,2025-02,2,73,0,0
2083,2025-03,4,142,0,0
2083,2025-04,4,101,0,0
2083,2025-05,2,79,0,1
2083,2025-06,1,34,0,0
2083,2025-07,2,54,0,2
2083,2025-08,3,89,0,2
2083,2025-09,0,0,0,0
2084,2024-08,1,23,0,0
2084,2024-09,1,36,0,0
2084,2024-10,3,121,1,0
2084,2024-11,1,,0,0
2084,2024-12,2,51,0,0
2084,2025-01,0,0,0,0
2084,2025-02,3,101,1,0
2084,2025-03,1,35,0,0
2084,2025-04,2,40,0,0
2084,2025-05,0,0,0,0
2084,2025-06,1,18,1,0
2084,2025-07,3,108,0,1
2085,2025-04,1,38,0,1
2085,2025-05,0,0,0,0
2085,2025-06,4,90,0,0
2085,2025-07,2,54,0,1
2085,2025-08,2,56,0,0
2085,2025-09,1,38,0,0
2085,2025-10,0,0,0,1
2086,2025-06,12,217,7,0
2086,2025-07,8,268,0,0
2086,2025-08,17,673,5,0
2086,2025-09,21,588,9,0
2086,2025-10,15,544,7,0
2086,2025-11,13,255,4,0
2086,2025-12,15,602,8,0
2087,2024-12,1,19,1,2
2087,2025-01,2,53,1,0
2087,2025-02,2,57,0,2
2087,2025-03,4,153,0,1
2088,2025-01,3,76,0,0
2088,2025-02,4,138,0,1
2088,2025-03,1,39,0,0
2088,2025-04,2,64,0,1
2088,2025-05,1,19,0,0
2088,2025-06,1,41,0,0
2088,2025-07,1,29,0,1
2088,2025-08,1,39,0,0
2088,2025-09,2,71,0,0
2088,2025-10,1,23,0,0
2088,2025-11,0,0,0,0
2088,2025-12,2,54,0,0
2089,2024-12,2,39,0,0
2089,2025-01,2,74,1,1
2089,2025-02,4,158,1,0
2089,2025-03,1,23,1,0
2089,2025-04,0,0,0,2
2089,2025-05,3,114,7,0
2089,2025-06,3,98,3,1
2089,2025-07,4,122,4,0
2089,2025-08,4,79,2,0
2089,2025-09,3,81,1,0
2089,2025-10,2,67,0,1
2089,2025-11,3,56,1,0
2090,2024-10,1,40,0,0
2090,2024-11,4,95,0,0
2090,2024-12,1,39,0,0
2090,2025-01,1,31,0,0
2090,2025-02,1,25,0,0
2090,2025-03,1,31,0,0
2090,2025-04,2,61,1,0
2090,2025-05,1,39,1,0
2090,2025-06,0,0,0,0
2090,2025-07,4,150,4,0
2090,2025-08,0,0,0,1
2090,2025-09,0,0,0,0
2091,2024-10,8,319,1,0
2091,2024-11,4,113,1,0
2091,2024-12,5,197,0,0
2091,2025-01,6,169,1,0
2091,2025-02,6,186,1,0
2091,2025-03,3,59,1,0
2091,2025-04,10,371,8,0
2091,2025-05,8,283,1,0
2091,2025-06,2,48,0,0
2091,2025-07,8,224,2,0
2091,2025-08,5,91,1,1
2092,2025-10,6,227,0,0
2092,2025-11,2,45,0,0
2092,2025-12,3,120,1,0
2093,2024-07,1,27,0,0
2093,2024-08,2,76,0,0
2093,2024-09,1,19,0,0
2093,2024-10,1,30,0,0
2093,2024-11,6,235,0,0
2093,2024-12,1,19,0,0
2093,2025-01,1,31,0,0
2093,2025-02,1,23,0,0
2093,2025-03,1,20,0,0
2093,2025-04,0,0,0,0
2093,2025-05,0,0,0,0
2093,2025-06,3,110,0,0
2094,2025-06,5,199,3,0
2094,2025-07,6,227,0,0
2094,2025-08,8,303,2,0
2094,2025-09,8,299,2,0
2094,2025-10,8,204,0,1
2094,2025-11,12,403,8,0
2094,2025-12,4,,3,0
2095,2024-07,3,126,1,0
2095,2024-08,3,65,0,0
2095,2024-09,3,55,0,1
2095,2024-10,1,20,1,0
2095,2024-11,3,91,0,0
2095,2024-12,3,73,1,0
2095,2025-01,3,118,2,0
2095,2025-02,2,79,0,0
2095,2025-03,3,104,1,0
2095,2025-04,1,40,1,0
2095,2025-05,1,24,0,0
2095,2025-06,2,50,0,0
2095,2025-07,0,0,0,0
2095,2025-08,1,40,2,0
2095,2025-09,0,0,0,0
2095,2025-10,2,66,0,0
2095,2025-11,2,78,1,0
2095,2025-12,0,0,0,0
2096,2025-06,9,275,3,0
2096,2025-07,10,,1,0
2096,2025-08,4,112,0,0
2096,2025-09,9,247,0,0
2096,2025-10,12,491,1,0
2096,2025-11,6,158,0,0
2096,2025-12,8,259,1,0
2097,2024-12,6,118,1,0
2097,2025-01,8,280,1,0
2097,2025-02,8,246,3,1
2097,2025-03,4,132,1,0
2097,2025-04,5,147,1,0
2097,2025-05,5,151,2,0
2097,2025-06,5,179,1,0
2097,2025-07,2,76,0,0
2097,2025-08,4,95,3,0
2097,2025-09,8,223,0,0
2097,2025-10,8,204,3,0
2097,2025-11,2,71,0,0
2097,2025-12,6,120,1,0
2098,2025-08,3,108,4,1
2099,2025-01,0,0,0,0
2099,2025-02,1,40,0,0
2099,2025-03,1,33,0,0
2099,2025-04,1,18,0,0
2099,2025-05,1,29,0,0
2099,2025-06,1,26,0,0
2099,2025-07,1,29,0,0
2099,2025-08,3,68,1,0
2099,2025-09,1,30,0,0
2099,2025-10,1,38,0,0
2099,2025-11,0,0,0,0
2099,2025-12,0,0,0,0
2100,2025-03,2,37,0,0
2100,2025-04,2,59,0,0
2100,2025-05,4,,0,0
2101,2025-05,1,19,0,0
2101,2025-06,1,36,0,0
2101,2025-07,1,22,0,1
2101,2025-08,1,28,0,0
2101,2025-09,1,,0,0
2101,2025-10,2,39,0,0
2101,2025-11,4,95,0,0
2101,2025-12,0,0,0,0
2102,2024-11,5,143,0,0
2102,2024-12,1,36,0,0
2102,2025-01,2,82,0,0
2102,2025-02,4,105,0,0
2102,2025-03,1,19,0,0
2102,2025-04,5,162,0,0
2102,2025-05,2,59,0,0
2102,2025-06,1,36,0,0
2102,2025-07,1,29,0,0
2102,2025-08,1,25,0,0
2102,2025-09,1,21,0,0
2102,2025-10,1,39,0,0
2102,2025-11,1,19,0,0
2102,2025-12,0,0,0,0
2103,2024-08,6,117,1,0
2103,2024-09,2,63,0,0
2103,2024-10,5,98,1,0
2103,2024-11,5,100,1,0
2103,2024-12,2,47,0,0
2103,2025-01,3,58,2,1
2103,2025-02,5,142,1,0
2103,2025-03,4,155,3,0
2103,2025-04,3,62,1,0
2103,2025-05,8,280,5,0
2103,2025-06,2,52,1,0
2103,2025-07,1,31,0,0
2103,2025-08,4,134,1,0
2104,2024-11,2,38,0,0
2105,2025-09,2,70,0,0
2105,2025-10,2,55,0,0
2105,2025-11,4,138,0,0
2105,2025-12,6,203,0,0
2106,2025-03,1,37,0,0
2107,2025-10,5,102,1,0
2107,2025-11,1,28,0,0
2107,2025-12,5,181,2,0
2108,2025-02,4,83,1,0
2108,2025-03,4,89,0,0
2108,2025-04,3,76,0,0
2108,2025-05,4,160,0,0
2108,2025-06,4,135,1,0
2108,2025-07,2,39,0,0
2108,2025-08,3,109,2,0
2108,2025-09,0,0,0,0
2109,2025-01,3,119,1,0
2109,2025-02,7,193,3,0
2109,2025-03,7,155,1,0
2109,2025-04,10,235,3,0
2109,2025-05,3,62,0,0
2109,2025-06,4,152,1,0
2109,2025-07,1,33,0,0
2109,2025-08,3,57,1,0
2109,2025-09,6,159,0,0
2109,2025-10,6,170,0,0
2109,2025-11,5,100,0,0
2109,2025-12,2,65,1,0
2110,2025-09,1,20,0,0
2110,2025-10,3,75,0,0
2110,2025-11,2,48,0,1
2110,2025-12,3,95,2,1
2111,2024-10,7,266,4,0
2111,2024-11,4,106,2,0
2111,2024-12,3,97,1,0
2111,2025-01,8,271,2,0
2111,2025-02,3,111,0,0
2111,2025-03,3,101,1,0
2111,2025-04,10,202,2,0
2111,2025-05,7,185,2,0
2111,2025-06,5,191,2,0
2111,2025-07,5,193,3,0
2111,2025-08,2,53,2,0
2111,2025-09,9,278,6,0
2111,2025-10,4,101,3,0
2111,2025-11,3,110,1,0
2111,2025-12,6,241,2,1
2112,2025-04,1,38,0,0
2112,2025-05,3,126,0,0
2112,2025-06,3,92,0,0
2112,2025-07,1,36,0,0
2112,2025-08,6,213,0,0
2112,2025-09,3,78,0,0
2112,2025-10,2,38,0,0
2112,2025-11,3,63,0,1
2112,2025-12,3,58,0,2
2113,2025-05,2,59,0,0
2113,2025-06,1,33,0,0
2113,2025-07,0,0,0,0
2114,2024-11,5,158,1,0
2114,2024-12,3,60,3,0
2114,2025-01,1,26,1,0
2114,2025-02,3,81,1,0
2114,2025-03,1,37,1,0
2114,2025-04,2,76,1,0
2114,2025-05,2,39,0,0
2114,2025-06,1,36,1,0
2114,2025-07,0,0,0,0
2114,2025-08,0,0,0,0
2114,2025-09,0,0,0,0
2114,2025-10,1,36,1,0
2115,2024-07,4,147,1,0
2115,2024-08,3,125,1,0
2115,2024-09,5,167,4,0
2115,2024-10,5,152,2,0
2115,2024-11,4,167,1,0
2115,2024-12,2,40,0,0
2115,2025-01,4,83,1,0
2115,2025-02,5,162,1,0
2115,2025-03,6,249,1,0
2115,2025-04,2,53,1,0
2115,2025-05,4,109,3,0
2115,2025-06,5,143,5,0
2115,2025-07,5,147,1,1
2115,2025-08,4,78,3,0
2115,2025-09,2,72,1,1
2115,2025-10,2,75,0,1
2115,2025-11,1,21,0,0
2115,2025-12,4,135,2,0
2116,2025-08,2,54,0,0
2116,2025-09,0,0,0,1
2117,2025-05,0,,0,0
2118,2024-09,15,472,3,0
2118,2024-10,19,672,8,0
2118,2024-11,17,365,4,0
2118,2024-12,22,876,2,0
2118,2025-01,10,195,5,0
2118,2025-02,15,558,3,0
2118,2025-03,16,654,6,0
2118,2025-04,12,398,1,0
2118,2025-05,17,435,3,0
2118,2025-06,11,217,2,0
2118,2025-07,13,281,3,0
2118,2025-08,13,351,4,0
2118,2025-09,9,246,0,0
2118,2025-10,11,321,4,1
2118,2025-11,9,311,4,0
2118,2025-12,11,327,1,1
2119,2024-10,4,116,0,0
2119,2024-11,6,149,0,0
2119,2024-12,6,138,0,0
2119,2025-01,2,55,0,0
2119,2025-02,7,287,0,0
2119,2025-03,4,115,0,0
2119,2025-04,4,81,0,0
2119,2025-05,2,70,0,0
2119,2025-06,5,154,0,0
2119,2025-07,3,70,0,0
2119,2025-08,3,124,0,0
2119,2025-09,6,191,0,0
2119,2025-10,7,166,0,0
2119,2025-11,2,63,0,0
2119,2025-12,6,,0,0
2120,2025-02,1,,0,0
2120,2025-03,0,0,0,0
2120,2025-04,1,22,0,0
2120,2025-05,0,0,0,1
2120,2025-06,1,25,0,0
2120,2025-07,0,0,0,0
2120,2025-08,1,41,0,0
2120,2025-09,1,36,0,0
2120,2025-10,0,0,0,0
2120,2025-11,1,24,0,0
2120,2025-12,1,39,0,0
2121,2025-10,11,402,5,0
2121,2025-11,14,305,5,0
2121,2025-12,6,169,1,0
2122,2025-08,8,257,0,0
2122,2025-09,8,322,1,0
2122,2025-10,14,547,7,0
2122,2025-11,12,391,2,0
2122,2025-12,12,289,4,0
2123,2025-08,2,80,0,0
2123,2025-09,1,22,0,0
2123,2025-10,1,28,0,0
2123,2025-11,2,78,0,0
2123,2025-12,0,0,0,0
2124,2025-05,1,25,0,0
2124,2025-06,1,28,0,0
2124,2025-07,5,157,0,0
2125,2025-02,4,93,0,0
2125,2025-03,1,42,0,0
2125,2025-04,5,135,0,0
2125,2025-05,2,55,0,0
2125,2025-06,2,45,0,0
2125,2025-07,2,75,0,0
2125,2025-08,1,38,0,0
2125,2025-09,1,40,0,0
2125,2025-10,0,0,0,0
2125,2025-11,1,32,0,0
2125,2025-12,0,0,0,0
2126,2025-08,12,258,6,0
2126,2025-09,8,265,4,1
2126,2025-10,20,585,10,1
2126,2025-11,19,495,5,0
2126,2025-12,13,493,4,1
2127,2025-05,3,126,0,0
2127,2025-06,1,31,0,0
2127,2025-07,1,37,1,1
2127,2025-08,1,35,1,0
2127,2025-09,0,0,0,0
2127,2025-10,0,0,0,1
2127,2025-11,1,37,0,0
2127,2025-12,0,0,0,0
2128,2025-07,3,54,1,0
2128,2025-08,3,68,2,0
2128,2025-09,3,100,2,0
2128,2025-10,0,0,0,0
2128,2025-11,0,0,0,0
2128,2025-12,3,67,1,0
2129,2024-08,13,290,0,0
2129,2024-09,8,302,0,0
2129,2024-10,14,465,0,0
2129,2024-11,15,429,0,0
2129,2024-12,7,186,0,0
2129,2025-01,14,270,0,0
2129,2025-02,11,451,0,0
2129,2025-03,6,164,0,0
2129,2025-04,12,232,0,0
2129,2025-05,9,261,0,0
2129,2025-06,10,284,0,0
2129,2025-07,12,484,0,0
2129,2025-08,14,536,0,0
2129,2025-09,14,400,0,0
2129,2025-10,8,254,0,0
2129,2025-11,9,242,0,0
2129,2025-12,8,156,0,0
2130,2024-10,2,,0,1
2130,2024-11,0,0,0,1
2131,2024-11,3,81,0,0
2131,2024-12,5,129,0,0
2131,2025-01,7,146,0,0
2131,2025-02,7,184,0,0
2131,2025-03,3,62,0,0
2131,2025-04,8,190,0,0
2131,2025-05,6,182,0,0
2131,2025-06,5,184,0,0
2131,2025-07,1,37,0,0
2131,2025-08,3,74,0,0
2131,2025-09,4,101,0,0
2131,2025-10,6,110,0,0
2131,2025-11,7,187,0,0
2131,2025-12,4,134,0,0
2132,2025-09,2,81,1,0
2132,2025-10,5,90,1,0
2132,2025-11,5,195,1,0
2132,2025-12,1,33,0,0
2133,2025-09,2,53,0,0
2133,2025-10,0,0,0,0
2133,2025-11,0,0,0,0
2133,2025-12,2,,0,0
2134,2025-01,2,66,0,0
2134,2025-02,2,39,0,1
2134,2025-03,1,39,0,0
2134,2025-04,2,42,0,0
2134,2025-05,1,29,0,0
2134,2025-06,0,0,0,0
2134,2025-07,0,0,0,0
2134,2025-08,0,0,0,0
2134,2025-09,2,57,0,0
2134,2025-10,1,36,0,0
2134,2025-11,1,32,0,0
2134,2025-12,2,64,0,1
2135,2025-06,2,50,0,0
2135,2025-07,4,89,0,0
2135,2025-08,2,77,0,0
2135,2025-09,3,73,1,0
2135,2025-10,2,40,0,0
2135,2025-11,2,73,0,0
2135,2025-12,2,61,0,0
2136,2024-12,10,283,6,0
2136,2025-01,8,237,3,0
2136,2025-02,6,188,3,1
2136,2025-03,10,376,2,1
2136,2025-04,3,114,1,1
2136,2025-05,3,96,2,0
2137,2025-02,5,185,0,0
2137,2025-03,3,83,0,1
2137,2025-04,7,271,0,0
2137,2025-05,6,135,0,0
2137,2025-06,3,93,0,0
2137,2025-07,10,380,0,0
2137,2025-08,9,305,0,0
2137,2025-09,7,137,0,0
2137,2025-10,3,106,0,0
2137,2025-11,6,248,0,0
2137,2025-12,5,137,0,1
2138,2025-10,3,84,2,0
2138,2025-11,4,109,0,0
2138,2025-12,3,97,0,0
2139,2025-02,2,42,0,0
2139,2025-03,5,159,0,0
2139,2025-04,2,67,0,0
2139,2025-05,3,124,0,1
2139,2025-06,4,147,0,0
2139,2025-07,2,75,0,0
2139,2025-08,1,27,0,1
2139,2025-09,3,80,0,0
2139,2025-10,1,26,0,0
2139,2025-11,1,25,0,0
2139,2025-12,1,35,0,0
2140,2025-04,8,324,0,0
2140,2025-05,7,273,0,0
2140,2025-06,10,255,0,0
2140,2025-07,6,172,0,0
2140,2025-08,9,351,0,1
2140,2025-09,4,74,0,0
2140,2025-10,2,56,0,1
2140,2025-11,5,165,0,0
2140,2025-12,7,161,0,0
2141,2025-05,1,30,0,0
2141,2025-06,1,41,0,0
2141,2025-07,1,33,0,0
2141,2025-08,2,52,0,1
2142,2024-07,5,175,2,0
2142,2024-08,9,244,1,0
2142,2024-09,11,431,3,0
2142,2024-10,9,349,1,0
2142,2024-11,7,217,1,0
2142,2024-12,5,95,1,0
2142,2025-01,10,358,2,0
2142,2025-02,6,186,1,0
2142,2025-03,2,80,0,0
2142,2025-04,2,57,0,1
2142,2025-05,3,56,1,0
2142,2025-06,2,44,0,0
2142,2025-07,2,54,1,0
2142,2025-08,1,23,0,0
2142,2025-09,7,282,2,0
2142,2025-10,4,147,3,0
2142,2025-11,4,99,1,0
2142,2025-12,0,0,0,0
2143,2025-03,1,21,0,0
2143,2025-04,0,0,0,0
2143,2025-05,1,18,0,1
2144,2024-12,7,274,2,0
2144,2025-01,5,145,2,0
2144,2025-02,10,397,3,0
2144,2025-03,6,235,2,0
2144,2025-04,3,68,0,0
2144,2025-05,6,213,1,0
2144,2025-06,4,85,0,0
2144,2025-07,6,126,3,0
2144,2025-08,5,103,1,0
2144,2025-09,4,152,0,0
2144,2025-10,10,376,2,0
2144,2025-11,5,143,0,0
2144,2025-12,7,217,4,0
2145,2025-10,4,108,0,0
2145,2025-11,4,148,0,0
2146,2025-07,6,225,0,0
2146,2025-08,8,197,0,0
2146,2025-09,10,348,0,0
2146,2025-10,3,55,0,0
2146,2025-11,9,249,0,0
2146,2025-12,4,146,0,0
2126,2025-08,12,258,6,0
2147,2025-05,3,119,0,0
2147,2025-06,1,36,0,0
2147,2025-07,2,41,0,0
2147,2025-08,1,36,0,0
2147,2025-09,1,24,0,0
2147,2025-10,0,0,0,0
2147,2025-11,1,31,0,0
2147,2025-12,1,21,0,0
2148,2025-06,3,108,1,1
2149,2024-11,5,164,0,0
2149,2024-12,2,71,0,0
2149,2025-01,7,276,0,0
2149,2025-02,3,117,0,0
2149,2025-03,5,142,0,0
2149,2025-04,4,154,0,0
2149,2025-05,4,108,0,0
2149,2025-06,7,137,0,1
2149,2025-07,5,137,0,0
2149,2025-08,7,135,0,0
2149,2025-09,3,73,0,0
2149,2025-10,6,167,0,0
2149,2025-11,3,90,0,0
2149,2025-12,5,158,0,0
2150,2025-03,0,0,0,0
2150,2025-04,2,57,0,0
2150,2025-05,4,168,3,0
2150,2025-06,0,0,0,0
2150,2025-07,3,123,0,0
2150,2025-08,2,53,1,0
2150,2025-09,1,30,0,0
2150,2025-10,5,206,1,1
2150,2025-11,1,28,0,0
2150,2025-12,2,58,0,0
2151,2025-01,3,69,0,0
2151,2025-02,2,,0,0
2151,2025-03,6,234,0,0
2151,2025-04,8,287,0,0
2151,2025-05,2,56,0,0
2151,2025-06,3,69,0,0
2151,2025-07,4,90,0,0
2151,2025-08,5,161,0,0
2151,2025-09,4,83,0,0
2151,2025-10,4,132,0,0
2151,2025-11,5,185,0,0
2151,2025-12,1,25,0,0
2152,2025-04,1,39,0,0
2152,2025-05,1,31,0,1
2152,2025-06,2,54,1,1
2153,2025-06,0,0,0,0
2153,2025-07,0,0,0,0
2153,2025-08,0,0,0,0
2153,2025-09,1,38,0,0
2154,2025-01,2,61,0,0
2154,2025-02,2,63,0,0
2154,2025-03,0,0,0,0
2155,2025-06,10,303,0,0
2155,2025-07,4,139,0,0
2155,2025-08,12,336,0,0
2155,2025-09,14,364,0,0
2155,2025-10,12,308,0,0
2155,2025-11,11,335,0,0
2155,2025-12,10,352,0,0
2156,2025-02,10,300,6,0
2156,2025-03,9,310,5,0
2156,2025-04,4,100,2,0
2156,2025-05,6,193,4,2
2156,2025-06,8,241,3,0
2156,2025-07,5,131,4,0
2156,2025-08,5,115,4,0
2156,2025-09,5,171,3,0
2156,2025-10,7,207,2,0
2156,2025-11,5,140,2,0
2156,2025-12,6,241,2,0
2157,2024-09,4,81,1,0
2157,2024-10,5,142,0,1
2157,2024-11,1,29,0,0
2157,2024-12,4,161,1,0
2157,2025-01,3,74,1,0
2157,2025-02,5,184,0,1
2157,2025-03,2,82,1,0
2157,2025-04,6,241,1,0
2157,2025-05,1,39,0,0
2157,2025-06,3,74,0,0
2157,2025-07,2,59,1,0
2157,2025-08,4,78,1,0
2157,2025-09,3,88,0,0
2157,2025-10,2,71,1,0
2157,2025-11,3,117,1,0
2157,2025-12,2,47,0,0
2158,2024-09,8,231,1,0
2158,2024-10,6,153,1,0
2158,2024-11,4,113,0,0
2158,2024-12,10,327,0,0
2158,2025-01,7,208,5,0
2158,2025-02,7,197,3,0
2158,2025-03,8,304,3,0
2158,2025-04,10,323,1,0
2158,2025-05,2,76,1,0
2158,2025-06,8,236,1,0
2158,2025-07,4,167,0,0
2158,2025-08,8,183,1,0
2158,2025-09,3,68,3,0
2158,2025-10,7,167,2,0
2158,2025-11,7,219,2,0
2158,2025-12,6,124,2,0
2159,2025-09,2,67,1,0
2159,2025-10,2,83,1,0
2159,2025-11,1,24,0,0
2159,2025-12,2,76,0,0
2160,2025-04,0,0,0,0
2160,2025-05,1,33,0,0
2160,2025-06,3,110,1,1
2160,2025-07,0,0,0,0
2160,2025-08,3,83,0,1
2160,2025-09,2,80,1,0
2160,2025-10,8,155,1,0
2160,2025-11,1,18,0,0
2160,2025-12,4,131,0,0
2161,2025-02,10,209,0,0
2161,2025-03,8,239,1,0
2161,2025-04,16,325,6,0
2161,2025-05,15,473,2,0
2161,2025-06,12,449,2,0
2161,2025-07,9,262,6,0
2161,2025-08,10,228,2,1
2161,2025-09,9,328,1,0
2161,2025-10,6,139,3,0
2161,2025-11,14,523,7,0
2161,2025-12,6,231,2,1
2162,2025-09,1,41,0,0
2162,2025-10,3,112,0,0
2162,2025-11,1,21,2,0
2162,2025-12,1,19,0,0
2163,2024-09,6,230,3,0
2163,2024-10,3,114,0,0
2163,2024-11,7,259,1,0
2163,2024-12,7,138,2,0
2163,2025-01,2,79,0,0
2163,2025-02,4,86,1,0
2163,2025-03,9,334,2,0
2163,2025-04,7,255,0,0
2163,2025-05,8,333,1,0
2163,2025-06,6,239,0,0
2163,2025-07,5,99,1,0
2163,2025-08,6,242,2,0
2163,2025-09,6,128,0,1
2163,2025-10,3,86,0,0
2163,2025-11,3,85,1,0
2163,2025-12,9,178,1,0
2164,2025-03,4,162,3,0
2164,2025-04,2,54,0,0
2164,2025-05,1,38,1,0
2164,2025-06,3,58,0,0
2164,2025-07,3,119,4,0
2164,2025-08,2,37,1,0
2164,2025-09,4,102,0,0
2164,2025-10,1,29,0,0
2164,2025-11,2,81,1,1
2164,2025-12,0,0,0,0
2165,2025-09,7,158,3,0
2165,2025-10,1,38,1,0
2165,2025-11,1,23,0,0
2165,2025-12,2,,0,0
2166,2025-07,3,108,0,0
2167,2025-04,2,44,0,0
2167,2025-05,0,0,0,0
2167,2025-06,1,25,0,0
2167,2025-07,1,19,0,0
2167,2025-08,1,28,0,0
2167,2025-09,0,0,0,1
2167,2025-10,0,0,0,0
2167,2025-11,0,0,0,0
2167,2025-12,0,0,0,0
2168,2024-10,6,143,0,1
2168,2024-11,8,316,0,0
2168,2024-12,10,226,0,0
2168,2025-01,3,72,0,1
2168,2025-02,5,175,0,0
2168,2025-03,5,175,0,0
2168,2025-04,8,212,0,2
2168,2025-05,9,294,0,0
2168,2025-06,5,106,0,0
2168,2025-07,5,116,0,0
2168,2025-08,9,171,0,0
2168,2025-09,5,100,0,0
2169,2025-06,5,144,0,0
2169,2025-07,3,80,0,0
2169,2025-08,4,167,0,0
2169,2025-09,7,184,0,0
2169,2025-10,6,117,0,0
2169,2025-11,3,66,0,0
2169,2025-12,5,137,0,0
2170,2025-09,3,95,1,0
2170,2025-10,3,98,2,0
2170,2025-11,5,115,2,0
2170,2025-12,1,19,0,0
2171,2024-10,5,92,3,0
2171,2024-11,2,66,0,0
2171,2024-12,1,39,0,0
2172,2025-04,2,56,0,0
2172,2025-05,3,113,0,1
2172,2025-06,3,120,0,0
2172,2025-07,3,107,0,0
2172,2025-08,2,67,0,0
2172,2025-09,2,40,0,1
2172,2025-10,4,80,0,2
2172,2025-11,1,32,0,0
2172,2025-12,7,292,0,0
2173,2025-06,1,32,0,0
2174,2024-10,6,121,0,0
2174,2024-11,11,404,3,0
2174,2024-12,8,300,2,0
2174,2025-01,10,250,7,0
2174,2025-02,8,270,1,0
2174,2025-03,5,106,2,0
2174,2025-04,8,295,1,0
2174,2025-05,8,176,1,0
2174,2025-06,11,350,5,0
2174,2025-07,10,378,7,0
2174,2025-08,5,170,1,0
2174,2025-09,6,118,0,1
2175,2024-10,6,251,1,0
2175,2024-11,8,283,3,0
2175,2024-12,6,176,3,0
2175,2025-01,9,210,2,0
2175,2025-02,9,352,2,0
2175,2025-03,3,99,0,0
2175,2025-04,9,352,7,1
2175,2025-05,5,174,2,0
2175,2025-06,4,126,1,0
2175,2025-07,4,146,1,0
2175,2025-08,4,156,1,1
2175,2025-09,6,129,0,0
2175,2025-10,7,229,2,0
2175,2025-11,7,131,2,1
2175,2025-12,6,212,0,0
2176,2024-09,2,71,2,0
2176,2024-10,5,172,1,0
2176,2024-11,9,182,3,0
2176,2024-12,10,356,4,0
2176,2025-01,9,210,3,0
2176,2025-02,9,186,0,0
2176,2025-03,8,276,2,0
2176,2025-04,6,205,0,0
2176,2025-05,12,289,2,0
2176,2025-06,4,143,1,0
2176,2025-07,9,295,2,0
2176,2025-08,5,117,1,0
2176,2025-09,9,253,0,0
2176,2025-10,3,69,0,0
2176,2025-11,3,98,0,0
2176,2025-12,13,340,3,0
2177,2025-04,2,70,0,0
2177,2025-05,1,21,0,0
2177,2025-06,4,115,0,0
2177,2025-07,0,0,0,0
2177,2025-08,3,65,0,0
2177,2025-09,0,0,0,0
2178,2025-09,1,32,0,0
2178,2025-10,11,265,0,0
2178,2025-11,9,337,0,0
2178,2025-12,10,358,2,0
2179,2025-07,8,199,0,0
2179,2025-08,9,185,0,0
2179,2025-09,11,213,0,0
2179,2025-10,10,315,0,0
2179,2025-11,5,134,0,0
2179,2025-12,6,172,0,0
2180,2025-07,8,220,0,0
2180,2025-08,6,108,0,0
2180,2025-09,9,205,0,0
2180,2025-10,5,105,0,0
2180,2025-11,8,261,0,0
2180,2025-12,5,112,0,1
2181,2025-05,7,,0,0
2181,2025-06,5,151,1,1
2181,2025-07,0,0,0,0
2181,2025-08,5,131,0,0
2181,2025-09,6,212,0,0
2181,2025-10,2,58,1,0
2181,2025-11,5,205,1,1
2181,2025-12,1,23,0,0
2182,2025-01,2,41,0,1
2182,2025-02,4,155,2,0
2182,2025-03,0,0,0,0
2182,2025-04,1,36,0,0
2182,2025-05,2,70,0,0
2182,2025-06,4,125,3,0
2182,2025-07,0,0,0,0
2182,2025-08,1,26,0,0
2182,2025-09,1,31,0,0
2182,2025-10,2,75,1,0
2182,2025-11,1,31,1,1
2182,2025-12,2,81,0,0
2183,2025-09,1,26,2,0
2183,2025-10,0,0,0,0
2183,2025-11,2,49,2,0
2183,2025-12,0,0,0,0
2184,2025-04,9,198,0,0
2184,2025-05,10,181,0,0
2184,2025-06,4,85,0,0
2184,2025-07,6,199,0,0
2184,2025-08,9,203,0,0
2184,2025-09,1,26,0,0
2184,2025-10,6,126,0,0
2184,2025-11,4,156,0,0
2185,2025-08,9,165,4,0
2185,2025-09,5,114,3,0
2185,2025-10,8,240,0,0
2185,2025-11,9,208,4,0
2185,2025-12,7,177,1,0
2186,2025-05,2,46,0,1
2186,2025-06,4,142,0,0
2186,2025-07,4,131,0,0
2186,2025-08,7,249,0,0
2186,2025-09,7,294,0,0
2186,2025-10,4,73,0,1
2186,2025-11,3,117,0,0
2186,2025-12,4,143,0,0
2187,2025-06,8,195,0,0
2187,2025-07,8,286,0,0
2187,2025-08,1,38,0,0
2187,2025-09,6,,0,0
2187,2025-10,9,267,0,0
2187,2025-11,8,187,0,0
2187,2025-12,4,116,0,0
2188,2025-03,0,0,0,0
2188,2025-04,1,26,0,0
2188,2025-05,0,0,0,0
2188,2025-06,3,105,0,0
2188,2025-07,1,32,0,0
2188,2025-08,0,0,0,0
2188,2025-09,0,0,0,0
2188,2025-10,0,0,0,0
2188,2025-11,0,0,0,0
2188,2025-12,0,0,0,1
2189,2024-10,5,182,1,0
2189,2024-11,7,229,1,0
2189,2024-12,4,77,1,1
2189,2025-01,8,203,1,1
2189,2025-02,7,292,4,1
2189,2025-03,9,298,2,0
2189,2025-04,7,245,1,0
2189,2025-05,7,132,1,0
2189,2025-06,5,209,1,0
2189,2025-07,6,,0,0
2189,2025-08,8,184,2,0
2189,2025-09,4,111,0,0
2190,2025-10,10,268,4,0
2190,2025-11,16,574,1,0
2190,2025-12,8,181,2,0
2191,2025-05,3,90,1,0
2191,2025-06,5,131,2,0
2191,2025-07,5,192,0,0
2191,2025-08,4,111,1,1
3658,2025-07,10,375,0,0
2191,2025-09,4,154,2,0
2191,2025-10,8,149,4,0
2191,2025-11,6,215,0,0
2191,2025-12,4,137,0,0
2192,2025-07,1,33,0,0
2192,2025-08,3,63,0,0
2192,2025-09,3,88,0,0
2192,2025-10,2,43,0,0
2192,2025-11,1,22,0,0
2192,2025-12,0,0,0,0
2193,2024-12,2,66,0,0
2193,2025-01,7,194,0,0
2193,2025-02,5,130,0,1
2193,2025-03,2,52,0,0
2194,2025-09,7,237,2,0
2194,2025-10,5,96,2,0
2194,2025-11,10,345,3,0
2194,2025-12,8,217,1,0
2195,2025-01,5,123,0,0
2195,2025-02,4,,0,0
2195,2025-03,4,92,0,0
2195,2025-04,7,258,0,0
2195,2025-05,2,47,0,0
2195,2025-06,7,179,0,1
2195,2025-07,3,55,0,0
2196,2025-10,2,72,0,0
2196,2025-11,9,227,0,0
2196,2025-12,10,419,0,0
2197,2025-10,1,32,0,0
2197,2025-11,3,99,0,0
2197,2025-12,3,70,0,0
2198,2024-11,10,253,8,0
2198,2024-12,12,377,7,0
2682,2024-11,4,135,0,0
2198,2025-01,9,279,4,0
2198,2025-02,9,348,3,0
2198,2025-03,7,227,5,0
2198,2025-04,7,237,5,0
2198,2025-05,5,146,1,0
2198,2025-06,4,109,5,1
2198,2025-07,8,220,4,0
2198,2025-08,9,167,6,0
2198,2025-09,10,361,5,0
2198,2025-10,9,268,2,1
2199,2025-03,6,242,0,0
2199,2025-04,1,33,0,0
2200,2024-12,6,174,0,0
2200,2025-01,8,215,0,1
2200,2025-02,8,274,0,1
2200,2025-03,2,75,0,0
2200,2025-04,4,130,0,0
2200,2025-05,5,138,0,1
2200,2025-06,4,144,0,0
2200,2025-07,5,155,0,2
2200,2025-08,5,170,0,0
743,2025-04,3,88,2,0
2200,2025-09,6,230,0,0
2200,2025-10,9,278,0,0
2200,2025-11,6,137,0,1
2200,2025-12,8,332,0,1
2201,2024-11,9,284,0,1
2201,2024-12,5,177,0,0
2201,2025-01,10,205,0,1
2201,2025-02,13,457,0,0
2201,2025-03,8,192,0,2
2201,2025-04,3,79,0,0
2201,2025-05,8,147,0,1
2201,2025-06,9,211,0,0
2201,2025-07,7,219,0,0
2201,2025-08,7,211,0,1
2201,2025-09,6,122,0,1
2201,2025-10,6,245,0,0
2201,2025-11,4,87,0,0
2201,2025-12,16,501,0,1
2202,2025-06,5,,1,0
2202,2025-07,6,244,2,0
2202,2025-08,6,121,2,0
2202,2025-09,3,61,2,0
2202,2025-10,4,143,1,0
2202,2025-11,1,39,0,0
2202,2025-12,4,106,1,0
2203,2025-06,7,127,1,0
2203,2025-07,12,315,2,0
2203,2025-08,5,111,3,0
2203,2025-09,6,169,3,0
2204,2025-03,2,50,1,1
2204,2025-04,2,73,0,0
2204,2025-05,2,37,2,0
2204,2025-06,1,21,1,0
2204,2025-07,1,19,0,0
2204,2025-08,2,52,1,0
2204,2025-09,0,0,0,0
2204,2025-10,3,93,0,0
2204,2025-11,2,40,1,1
2204,2025-12,0,0,0,2
2205,2025-09,0,0,0,0
2205,2025-10,3,86,1,0
2205,2025-11,1,34,0,0
2205,2025-12,1,27,0,0
2206,2024-11,6,110,3,0
2206,2024-12,5,,3,0
2206,2025-01,1,22,2,0
2206,2025-02,2,50,2,0
2206,2025-03,5,114,2,0
2206,2025-04,0,0,0,0
2206,2025-05,1,27,0,1
2206,2025-06,1,26,0,0
2206,2025-07,1,22,0,0
2206,2025-08,1,30,0,1
2206,2025-09,2,40,1,1
2206,2025-10,0,0,0,0
2207,2025-01,9,196,0,0
2207,2025-02,7,134,0,0
2207,2025-03,22,396,0,0
2207,2025-04,9,224,0,0
2207,2025-05,19,734,0,0
2207,2025-06,15,601,0,0
2207,2025-07,17,450,0,0
2207,2025-08,11,422,0,1
2207,2025-09,8,227,0,1
2207,2025-10,16,392,0,0
2207,2025-11,14,474,0,0
2207,2025-12,9,366,0,2
2208,2025-08,5,155,0,0
2208,2025-09,2,82,0,0
2208,2025-10,3,,0,0
2208,2025-11,3,96,0,0
2208,2025-12,4,157,0,0
2209,2025-08,6,200,2,0
2209,2025-09,2,83,1,0
2209,2025-10,1,40,0,0
2209,2025-11,4,143,0,0
2209,2025-12,0,0,0,0
2210,2025-03,12,340,6,0
2210,2025-04,8,277,6,0
2210,2025-05,15,408,8,0
2210,2025-06,14,341,7,0
2210,2025-07,25,505,11,0
2210,2025-08,13,505,7,0
2210,2025-09,11,362,1,0
2210,2025-10,20,453,14,0
2210,2025-11,10,404,2,0
2210,2025-12,18,658,5,0
2211,2025-09,7,175,0,0
2211,2025-10,3,74,1,0
2211,2025-11,4,144,3,1
2211,2025-12,4,84,0,0
2212,2025-08,6,173,0,0
2212,2025-09,12,462,0,0
2212,2025-10,10,370,0,0
2212,2025-11,8,155,0,0
2212,2025-12,12,434,0,0
2213,2024-07,1,22,0,0
2213,2024-08,1,21,0,0
2213,2024-09,0,0,0,0
2213,2024-10,1,19,0,1
2213,2024-11,1,40,1,2
2213,2024-12,0,0,0,0
2213,2025-01,1,29,0,0
2213,2025-02,0,0,0,0
2213,2025-03,1,41,0,0
2213,2025-04,1,20,0,0
2213,2025-05,0,0,0,0
1436,2025-02,2,77,0,0
2213,2025-06,0,0,0,1
2214,2024-09,3,74,3,0
2214,2024-10,2,69,4,0
2214,2024-11,0,0,0,0
2214,2024-12,1,29,0,0
2214,2025-01,0,0,0,0
2214,2025-02,4,109,1,0
2214,2025-03,4,98,1,0
2214,2025-04,1,36,0,1
2214,2025-05,2,82,1,0
2214,2025-06,1,37,1,0
2214,2025-07,3,72,2,0
2214,2025-08,0,0,0,0
2214,2025-09,0,0,0,0
2214,2025-10,0,0,0,0
2214,2025-11,1,32,1,0
2214,2025-12,1,36,0,0
2215,2024-11,3,83,0,0
2215,2024-12,4,95,1,0
2215,2025-01,2,67,1,0
2215,2025-02,7,190,3,0
2215,2025-03,2,83,2,0
2216,2024-07,7,134,2,0
2216,2024-08,8,316,4,0
2216,2024-09,7,163,2,0
2216,2024-10,6,185,0,0
2216,2024-11,9,225,2,0
2216,2024-12,11,200,6,0
2216,2025-01,10,306,2,0
2216,2025-02,5,202,0,0
2216,2025-03,6,219,1,1
2216,2025-04,5,206,0,1
2216,2025-05,12,288,4,0
2217,2024-11,1,37,0,0
2217,2024-12,3,126,3,0
2217,2025-01,3,66,0,1
2217,2025-02,3,92,0,2
2217,2025-03,1,41,1,1
2217,2025-04,5,175,2,1
2217,2025-05,1,38,1,0
2217,2025-06,2,61,0,1
2217,2025-07,1,42,0,0
2217,2025-08,2,38,2,0
2217,2025-09,1,23,0,2
2217,2025-10,2,76,0,1
2218,2024-10,4,165,0,0
2218,2024-11,8,233,0,0
2218,2024-12,3,112,0,0
2218,2025-01,3,85,1,0
2218,2025-02,8,146,2,0
2218,2025-03,8,257,2,0
2218,2025-04,7,144,4,0
2218,2025-05,6,221,1,0
2218,2025-06,13,283,4,0
2218,2025-07,8,178,6,0
2218,2025-08,5,135,2,0
2218,2025-09,4,93,2,0
2218,2025-10,7,159,5,0
2218,2025-11,9,236,1,0
2218,2025-12,5,120,1,0
2219,2024-12,5,197,0,0
2219,2025-01,3,99,0,0
2219,2025-02,6,110,0,1
2219,2025-03,5,185,0,0
2219,2025-04,4,86,0,2
2219,2025-05,4,95,0,1
2219,2025-06,4,,0,0
2219,2025-07,7,184,0,1
2219,2025-08,6,238,0,1
2219,2025-09,13,343,0,2
2219,2025-10,7,236,0,1
2219,2025-11,1,35,0,1
2219,2025-12,2,82,0,0
2220,2024-10,2,48,0,0
2220,2024-11,7,136,2,1
2220,2024-12,5,164,1,0
2220,2025-01,8,151,2,1
2221,2025-08,4,148,4,0
2221,2025-09,8,249,2,0
2221,2025-10,4,,0,0
2221,2025-11,2,56,1,0
2221,2025-12,4,88,1,0
2222,2024-08,2,46,0,0
2222,2024-09,0,0,0,0
2222,2024-10,1,22,2,1
2222,2024-11,2,64,0,0
2223,2025-07,0,0,0,0
2223,2025-08,0,0,0,0
2224,2025-04,5,117,0,0
2224,2025-05,7,168,2,0
2224,2025-06,8,277,4,0
2224,2025-07,5,194,1,0
2224,2025-08,9,332,0,0
2224,2025-09,4,110,1,0
2224,2025-10,12,,2,0
2224,2025-11,4,80,1,0
2225,2025-04,2,48,0,0
2225,2025-05,1,29,0,0
2225,2025-06,4,107,0,0
2225,2025-07,4,96,0,0
2225,2025-08,6,155,0,0
2225,2025-09,1,29,0,0
2225,2025-10,1,24,0,0
2225,2025-11,1,32,0,0
2225,2025-12,0,0,0,0
2226,2025-06,6,205,0,0
2226,2025-07,6,132,0,0
2226,2025-08,4,156,0,0
2226,2025-09,7,196,0,0
2226,2025-10,5,167,0,0
2226,2025-11,6,120,0,0
2226,2025-12,8,187,0,0
2227,2025-07,0,0,0,0
2227,2025-08,0,0,0,0
2227,2025-09,2,46,0,0
2227,2025-10,2,76,0,0
2228,2024-09,1,30,0,0
2228,2024-10,0,0,0,0
2228,2024-11,2,51,0,0
2228,2024-12,3,83,0,0
2228,2025-01,1,29,0,0
2228,2025-02,1,38,0,0
2229,2025-06,2,38,1,0
2229,2025-07,7,188,2,0
2229,2025-08,5,199,1,0
2229,2025-09,4,121,0,0
2229,2025-10,5,185,1,0
2229,2025-11,5,127,2,0
2229,2025-12,1,39,1,0
2230,2025-03,5,198,3,1
2230,2025-04,2,46,0,0
2230,2025-05,4,152,2,0
2230,2025-06,2,50,2,0
2230,2025-07,3,64,0,0
2230,2025-08,2,81,5,0
2230,2025-09,0,0,0,0
2230,2025-10,0,0,0,0
2231,2025-06,1,34,0,0
2231,2025-07,0,0,0,0
2231,2025-08,0,0,0,0
2231,2025-09,1,33,0,0
2232,2025-08,7,156,3,0
2232,2025-09,7,192,4,1
2233,2025-03,1,23,0,0
2233,2025-04,3,118,0,0
2233,2025-05,1,23,0,0
2233,2025-06,2,52,0,0
2233,2025-07,6,234,0,0
2233,2025-08,4,77,0,0
2233,2025-09,5,205,0,0
2233,2025-10,5,108,0,0
2233,2025-11,3,61,0,0
2233,2025-12,6,229,0,0
2234,2025-01,5,142,0,0
2234,2025-02,14,257,4,0
2234,2025-03,6,154,3,0
2234,2025-04,7,134,1,0
2234,2025-05,10,359,3,0
2234,2025-06,12,331,4,0
2234,2025-07,7,141,2,1
2234,2025-08,9,220,1,0
2234,2025-09,3,76,0,0
2234,2025-10,6,171,1,0
2234,2025-11,8,197,4,1
2234,2025-12,5,181,0,0
2235,2024-08,3,107,1,0
2235,2024-09,1,26,1,0
2235,2024-10,4,135,1,0
2235,2024-11,0,0,0,1
2235,2024-12,0,0,0,0
2235,2025-01,3,84,0,0
2235,2025-02,4,131,2,0
2235,2025-03,3,90,0,0
2235,2025-04,2,36,1,0
2236,2024-10,4,121,2,0
2236,2024-11,4,146,0,0
2236,2024-12,1,34,0,0
2236,2025-01,6,218,1,0
2236,2025-02,3,118,3,0
2236,2025-03,6,117,0,0
2236,2025-04,4,87,0,0
2236,2025-05,6,182,1,0
2236,2025-06,2,64,0,0
2236,2025-07,3,64,2,1
2236,2025-08,2,74,0,0
2236,2025-09,5,110,0,0
2236,2025-10,1,33,0,0
2236,2025-11,1,18,0,0
2236,2025-12,2,60,3,0
2237,2024-12,3,82,0,0
2237,2025-01,2,38,0,0
2237,2025-02,1,31,0,0
2237,2025-03,1,35,0,0
2237,2025-04,2,73,0,0
2237,2025-05,0,0,0,0
2238,2025-07,4,106,1,0
2238,2025-08,2,73,0,0
2238,2025-09,4,128,0,0
2238,2025-10,3,80,0,0
2238,2025-11,1,24,1,0
2238,2025-12,4,159,2,0
2239,2025-05,4,105,0,0
2239,2025-06,4,128,0,0
2239,2025-07,5,163,0,0
2239,2025-08,9,203,0,0
2239,2025-09,2,63,0,1
2239,2025-10,6,220,0,0
2239,2025-11,6,126,0,0
2239,2025-12,2,64,0,0
2240,2025-03,7,186,0,0
2240,2025-04,8,285,0,1
2240,2025-05,10,314,0,0
2240,2025-06,5,194,0,0
2240,2025-07,8,,0,0
2240,2025-08,10,182,0,0
2240,2025-09,11,381,0,0
2240,2025-10,5,165,0,0
2240,2025-11,4,151,0,0
2240,2025-12,6,115,0,0
2241,2024-12,1,21,0,0
2241,2025-01,1,38,0,1
2242,2024-09,5,155,0,1
2242,2024-10,0,0,0,0
2242,2024-11,3,68,0,0
2242,2024-12,3,125,0,0
2242,2025-01,2,45,0,0
2243,2024-10,1,35,2,0
2243,2024-11,7,265,4,0
2243,2024-12,3,94,2,0
2243,2025-01,3,89,1,0
2243,2025-02,4,86,1,0
2243,2025-03,4,156,0,0
2243,2025-04,5,199,1,0
2243,2025-05,2,63,1,1
2243,2025-06,7,166,2,0
2243,2025-07,5,128,0,0
2243,2025-08,4,154,1,0
2243,2025-09,3,87,1,1
2243,2025-10,4,93,1,1
2243,2025-11,1,20,2,3
2243,2025-12,3,66,1,0
2244,2025-07,2,82,0,0
2244,2025-08,4,113,0,1
2244,2025-09,1,33,0,0
2245,2025-07,12,324,0,0
2245,2025-08,22,485,0,0
2245,2025-09,17,419,0,0
2245,2025-10,19,793,0,0
2245,2025-11,16,332,0,0
2245,2025-12,10,291,0,0
2246,2025-09,2,42,0,0
2246,2025-10,4,122,2,0
2246,2025-11,3,98,0,0
2246,2025-12,1,26,0,0
2247,2024-07,1,30,0,0
2247,2024-08,3,74,1,0
2247,2024-09,2,56,1,0
2247,2024-10,1,29,0,1
2248,2025-01,10,291,3,0
2248,2025-02,12,461,3,0
2248,2025-03,6,129,4,0
2248,2025-04,14,504,2,0
2248,2025-05,15,434,10,0
2248,2025-06,14,458,9,0
2248,2025-07,8,311,3,0
2248,2025-08,9,362,2,0
2248,2025-09,9,209,4,0
2248,2025-10,12,396,5,1
2248,2025-11,8,240,3,0
2248,2025-12,13,537,7,0
2249,2025-04,3,76,2,0
2249,2025-05,2,54,0,0
2249,2025-06,4,101,2,0
2250,2024-12,2,60,0,0
2250,2025-01,1,30,0,0
2250,2025-02,3,96,1,0
2250,2025-03,4,99,3,0
2250,2025-04,1,41,1,0
2250,2025-05,1,18,0,0
2250,2025-06,1,32,0,0
2250,2025-07,0,0,0,0
2250,2025-08,0,0,0,0
2250,2025-09,0,0,0,0
2250,2025-10,1,38,0,0
2250,2025-11,0,0,0,0
2251,2024-12,4,129,0,0
2251,2025-01,2,39,0,1
2251,2025-02,3,56,0,0
2251,2025-03,3,93,0,0
2251,2025-04,4,165,0,0
2251,2025-05,2,69,0,0
2251,2025-06,2,79,0,0
2251,2025-07,1,22,0,0
2252,2024-09,5,185,0,0
2252,2024-10,3,89,1,1
2252,2024-11,5,203,0,0
2252,2024-12,3,82,0,0
2252,2025-01,0,0,0,1
2252,2025-02,5,179,1,0
2252,2025-03,0,0,0,2
2252,2025-04,4,81,1,0
2252,2025-05,2,57,0,0
2252,2025-06,3,111,1,2
2252,2025-07,0,0,0,0
2252,2025-08,0,0,0,0
2253,2025-09,6,194,3,0
2253,2025-10,6,192,4,0
2253,2025-11,7,210,2,0
2253,2025-12,5,161,1,0
2254,2025-05,1,29,2,0
2254,2025-06,3,70,0,1
2254,2025-07,7,273,1,1
2254,2025-08,3,101,1,0
2254,2025-09,6,183,2,0
2254,2025-10,7,181,0,1
2254,2025-11,6,154,1,0
2254,2025-12,4,147,1,0
2255,2024-12,5,184,0,0
2255,2025-01,3,63,0,0
2255,2025-02,4,92,0,0
2255,2025-03,2,74,0,0
2255,2025-04,0,0,0,0
2255,2025-05,2,52,0,1
2255,2025-06,1,26,0,3
2255,2025-07,1,19,0,1
2255,2025-08,0,0,0,0
2255,2025-09,0,0,0,1
2255,2025-10,0,0,0,1
2255,2025-11,0,0,0,1
2255,2025-12,0,0,0,0
2256,2025-02,1,26,0,1
2257,2025-02,5,147,4,0
2257,2025-03,9,238,4,1
2257,2025-04,6,177,1,0
2257,2025-05,10,415,2,0
2257,2025-06,3,85,2,0
2257,2025-07,6,160,1,1
2257,2025-08,4,137,0,0
2257,2025-09,11,208,0,0
2257,2025-10,8,307,2,0
2257,2025-11,7,245,2,0
2257,2025-12,5,154,2,0
2258,2025-07,3,73,0,0
2258,2025-08,3,96,0,0
2258,2025-09,1,37,0,0
2258,2025-10,2,66,3,0
2258,2025-11,1,38,0,0
2259,2024-08,0,0,0,0
2259,2024-09,3,75,1,0
2259,2024-10,1,35,1,0
2259,2024-11,1,29,0,0
2260,2025-05,2,44,0,0
2260,2025-06,3,121,0,0
2260,2025-07,8,284,0,0
2260,2025-08,10,278,0,0
2260,2025-09,3,,0,0
2260,2025-10,6,142,0,0
2260,2025-11,3,114,0,0
2260,2025-12,3,58,0,0
2261,2025-03,6,183,0,0
2261,2025-04,3,88,0,0
2261,2025-05,2,50,0,0
2261,2025-06,1,40,0,0
2261,2025-07,1,32,0,0
2261,2025-08,0,0,0,0
2261,2025-09,2,56,0,0
2261,2025-10,1,32,0,0
2261,2025-11,0,0,0,1
2261,2025-12,3,103,0,0
2262,2025-03,6,226,1,0
2262,2025-04,7,243,0,0
2262,2025-05,2,69,0,0
2262,2025-06,7,287,1,0
2262,2025-07,5,205,2,0
2262,2025-08,5,153,3,1
2262,2025-09,1,34,0,0
2262,2025-10,8,181,5,0
2263,2024-11,1,25,2,1
2263,2024-12,1,20,0,0
2263,2025-01,0,0,0,0
2263,2025-02,2,41,1,0
2263,2025-03,1,18,0,0
2263,2025-04,1,33,0,0
2263,2025-05,0,0,0,0
2263,2025-06,1,24,1,0
2263,2025-07,3,84,1,0
2263,2025-08,0,,0,0
2263,2025-09,0,0,0,0
2263,2025-10,1,25,2,0
2264,2024-11,6,248,0,0
2264,2024-12,3,67,0,0
2264,2025-01,1,41,0,0
2264,2025-02,1,36,0,0
2264,2025-03,3,101,0,0
2264,2025-04,2,37,0,0
2264,2025-05,1,38,0,1
2265,2024-09,2,36,0,0
2265,2024-10,7,146,1,0
2265,2024-11,0,0,0,0
2265,2024-12,5,126,1,0
2265,2025-01,1,39,0,0
2265,2025-02,0,0,0,0
2265,2025-03,0,0,0,0
2265,2025-04,2,76,0,0
2265,2025-05,0,0,0,1
2265,2025-06,2,37,0,1
2266,2025-04,9,190,1,0
2266,2025-05,11,372,1,0
2266,2025-06,4,108,2,0
2266,2025-07,7,126,1,0
2266,2025-08,11,456,4,0
2266,2025-09,8,168,2,0
2266,2025-10,6,208,1,0
2266,2025-11,7,262,1,0
2266,2025-12,10,281,7,0
2267,2024-11,5,167,0,1
2267,2024-12,5,109,0,0
2267,2025-01,8,271,1,1
2267,2025-02,9,163,3,0
2267,2025-03,6,235,4,0
2267,2025-04,3,93,0,0
2267,2025-05,3,94,0,0
2267,2025-06,9,285,3,0
2267,2025-07,8,284,6,0
2267,2025-08,2,51,0,0
2267,2025-09,9,169,4,0
2267,2025-10,4,155,0,0
2267,2025-11,1,27,0,0
2267,2025-12,2,63,0,0
2268,2024-12,6,159,0,0
2268,2025-01,4,90,0,0
2268,2025-02,2,,0,0
2268,2025-03,3,112,0,0
2268,2025-04,2,61,0,0
2268,2025-05,0,0,0,0
2268,2025-06,1,31,0,0
2268,2025-07,2,45,0,0
2268,2025-08,3,123,0,0
2268,2025-09,3,75,0,0
2268,2025-10,0,0,0,0
2268,2025-11,4,89,0,0
2268,2025-12,2,62,0,0
2269,2025-03,0,0,0,0
2269,2025-04,7,158,0,0
2269,2025-05,1,22,0,0
2269,2025-06,6,,0,0
2269,2025-07,6,171,0,0
2269,2025-08,6,217,0,0
2269,2025-09,6,121,0,0
2269,2025-10,4,137,0,0
2269,2025-11,5,108,0,0
2269,2025-12,1,33,0,1
2270,2025-06,1,38,0,0
2270,2025-07,2,50,0,0
2270,2025-08,3,61,0,0
2270,2025-09,2,47,0,0
2270,2025-10,5,178,0,0
2270,2025-11,3,82,0,0
2270,2025-12,3,88,0,0
2271,2025-02,5,97,0,1
2271,2025-03,6,224,0,0
2271,2025-04,7,168,0,2
2271,2025-05,10,351,1,0
2271,2025-06,3,110,0,0
2271,2025-07,6,190,1,0
2271,2025-08,5,109,1,0
2271,2025-09,3,117,4,1
886,2025-03,4,140,1,1
2271,2025-10,7,284,0,1
2271,2025-11,7,203,4,0
2271,2025-12,2,37,1,0
2272,2025-07,4,101,3,0
2272,2025-08,6,110,0,0
2272,2025-09,4,153,1,0
2272,2025-10,2,44,0,0
2272,2025-11,1,27,0,0
2272,2025-12,3,112,2,0
2273,2025-06,7,148,3,0
2273,2025-07,3,77,2,0
2273,2025-08,7,273,5,0
2274,2025-06,3,85,0,1
2274,2025-07,0,0,0,1
2274,2025-08,3,85,0,0
2274,2025-09,1,38,0,1
2275,2025-06,5,198,2,0
2275,2025-07,9,271,5,0
2275,2025-08,12,414,2,2
2275,2025-09,12,311,7,0
2275,2025-10,3,106,3,0
2275,2025-11,5,128,1,0
2275,2025-12,8,334,2,0
2276,2025-05,11,456,0,0
2276,2025-06,7,231,0,0
2276,2025-07,5,131,0,0
2276,2025-08,8,199,0,0
2276,2025-09,6,174,0,0
2276,2025-10,7,179,0,0
2276,2025-11,4,166,0,0
2276,2025-12,10,236,0,0
2277,2025-01,0,0,0,0
2277,2025-02,2,64,0,0
2277,2025-03,5,102,0,0
2277,2025-04,6,222,1,0
2277,2025-05,9,359,3,0
2277,2025-06,3,57,0,1
2277,2025-07,3,120,1,0
2277,2025-08,4,93,1,0
2277,2025-09,3,114,1,0
2277,2025-10,4,129,0,0
2277,2025-11,2,66,0,0
2277,2025-12,6,173,1,0
2278,2025-04,3,122,0,0
2278,2025-05,2,54,0,0
2278,2025-06,4,88,0,0
2278,2025-07,3,110,0,0
2278,2025-08,2,56,0,0
2278,2025-09,5,160,0,0
2278,2025-10,5,171,0,0
2278,2025-11,7,289,0,0
2278,2025-12,6,197,0,0
2279,2025-08,3,68,0,0
2279,2025-09,3,73,0,1
2279,2025-10,0,0,0,0
2280,2024-11,3,103,2,0
2280,2024-12,4,126,2,0
2280,2025-01,6,182,2,0
2280,2025-02,6,225,1,0
2280,2025-03,3,82,1,0
2280,2025-04,10,304,1,0
2280,2025-05,6,252,1,0
2280,2025-06,6,190,4,0
2280,2025-07,5,122,1,0
2280,2025-08,9,277,2,0
2280,2025-09,7,231,1,0
2280,2025-10,3,111,1,0
2280,2025-11,4,81,2,0
2280,2025-12,5,177,0,0
2281,2025-09,0,,0,1
2281,2025-10,4,109,0,0
2281,2025-11,1,37,0,0
2281,2025-12,3,69,2,0
2282,2025-04,4,119,0,0
2282,2025-05,5,151,0,0
2282,2025-06,9,270,0,0
2282,2025-07,6,190,0,1
2282,2025-08,4,106,0,0
2282,2025-09,7,,0,0
2282,2025-10,8,312,0,1
2282,2025-11,3,106,0,0
2282,2025-12,5,126,0,0
2283,2025-03,2,43,1,0
2284,2025-09,5,170,0,0
2284,2025-10,5,105,0,0
2284,2025-11,5,161,0,0
2284,2025-12,3,116,0,0
2285,2025-03,5,138,0,0
2285,2025-04,8,294,0,0
2285,2025-05,9,207,0,0
2285,2025-06,12,301,0,0
2285,2025-07,8,314,0,0
2285,2025-08,7,272,0,0
2285,2025-09,9,265,0,0
2285,2025-10,10,211,0,0
2285,2025-11,7,263,0,0
2285,2025-12,10,219,0,1
2286,2024-11,12,220,4,0
2286,2024-12,7,211,3,0
2286,2025-01,7,272,2,1
2286,2025-02,11,357,1,0
2286,2025-03,7,179,1,1
2286,2025-04,11,346,4,0
2286,2025-05,7,169,3,0
2286,2025-06,12,381,6,0
2286,2025-07,3,114,1,0
2286,2025-08,2,64,0,0
2286,2025-09,8,255,1,1
2286,2025-10,3,126,2,0
2286,2025-11,9,270,3,0
2286,2025-12,5,204,1,1
2287,2025-06,4,102,0,0
2287,2025-07,9,311,0,0
2287,2025-08,5,92,0,0
2287,2025-09,6,120,0,0
2287,2025-10,7,200,0,0
2287,2025-11,7,235,0,0
2287,2025-12,3,107,0,0
2288,2025-04,2,37,0,1
2288,2025-05,1,22,0,0
2288,2025-06,2,67,2,1
2288,2025-07,3,64,1,1
2288,2025-08,1,28,0,0
2288,2025-09,4,83,0,0
2288,2025-10,1,37,0,0
2288,2025-11,0,0,0,0
2288,2025-12,1,29,0,0
2289,2025-09,3,110,0,1
2289,2025-10,7,263,0,0
2290,2025-07,5,156,0,0
2290,2025-08,5,135,0,0
2290,2025-09,10,332,0,0
2290,2025-10,7,144,0,0
2290,2025-11,5,158,0,0
2290,2025-12,7,178,0,0
2291,2025-09,3,121,2,0
2291,2025-10,4,99,1,0
2291,2025-11,4,155,0,0
2291,2025-12,3,58,1,0
2292,2024-09,0,0,0,0
2292,2024-10,0,0,0,0
2292,2024-11,2,47,0,0
2292,2024-12,0,0,0,0
2292,2025-01,0,0,0,1
2292,2025-02,0,0,0,0
2292,2025-03,0,0,0,0
2292,2025-04,0,0,0,0
2292,2025-05,0,0,0,0
2293,2025-09,5,96,0,1
2293,2025-10,9,214,0,1
2293,2025-11,4,89,0,0
2293,2025-12,4,134,0,0
2294,2024-10,4,108,2,0
2294,2024-11,1,20,1,0
2294,2024-12,3,102,0,0
2294,2025-01,2,83,1,0
2294,2025-02,3,120,2,0
2294,2025-03,1,35,0,0
2295,2025-09,2,81,1,0
2295,2025-10,3,94,1,0
2295,2025-11,1,29,0,0
2295,2025-12,4,82,3,0
2296,2024-12,1,32,0,0
2296,2025-01,0,0,0,0
2296,2025-02,2,60,0,0
2296,2025-03,1,23,0,0
2296,2025-04,0,0,0,0
2296,2025-05,0,0,0,0
2296,2025-06,0,0,0,0
2296,2025-07,1,26,0,0
2296,2025-08,0,0,0,0
2296,2025-09,0,0,0,0
2296,2025-10,1,36,0,0
2296,2025-11,2,59,0,0
2297,2025-06,9,258,0,0
2297,2025-07,13,431,0,0
2297,2025-08,7,152,0,0
2297,2025-09,18,607,0,0
2297,2025-10,10,232,0,0
2297,2025-11,17,635,0,0
2297,2025-12,12,245,0,0
2298,2024-08,3,87,0,1
2298,2024-09,2,41,0,0
2298,2024-10,8,265,0,0
2298,2024-11,5,149,0,0
2298,2024-12,4,137,0,0
2298,2025-01,3,104,0,1
2298,2025-02,7,171,0,1
2298,2025-03,9,170,0,1
2298,2025-04,7,250,0,0
2298,2025-05,5,147,0,0
2298,2025-06,3,115,0,1
2298,2025-07,3,111,0,1
2298,2025-08,8,203,0,1
2298,2025-09,1,36,0,1
2298,2025-10,6,242,0,1
2298,2025-11,0,0,0,1
2298,2025-12,6,211,0,2
2299,2025-04,2,49,1,0
2299,2025-05,3,101,0,0
2299,2025-06,5,195,1,0
2299,2025-07,4,100,1,0
2299,2025-08,3,60,1,1
2299,2025-09,5,173,0,0
2299,2025-10,2,68,0,0
2299,2025-11,2,52,1,1
2299,2025-12,4,141,0,2
2300,2024-12,3,84,2,1
2300,2025-01,3,65,1,0
2300,2025-02,4,90,3,1
2301,2025-10,9,364,1,0
2301,2025-11,4,158,1,1
2301,2025-12,3,91,0,0
2302,2024-09,1,42,0,0
2302,2024-10,1,33,0,0
2303,2024-07,10,375,0,0
2303,2024-08,1,41,0,0
2303,2024-09,1,40,0,0
2303,2024-10,1,20,0,0
2303,2024-11,3,72,0,0
2304,2025-07,1,40,0,0
2304,2025-08,3,90,0,0
2304,2025-09,1,26,0,0
2304,2025-10,1,40,0,0
2304,2025-11,1,23,0,0
3660,2025-07,1,35,1,0
2304,2025-12,1,39,0,0
2305,2025-08,5,153,0,0
2305,2025-09,4,72,0,1
2305,2025-10,4,80,0,0
2305,2025-11,4,119,0,0
2305,2025-12,2,64,0,0
2306,2024-12,8,229,0,0
2306,2025-01,15,423,0,0
2306,2025-02,17,698,0,0
2306,2025-03,13,335,0,0
2306,2025-04,19,371,0,0
2306,2025-05,11,265,0,0
2306,2025-06,25,537,0,0
2306,2025-07,23,845,0,0
2306,2025-08,19,761,0,0
2306,2025-09,8,315,0,0
2306,2025-10,18,596,0,0
2306,2025-11,12,262,0,0
2306,2025-12,16,333,0,0
2307,2024-10,3,94,0,0
2307,2024-11,3,96,0,0
2307,2024-12,3,117,0,0
2307,2025-01,5,144,0,0
2307,2025-02,2,70,0,0
2307,2025-03,1,23,0,0
2307,2025-04,0,0,0,0
2307,2025-05,1,25,0,0
2307,2025-06,3,92,0,0
2307,2025-07,0,0,0,0
2307,2025-08,1,28,0,0
2307,2025-09,1,29,0,2
2307,2025-10,3,,0,1
2308,2025-07,6,126,0,0
2308,2025-08,6,174,0,0
2308,2025-09,3,114,0,0
2308,2025-10,6,202,0,0
2308,2025-11,3,85,0,0
2308,2025-12,4,132,0,0
2309,2025-08,1,30,0,0
2309,2025-09,3,87,0,0
2600,2025-05,5,143,0,0
2309,2025-10,6,204,0,1
2309,2025-11,6,127,0,0
2309,2025-12,3,108,0,1
2310,2024-09,7,144,1,0
2310,2024-10,1,25,0,0
2310,2024-11,5,113,2,1
2310,2024-12,1,20,1,0
2310,2025-01,1,33,0,0
2310,2025-02,1,28,0,0
2310,2025-03,2,64,0,0
2310,2025-04,1,35,0,1
2310,2025-05,0,0,0,0
2310,2025-06,0,0,0,0
2310,2025-07,1,39,0,0
2310,2025-08,2,79,0,1
2311,2025-02,3,73,0,0
2311,2025-03,5,165,2,0
2311,2025-04,8,250,1,0
2311,2025-05,2,59,0,0
2311,2025-06,4,106,0,0
2311,2025-07,5,176,1,0
2311,2025-08,5,181,0,0
2311,2025-09,5,195,0,0
2311,2025-10,6,250,0,1
2311,2025-11,4,102,0,0
2311,2025-12,5,142,1,0
2312,2025-04,0,0,0,0
2312,2025-05,2,37,1,0
2312,2025-06,1,18,0,0
2312,2025-07,2,44,0,0
2312,2025-08,1,42,0,1
2312,2025-09,2,66,0,0
2312,2025-10,1,30,0,0
2313,2025-02,6,112,2,0
2313,2025-03,5,186,0,0
2313,2025-04,5,92,3,0
2313,2025-05,5,159,2,0
2313,2025-06,8,195,2,0
2313,2025-07,5,168,1,0
2313,2025-08,5,189,1,1
2313,2025-09,4,146,0,0
2313,2025-10,7,203,3,0
2313,2025-11,6,153,9,0
2313,2025-12,2,79,1,0
2314,2024-10,2,57,0,0
2314,2024-11,0,0,0,0
2315,2025-02,3,95,0,0
2315,2025-03,3,56,1,0
2315,2025-04,1,25,0,0
2315,2025-05,0,0,0,0
2315,2025-06,0,0,0,1
2315,2025-07,3,87,1,0
2315,2025-08,2,46,0,0
2315,2025-09,1,39,0,0
2315,2025-10,2,82,0,0
2315,2025-11,2,67,0,0
2315,2025-12,0,0,0,0
2316,2025-05,6,184,0,0
2316,2025-06,9,349,0,0
2316,2025-07,15,556,0,0
1475,2025-09,2,79,0,0
2316,2025-08,9,231,0,0
2316,2025-09,11,386,0,0
2316,2025-10,7,175,0,0
2316,2025-11,6,137,0,0
2994,2024-10,3,76,0,0
2316,2025-12,8,222,0,0
2317,2025-08,0,0,0,0
2317,2025-09,2,47,0,0
2317,2025-10,1,19,0,0
2317,2025-11,0,0,0,0
2317,2025-12,2,46,0,1
2318,2024-11,1,34,0,0
2318,2024-12,1,19,0,1
2319,2024-09,4,151,0,0
2319,2024-10,5,141,0,0
2319,2024-11,2,58,0,0
2319,2024-12,1,34,0,1
2320,2025-07,1,32,0,0
2320,2025-08,0,0,0,0
2320,2025-09,0,0,0,0
2320,2025-10,1,19,0,0
2320,2025-11,1,24,0,0
2320,2025-12,1,19,0,0
2321,2024-07,11,222,0,0
2321,2024-08,15,378,0,0
2321,2024-09,16,527,0,0
2321,2024-10,12,443,0,0
2321,2024-11,9,316,0,1
2321,2024-12,8,158,0,0
2321,2025-01,10,219,0,1
2321,2025-02,15,473,0,1
2321,2025-03,10,290,0,1
2321,2025-04,11,440,0,1
2321,2025-05,9,315,0,0
2321,2025-06,6,131,0,0
2321,2025-07,18,369,0,0
2321,2025-08,9,287,0,1
2321,2025-09,13,470,0,1
2321,2025-10,8,250,0,1
2321,2025-11,16,358,0,1
2321,2025-12,9,314,0,2
2322,2024-08,4,151,0,0
2322,2024-09,6,139,0,0
2322,2024-10,3,115,0,0
2322,2024-11,2,54,0,0
2322,2024-12,4,150,0,0
2322,2025-01,3,73,0,0
2322,2025-02,5,98,0,0
2322,2025-03,2,47,0,0
2322,2025-04,5,152,0,0
2322,2025-05,1,25,0,0
2322,2025-06,3,58,0,0
2322,2025-07,2,47,0,0
2322,2025-08,5,163,0,0
2322,2025-09,3,54,0,0
2322,2025-10,5,107,0,0
2322,2025-11,3,97,0,0
2322,2025-12,2,46,0,0
2323,2024-11,4,97,0,0
2323,2024-12,2,47,1,1
2324,2025-10,0,0,0,0
2324,2025-11,2,48,0,0
2324,2025-12,3,64,0,0
2325,2025-03,5,189,2,0
2325,2025-04,6,219,2,0
2325,2025-05,3,96,1,0
2325,2025-06,7,192,1,0
2325,2025-07,5,174,3,0
2325,2025-08,4,157,4,0
2325,2025-09,5,147,3,1
2325,2025-10,6,109,1,0
2325,2025-11,5,201,2,0
2326,2024-12,2,40,1,0
2326,2025-01,2,41,0,0
2326,2025-02,2,50,0,0
2326,2025-03,2,59,2,0
2326,2025-04,0,0,0,0
2326,2025-05,1,22,0,1
2326,2025-06,0,0,0,1
2327,2025-04,2,52,0,0
2327,2025-05,0,0,0,0
2327,2025-06,3,71,1,0
2327,2025-07,3,104,0,0
2327,2025-08,1,20,1,0
2327,2025-09,2,38,1,0
2327,2025-10,1,39,0,0
2327,2025-11,3,73,1,0
2327,2025-12,3,85,2,0
2328,2025-04,4,79,0,0
2328,2025-05,3,76,3,0
2328,2025-06,1,30,0,0
2328,2025-07,0,0,0,0
2328,2025-08,11,339,6,0
2328,2025-09,1,38,0,0
2328,2025-10,3,102,2,0
2328,2025-11,6,214,4,0
2329,2025-02,4,143,0,0
2329,2025-03,8,224,0,0
2329,2025-04,2,60,0,0
2329,2025-05,3,105,0,0
2329,2025-06,0,0,0,0
2329,2025-07,0,0,0,0
2329,2025-08,2,78,0,0
2329,2025-09,4,163,0,0
2329,2025-10,1,38,0,0
2329,2025-11,1,29,0,0
2329,2025-12,2,60,0,0
2330,2025-07,8,300,6,0
2330,2025-08,11,246,5,0
2330,2025-09,5,203,1,0
2330,2025-10,8,256,4,0
2330,2025-11,5,,6,0
2330,2025-12,7,131,2,1
2331,2024-12,1,32,0,0
2331,2025-01,3,75,0,0
2331,2025-02,1,25,0,1
2331,2025-03,4,103,2,0
2331,2025-04,3,89,0,0
2331,2025-05,1,27,0,1
2331,2025-06,5,107,1,0
2331,2025-07,3,67,1,0
2331,2025-08,5,169,0,0
2331,2025-09,3,121,1,0
2331,2025-10,3,84,0,0
2331,2025-11,3,91,2,0
2331,2025-12,7,208,1,0
2332,2025-03,4,95,0,1
182,2025-08,1,25,1,0
2332,2025-04,7,287,2,0
2332,2025-05,3,,2,0
2332,2025-06,8,187,2,0
2332,2025-07,2,62,0,0
2332,2025-08,6,234,1,1
2332,2025-09,5,194,2,1
2332,2025-10,6,221,5,0
2332,2025-11,2,82,0,1
2332,2025-12,6,160,4,1
2333,2024-11,5,203,1,0
2333,2024-12,6,184,3,0
2333,2025-01,5,210,4,1
2334,2024-08,5,92,1,0
2334,2024-09,5,164,3,0
2334,2024-10,3,56,1,0
2334,2024-11,5,188,0,0
2334,2024-12,2,39,1,0
2334,2025-01,7,187,3,0
2334,2025-02,1,28,1,0
2334,2025-03,1,24,1,1
2334,2025-04,1,24,1,0
2334,2025-05,0,0,0,0
2334,2025-06,1,38,1,0
2334,2025-07,0,0,0,0
2334,2025-08,1,25,0,0
2334,2025-09,1,32,0,0
2334,2025-10,0,0,0,1
2335,2024-09,8,169,0,0
2335,2024-10,2,73,0,0
2335,2024-11,9,287,0,0
2335,2024-12,9,337,0,0
2335,2025-01,8,175,0,0
2335,2025-02,7,149,0,0
2335,2025-03,10,300,0,0
2335,2025-04,4,85,0,1
2335,2025-05,8,294,0,0
2335,2025-06,8,245,0,0
2335,2025-07,6,252,0,0
2335,2025-08,2,62,0,0
2335,2025-09,4,167,0,0
2335,2025-10,2,67,0,0
2335,2025-11,4,73,0,0
2335,2025-12,6,232,0,0
2336,2025-06,4,105,0,0
2336,2025-07,2,46,0,0
2336,2025-08,2,72,0,0
2336,2025-09,2,42,0,0
2336,2025-10,5,152,0,0
2336,2025-11,1,35,0,0
2336,2025-12,0,0,0,0
2337,2025-09,2,72,0,0
2337,2025-10,7,213,0,0
2337,2025-11,3,66,0,1
2337,2025-12,2,46,0,1
2338,2024-07,9,187,0,0
2338,2024-08,2,51,0,0
2338,2024-09,5,115,0,0
2338,2024-10,4,86,0,0
2338,2024-11,6,134,0,0
2338,2024-12,4,139,0,1
2338,2025-01,7,213,0,0
2338,2025-02,5,181,0,1
2338,2025-03,1,20,0,0
2338,2025-04,7,224,0,0
2338,2025-05,4,124,0,0
2338,2025-06,1,21,0,0
2338,2025-07,5,131,0,1
2338,2025-08,3,122,0,0
2338,2025-09,4,156,0,1
2338,2025-10,12,311,0,0
2338,2025-11,3,93,0,0
2338,2025-12,2,52,0,1
2339,2025-05,5,197,0,1
2339,2025-06,5,161,0,0
2339,2025-07,5,105,0,0
2339,2025-08,5,203,0,0
2339,2025-09,3,112,0,0
2339,2025-10,7,132,0,0
2339,2025-11,7,154,0,1
2339,2025-12,4,116,0,0
2340,2025-05,11,332,0,0
2340,2025-06,12,297,0,0
2340,2025-07,11,377,0,1
2340,2025-08,22,922,0,1
2340,2025-09,11,225,0,0
2340,2025-10,6,151,0,0
2340,2025-11,18,668,0,0
2340,2025-12,10,231,0,0
2341,2025-06,3,107,0,0
2341,2025-07,1,31,0,0
2341,2025-08,1,24,0,0
2341,2025-09,3,93,0,0
2341,2025-10,2,61,0,0
2341,2025-11,1,29,0,0
2342,2025-02,1,23,1,0
2342,2025-03,5,91,0,1
2342,2025-04,4,128,3,0
2342,2025-05,3,55,1,0
2342,2025-06,2,58,1,0
2342,2025-07,5,143,4,1
2342,2025-08,3,65,2,0
2342,2025-09,2,48,0,0
2342,2025-10,3,106,1,0
2342,2025-11,1,39,0,0
2342,2025-12,1,40,2,0
2343,2024-12,5,187,0,0
2343,2025-01,9,194,0,0
2343,2025-02,7,183,0,0
2343,2025-03,3,58,0,0
2343,2025-04,2,74,0,0
2343,2025-05,4,82,0,0
2343,2025-06,2,72,0,0
2343,2025-07,1,41,0,0
2343,2025-08,3,95,0,0
2343,2025-09,4,121,0,0
2343,2025-10,3,101,0,0
2343,2025-11,6,158,0,0
2343,2025-12,0,0,0,0
2344,2025-06,2,72,0,0
2344,2025-07,9,252,0,0
2344,2025-08,6,110,0,1
2344,2025-09,6,183,0,0
2344,2025-10,6,170,0,0
2344,2025-11,4,125,0,0
2344,2025-12,4,151,0,0
2345,2025-08,2,36,0,0
2345,2025-09,2,76,0,0
2345,2025-10,5,150,0,0
2345,2025-11,1,41,0,0
2345,2025-12,2,46,0,0
2346,2025-05,2,79,0,0
2346,2025-06,1,23,0,0
2347,2025-08,2,51,0,0
2347,2025-09,2,63,0,0
2347,2025-10,5,209,0,0
2347,2025-11,4,141,0,0
2347,2025-12,4,151,0,0
2348,2024-10,4,115,0,0
2348,2024-11,4,94,0,0
2348,2024-12,5,183,0,0
2348,2025-01,3,106,0,0
2348,2025-02,2,66,0,0
2348,2025-03,1,,0,0
2348,2025-04,0,0,0,0
2348,2025-05,0,,0,0
2348,2025-06,1,33,0,0
2348,2025-07,2,41,0,0
2348,2025-08,0,0,0,0
2348,2025-09,3,64,0,1
2349,2025-05,1,36,0,0
2350,2024-12,2,38,0,0
2350,2025-01,2,59,0,0
2350,2025-02,1,26,0,0
2350,2025-03,4,91,0,0
2350,2025-04,3,107,0,0
2350,2025-05,0,0,0,0
2350,2025-06,3,59,0,0
2350,2025-07,1,20,0,0
2350,2025-08,3,59,0,0
2350,2025-09,3,93,0,0
2350,2025-10,1,25,0,0
2350,2025-11,1,39,0,0
2351,2025-03,1,32,1,0
2351,2025-04,3,64,1,1
2351,2025-05,0,0,0,0
2351,2025-06,1,23,0,0
2351,2025-07,1,24,0,0
2351,2025-08,2,67,1,0
2351,2025-09,0,0,0,0
2351,2025-10,2,42,2,0
2351,2025-11,1,39,0,0
2351,2025-12,0,0,0,1
2352,2025-01,0,0,0,0
2353,2025-07,9,313,0,0
2353,2025-08,11,202,0,1
2353,2025-09,11,372,0,0
2353,2025-10,14,540,0,0
2353,2025-11,12,490,0,0
2353,2025-12,11,428,0,0
2354,2025-10,5,97,0,0
2354,2025-11,9,171,0,0
2354,2025-12,7,131,0,0
2355,2024-09,2,49,0,0
2355,2024-10,3,89,1,0
2355,2024-11,1,34,0,0
2355,2024-12,1,31,0,1
2355,2025-01,1,31,0,0
2355,2025-02,3,69,1,0
2355,2025-03,1,23,0,0
2355,2025-04,0,0,0,0
2355,2025-05,2,81,0,0
2355,2025-06,1,33,0,0
2355,2025-07,1,37,2,0
2355,2025-08,1,25,1,0
2355,2025-09,1,40,1,0
2355,2025-10,1,41,0,0
2355,2025-11,0,0,0,0
2355,2025-12,0,0,0,0
2356,2025-08,5,169,0,0
2356,2025-09,1,,0,0
2356,2025-10,1,23,0,0
2357,2024-12,9,164,1,0
2357,2025-01,8,268,3,0
2357,2025-02,5,152,1,0
2357,2025-03,9,192,7,0
2357,2025-04,4,76,3,0
2357,2025-05,5,159,0,1
1744,2024-12,7,200,0,0
2357,2025-06,7,265,3,0
2357,2025-07,4,144,2,0
2357,2025-08,5,167,0,0
2357,2025-09,5,111,6,2
2357,2025-10,8,313,5,1
2357,2025-11,7,180,2,1
2357,2025-12,5,102,1,1
2358,2024-08,3,102,0,0
2359,2024-10,18,334,6,0
2359,2024-11,13,480,1,0
2359,2024-12,15,299,4,0
2359,2025-01,10,333,1,0
2359,2025-02,13,410,2,0
2359,2025-03,9,333,2,0
2359,2025-04,11,213,4,0
2359,2025-05,9,265,1,0
2359,2025-06,15,449,2,0
2359,2025-07,15,436,2,0
2359,2025-08,12,326,4,1
2359,2025-09,7,242,1,0
2359,2025-10,10,309,2,0
2359,2025-11,13,253,2,0
2359,2025-12,12,309,1,0
2360,2025-02,2,61,0,0
2360,2025-03,4,160,3,0
2360,2025-04,5,166,1,0
2360,2025-05,2,62,0,0
2360,2025-06,3,54,1,0
2361,2025-02,1,25,0,0
2361,2025-03,1,29,0,0
2361,2025-04,2,37,0,0
2361,2025-05,3,65,0,0
2361,2025-06,1,27,0,0
2361,2025-07,2,60,0,0
2361,2025-08,4,159,1,0
2361,2025-09,2,52,0,0
2361,2025-10,1,38,0,0
2361,2025-11,1,23,0,0
2361,2025-12,1,28,0,0
2362,2025-06,4,117,0,0
2362,2025-07,7,223,0,0
2362,2025-08,4,104,0,0
2362,2025-09,6,204,0,0
2362,2025-10,7,253,0,0
2362,2025-11,3,56,0,0
2362,2025-12,4,101,0,0
2363,2025-09,2,53,0,0
2363,2025-10,0,0,0,0
2363,2025-11,3,82,0,0
2363,2025-12,1,21,0,0
2364,2024-12,0,0,0,0
2365,2025-07,6,126,0,0
2365,2025-08,5,200,0,0
2365,2025-09,9,296,0,0
2365,2025-10,4,145,0,0
2365,2025-11,4,88,0,0
2365,2025-12,5,184,0,1
2366,2025-09,13,506,5,0
2366,2025-10,6,158,2,0
2366,2025-11,6,219,3,0
2366,2025-12,4,127,3,0
2367,2025-05,9,241,0,0
2367,2025-06,6,247,0,0
2367,2025-07,4,147,0,0
2367,2025-08,5,121,0,0
2367,2025-09,6,239,0,0
2367,2025-10,3,78,0,0
2367,2025-11,8,169,0,0
2367,2025-12,11,251,0,0
2368,2025-08,5,119,0,0
2368,2025-09,7,191,0,0
2368,2025-10,8,274,0,0
2368,2025-11,8,244,0,0
2368,2025-12,9,213,0,0
2369,2025-04,3,58,0,0
2369,2025-05,3,59,0,0
2369,2025-06,2,72,0,0
2369,2025-07,1,21,0,0
2369,2025-08,3,122,0,0
2369,2025-09,1,30,0,0
2369,2025-10,2,58,0,0
2369,2025-11,1,23,0,0
2369,2025-12,6,216,0,1
2370,2024-12,4,134,0,0
2370,2025-01,2,83,0,0
2370,2025-02,2,47,0,1
2370,2025-03,2,74,0,0
2370,2025-04,1,19,0,0
2370,2025-05,0,0,0,1
2370,2025-06,2,78,0,1
2370,2025-07,0,0,0,0
2370,2025-08,0,0,0,1
2371,2025-04,2,55,0,0
2371,2025-05,3,64,0,0
2371,2025-06,6,207,0,0
2371,2025-07,5,156,0,0
2371,2025-08,8,172,0,0
2371,2025-09,7,263,0,0
2371,2025-10,7,241,0,0
2371,2025-11,13,468,0,0
2371,2025-12,13,343,0,0
2372,2024-09,8,332,3,0
2372,2024-10,11,245,1,1
2372,2024-11,3,87,1,0
2372,2024-12,10,284,5,0
2372,2025-01,4,96,0,0
2372,2025-02,7,195,2,0
2372,2025-03,2,71,0,0
2372,2025-04,5,106,0,0
2372,2025-05,6,185,0,0
2372,2025-06,10,361,4,0
2372,2025-07,8,166,2,0
2372,2025-08,3,91,1,0
2372,2025-09,8,269,4,0
2372,2025-10,7,143,5,0
2373,2024-07,3,81,0,0
2374,2024-10,1,41,0,0
2374,2024-11,6,221,0,0
2374,2024-12,1,25,0,0
2374,2025-01,5,181,0,0
2374,2025-02,0,0,0,0
2374,2025-03,1,21,0,0
2374,2025-04,0,0,0,0
2374,2025-05,0,0,0,0
2375,2025-07,5,207,2,0
2375,2025-08,5,205,0,0
2375,2025-09,5,113,1,0
2375,2025-10,3,62,2,0
2375,2025-11,3,74,0,0
2375,2025-12,1,30,1,0
2376,2025-04,8,173,1,1
2376,2025-05,8,271,4,0
2376,2025-06,5,203,2,1
2376,2025-07,10,211,3,0
2376,2025-08,9,332,2,2
2376,2025-09,13,467,3,0
2376,2025-10,7,140,1,0
2376,2025-11,3,107,2,0
2376,2025-12,10,221,3,0
2377,2025-01,3,75,0,0
2377,2025-02,2,63,2,0
2377,2025-03,0,0,0,0
2377,2025-04,0,0,0,0
2377,2025-05,2,83,0,0
2377,2025-06,1,25,0,0
2377,2025-07,1,25,0,0
2377,2025-08,0,0,0,0
2378,2025-06,7,278,0,0
2378,2025-07,3,72,0,0
2378,2025-08,4,91,0,0
2378,2025-09,2,45,0,0
2378,2025-10,4,95,0,0
2378,2025-11,2,36,0,0
2378,2025-12,3,89,0,0
2379,2025-05,4,90,0,0
2379,2025-06,6,219,0,0
2379,2025-07,3,84,0,0
2379,2025-08,4,125,0,0
2379,2025-09,2,59,0,1
2379,2025-10,3,92,0,0
2379,2025-11,1,29,0,0
2379,2025-12,3,113,0,0
2380,2024-11,4,149,0,0
2380,2024-12,6,187,0,0
2380,2025-01,4,159,0,1
2380,2025-02,2,42,0,0
2381,2024-11,0,0,0,0
2381,2024-12,0,0,0,0
2381,2025-01,3,58,0,0
2381,2025-02,1,35,0,0
2381,2025-03,0,0,0,0
2381,2025-04,0,0,0,0
2381,2025-05,0,0,0,0
2381,2025-06,1,26,0,0
2381,2025-07,0,0,0,0
2381,2025-08,0,0,0,0
2381,2025-09,0,0,0,0
2381,2025-10,0,0,0,0
2382,2025-03,0,0,0,0
2382,2025-04,0,0,0,0
2382,2025-05,0,0,0,0
2382,2025-06,3,57,0,0
2382,2025-07,4,115,0,1
2382,2025-08,0,0,0,0
2382,2025-09,3,102,0,0
2382,2025-10,3,67,0,0
2382,2025-11,0,0,0,0
2382,2025-12,1,22,0,0
2383,2024-09,3,114,0,0
2383,2024-10,1,24,0,0
2383,2024-11,3,121,0,0
2383,2024-12,3,122,0,0
2383,2025-01,1,33,0,0
2383,2025-02,1,,0,0
2383,2025-03,0,0,0,0
2383,2025-04,2,78,0,0
2383,2025-05,1,25,0,0
2383,2025-06,1,30,0,0
2383,2025-07,2,55,0,0
2383,2025-08,0,0,0,0
2383,2025-09,1,29,0,0
2383,2025-10,1,22,0,0
2383,2025-11,2,81,0,0
2383,2025-12,1,36,0,0
2384,2025-04,7,221,1,0
2384,2025-05,7,236,2,0
2384,2025-06,8,161,1,0
2384,2025-07,6,209,1,0
306,2025-12,8,204,0,1
2384,2025-08,7,204,3,0
2384,2025-09,10,409,1,0
2384,2025-10,7,274,3,0
2384,2025-11,8,252,4,0
2384,2025-12,6,186,3,0
2385,2024-11,2,44,0,0
2385,2024-12,5,97,0,0
2385,2025-01,0,0,0,0
2385,2025-02,1,28,0,0
2385,2025-03,1,41,0,1
2385,2025-04,0,0,0,0
2385,2025-05,1,37,0,0
2385,2025-06,1,21,0,0
2385,2025-07,2,47,0,0
2385,2025-08,0,0,0,1
2385,2025-09,1,24,0,0
2385,2025-10,1,36,0,0
2386,2025-07,4,86,1,0
2386,2025-08,1,38,0,0
2386,2025-09,3,97,1,0
2386,2025-10,3,88,2,0
2387,2024-12,0,0,0,0
2387,2025-01,2,41,0,1
2387,2025-02,0,0,0,0
2387,2025-03,1,21,0,1
2387,2025-04,4,115,3,1
2387,2025-05,1,36,0,0
2387,2025-06,0,0,0,0
2387,2025-07,2,42,3,0
2387,2025-08,2,69,0,0
2387,2025-09,1,36,0,0
2387,2025-10,1,32,2,0
2387,2025-11,0,0,0,0
2388,2025-03,3,80,1,0
2388,2025-04,3,123,1,0
2388,2025-05,5,200,0,0
2388,2025-06,0,0,0,0
2389,2025-02,2,80,0,0
2389,2025-03,6,151,0,0
2389,2025-04,1,19,0,1
2390,2025-07,2,82,1,0
2390,2025-08,2,84,2,0
2390,2025-09,5,118,3,0
2390,2025-10,3,93,2,0
2390,2025-11,3,89,3,0
2390,2025-12,2,45,0,0
2391,2024-10,3,57,0,0
2391,2024-11,6,228,0,0
2391,2024-12,4,91,1,0
2391,2025-01,5,177,1,0
2391,2025-02,4,120,1,0
2391,2025-03,7,188,4,0
2391,2025-04,6,114,2,0
2391,2025-05,1,25,0,0
2391,2025-06,2,80,0,0
2391,2025-07,6,225,1,0
2391,2025-08,6,167,1,0
2391,2025-09,0,0,0,0
2391,2025-10,4,117,2,0
2391,2025-11,3,92,0,0
2391,2025-12,2,44,0,0
2392,2025-07,1,28,1,0
2392,2025-08,5,175,2,1
2392,2025-09,3,91,2,1
2392,2025-10,5,207,0,0
2392,2025-11,4,94,7,0
2392,2025-12,4,116,2,0
2393,2025-10,0,0,0,0
2393,2025-11,1,18,2,0
2394,2025-03,1,36,1,0
2394,2025-04,1,23,0,0
2394,2025-05,6,240,1,0
2394,2025-06,0,0,0,0
2394,2025-07,1,39,0,0
2394,2025-08,4,100,0,0
2394,2025-09,1,28,0,0
2394,2025-10,0,0,0,1
2394,2025-11,2,77,0,0
2394,2025-12,1,34,0,0
2395,2025-03,9,308,1,0
2395,2025-04,7,232,0,0
2395,2025-05,9,328,2,0
2395,2025-06,13,389,1,0
2395,2025-07,3,59,0,0
2395,2025-08,15,,6,0
2395,2025-09,10,252,4,0
2395,2025-10,4,72,0,0
2395,2025-11,7,192,4,0
2395,2025-12,5,119,0,0
2396,2025-01,5,167,0,0
2396,2025-02,6,245,0,0
2396,2025-03,6,191,0,0
2396,2025-04,4,96,0,0
2396,2025-05,6,167,0,0
2396,2025-06,7,188,0,0
2396,2025-07,6,190,0,0
2396,2025-08,4,156,0,0
2396,2025-09,3,110,0,0
2396,2025-10,3,88,0,1
2396,2025-11,2,57,0,0
2396,2025-12,3,125,0,0
2397,2025-10,3,122,1,0
2397,2025-11,1,21,0,0
2397,2025-12,1,36,0,0
2398,2025-05,0,0,0,0
2398,2025-06,5,117,0,0
2398,2025-07,2,39,0,0
2398,2025-08,0,0,0,0
2398,2025-09,3,63,0,0
2398,2025-10,0,0,0,0
2398,2025-11,0,0,0,0
2398,2025-12,1,,0,0
2399,2024-07,4,81,0,0
2400,2025-05,3,100,0,0
2400,2025-06,2,74,0,0
2400,2025-07,0,0,0,0
2400,2025-08,2,83,1,0
2400,2025-09,1,34,0,0
2400,2025-10,1,38,1,0
2400,2025-11,0,0,0,0
2400,2025-12,0,0,0,0
2401,2024-12,1,36,0,0
2401,2025-01,0,0,0,0
2401,2025-02,2,65,0,0
2401,2025-03,0,0,0,0
2401,2025-04,5,146,0,0
2402,2025-06,0,0,0,0
2402,2025-07,0,0,0,0
2403,2025-03,5,142,3,0
2403,2025-04,10,388,9,0
2404,2025-01,1,38,0,0
2404,2025-02,4,109,0,0
2404,2025-03,1,36,0,0
2404,2025-04,2,43,0,0
2404,2025-05,2,78,0,0
2404,2025-06,1,20,0,0
2404,2025-07,0,0,0,0
2404,2025-08,2,68,0,0
2404,2025-09,3,79,0,0
2404,2025-10,0,0,0,0
2404,2025-11,0,0,0,0
2404,2025-12,1,24,0,1
2405,2025-07,1,42,0,0
2405,2025-08,2,39,2,0
2405,2025-09,2,47,2,0
2405,2025-10,8,233,2,0
2405,2025-11,6,212,3,0
2405,2025-12,2,59,0,0
2406,2024-09,2,74,0,0
2406,2024-10,2,50,0,0
2406,2024-11,1,26,0,0
2406,2024-12,3,58,0,0
2406,2025-01,2,44,0,0
2406,2025-02,1,42,0,0
2406,2025-03,4,126,0,0
2406,2025-04,1,31,0,0
2406,2025-05,0,0,0,0
2406,2025-06,1,38,0,0
2406,2025-07,1,38,0,0
2406,2025-08,0,0,0,0
2406,2025-09,1,33,0,0
2406,2025-10,0,0,0,0
2407,2024-07,10,261,0,0
2407,2024-08,4,110,0,0
2407,2024-09,12,503,0,0
2408,2025-08,5,198,7,0
2408,2025-09,2,57,2,0
2408,2025-10,2,80,1,0
2408,2025-11,2,43,1,1
2409,2024-10,2,40,4,0
2409,2024-11,3,92,3,0
2409,2024-12,1,40,0,0
2409,2025-01,0,0,0,0
2409,2025-02,0,0,0,0
2409,2025-03,0,0,0,1
2410,2025-10,9,369,4,0
2410,2025-11,10,365,1,0
2410,2025-12,1,21,0,0
2411,2024-08,1,41,0,0
2411,2024-09,1,27,0,0
2412,2024-08,1,22,1,0
2412,2024-09,4,102,0,0
2412,2024-10,7,282,2,0
2412,2024-11,2,73,0,0
2412,2024-12,2,59,0,0
2412,2025-01,2,43,0,0
2412,2025-02,4,152,3,0
2412,2025-03,7,191,2,0
2412,2025-04,3,111,0,0
2412,2025-05,0,0,0,0
2412,2025-06,4,115,2,0
2412,2025-07,4,101,0,0
2413,2025-08,3,119,1,0
2413,2025-09,4,164,1,1
2413,2025-10,7,,2,0
2413,2025-11,2,84,0,0
2413,2025-12,3,126,0,0
2414,2024-09,6,246,0,0
2414,2024-10,4,110,0,0
2414,2024-11,6,199,0,0
2414,2024-12,4,156,0,1
2414,2025-01,2,61,0,1
2414,2025-02,6,126,0,0
2414,2025-03,5,177,0,0
2414,2025-04,3,72,0,0
2414,2025-05,4,131,0,0
2414,2025-06,2,66,0,0
2414,2025-07,2,77,0,0
2414,2025-08,5,98,0,0
2414,2025-09,4,152,0,0
2414,2025-10,9,244,0,0
2414,2025-11,6,133,0,0
2414,2025-12,6,120,0,0
2415,2025-05,4,102,1,0
2415,2025-06,4,141,0,0
2415,2025-07,4,106,1,0
2415,2025-08,1,28,0,0
2415,2025-09,2,52,1,0
2415,2025-10,1,35,0,0
3885,2025-03,1,41,0,0
2415,2025-11,1,30,0,0
2415,2025-12,2,59,1,0
2416,2025-01,0,0,0,0
2416,2025-02,2,56,0,0
2416,2025-03,1,32,0,0
2416,2025-04,1,33,0,0
2416,2025-05,2,41,0,0
2416,2025-06,2,55,0,0
2416,2025-07,1,40,0,0
2417,2024-11,3,110,1,0
2418,2024-07,5,209,2,0
2418,2024-08,6,151,3,0
2418,2024-09,7,279,4,0
2418,2024-10,4,103,1,0
2418,2024-11,8,189,1,0
2418,2024-12,5,168,2,0
2418,2025-01,2,69,0,0
2418,2025-02,2,59,0,0
2418,2025-03,4,148,3,0
2418,2025-04,7,242,0,0
2418,2025-05,10,335,5,0
2418,2025-06,3,91,1,0
1744,2025-05,4,154,0,0
2418,2025-07,2,75,0,0
2418,2025-08,4,86,2,0
2418,2025-09,6,203,0,0
2418,2025-10,5,,1,0
2418,2025-11,4,104,1,0
2418,2025-12,4,121,0,0
2419,2024-12,2,62,1,0
2419,2025-01,2,76,1,0
2419,2025-02,4,167,1,0
2419,2025-03,2,75,1,1
2419,2025-04,2,38,1,0
2419,2025-05,1,29,0,0
2419,2025-06,2,67,1,0
2419,2025-07,2,76,1,0
2419,2025-08,2,37,0,1
2419,2025-09,1,32,0,0
2419,2025-10,0,0,0,0
2419,2025-11,1,21,1,2
2420,2024-08,3,96,0,0
2420,2024-09,8,257,1,0
2420,2024-10,1,37,0,0
2420,2024-11,2,72,1,0
2420,2024-12,4,112,1,0
2420,2025-01,5,205,1,0
2420,2025-02,5,97,0,0
2420,2025-03,2,36,0,0
2420,2025-04,1,27,2,0
2420,2025-05,10,335,4,0
2420,2025-06,4,157,1,0
2420,2025-07,2,49,0,0
2420,2025-08,4,113,0,0
2420,2025-09,2,64,0,0
2420,2025-10,5,150,2,0
2420,2025-11,5,192,2,0
2420,2025-12,6,242,1,0
2421,2025-04,0,0,0,0
2421,2025-05,2,55,0,0
2421,2025-06,1,33,0,1
2422,2025-09,10,346,0,0
2422,2025-10,8,172,0,0
2422,2025-11,16,365,0,0
2422,2025-12,14,526,0,0
2423,2024-09,1,29,0,1
2423,2024-10,1,31,0,0
2424,2025-06,2,,0,0
2424,2025-07,1,35,0,0
2424,2025-08,0,0,0,0
2768,2024-11,8,231,0,0
2424,2025-09,2,70,0,0
2424,2025-10,1,30,0,0
2425,2024-09,1,25,0,0
2425,2024-10,3,94,0,0
2425,2024-11,3,67,0,0
2425,2024-12,0,0,0,0
2425,2025-01,1,33,0,0
2425,2025-02,0,0,0,0
2425,2025-03,2,82,0,0
2425,2025-04,1,34,0,0
2425,2025-05,1,20,0,0
2425,2025-06,3,54,0,0
2425,2025-07,0,0,0,0
2425,2025-08,1,18,0,0
2426,2024-11,6,244,2,0
2426,2024-12,8,206,0,0
2426,2025-01,10,335,2,0
2426,2025-02,6,222,1,0
2426,2025-03,5,156,3,0
2426,2025-04,5,196,1,0
2426,2025-05,8,265,1,0
2426,2025-06,2,70,0,0
2426,2025-07,6,153,0,0
2426,2025-08,3,121,0,0
2426,2025-09,4,96,1,0
2426,2025-10,7,147,2,0
2426,2025-11,10,378,1,0
2426,2025-12,11,421,3,0
2427,2025-07,4,104,1,0
2427,2025-08,3,87,0,0
2427,2025-09,3,56,1,0
2427,2025-10,2,,1,0
2427,2025-11,5,185,0,0
2427,2025-12,2,36,1,0
2428,2025-07,7,280,1,1
2428,2025-08,1,21,0,0
2428,2025-09,6,,1,0
2428,2025-10,5,197,0,0
2428,2025-11,5,201,4,0
2428,2025-12,6,155,1,0
2429,2025-04,19,541,0,0
2429,2025-05,20,364,0,0
2429,2025-06,16,447,0,0
2429,2025-07,8,190,0,0
2429,2025-08,18,506,0,0
2429,2025-09,23,563,0,0
2429,2025-10,22,520,0,0
2429,2025-11,19,727,0,0
2429,2025-12,19,582,0,0
2430,2025-03,10,204,8,0
2430,2025-04,10,330,4,0
2430,2025-05,6,178,1,0
2430,2025-06,8,220,2,0
2430,2025-07,5,92,0,0
2430,2025-08,15,323,8,0
2430,2025-09,5,151,0,0
2430,2025-10,4,101,1,0
2430,2025-11,6,233,5,0
2430,2025-12,6,221,3,0
2431,2025-05,4,145,0,0
2431,2025-06,5,172,0,0
2431,2025-07,5,119,0,0
2431,2025-08,5,170,0,0
2431,2025-09,8,270,0,0
2431,2025-10,1,40,0,0
2431,2025-11,5,117,0,0
2431,2025-12,5,145,0,0
2432,2025-07,0,0,0,0
2432,2025-08,0,0,0,0
2432,2025-09,1,24,0,0
2432,2025-10,0,0,0,0
2433,2025-02,2,75,0,0
2433,2025-03,4,95,0,1
2433,2025-04,1,30,0,0
2433,2025-05,3,97,0,1
2433,2025-06,4,80,1,1
2433,2025-07,1,27,0,0
2433,2025-08,0,0,0,1
2433,2025-09,0,0,0,1
2433,2025-10,0,0,0,0
2433,2025-11,0,0,0,0
2433,2025-12,0,0,0,0
2434,2025-02,6,136,0,0
2434,2025-03,12,366,0,0
2434,2025-04,14,355,0,0
2434,2025-05,10,276,0,0
2434,2025-06,8,219,0,0
2434,2025-07,7,138,0,0
2434,2025-08,7,239,0,0
2434,2025-09,15,420,0,0
2434,2025-10,8,237,0,0
2434,2025-11,6,216,0,0
2434,2025-12,5,99,0,0
2435,2025-04,3,101,1,0
2435,2025-05,0,0,0,0
2436,2024-11,0,0,0,0
2436,2024-12,2,82,0,0
2436,2025-01,1,39,0,0
2436,2025-02,0,0,0,0
2436,2025-03,0,0,0,0
2436,2025-04,1,41,0,0
2436,2025-05,0,0,0,0
2437,2025-03,6,208,0,0
3348,2025-12,1,37,0,0
2437,2025-04,4,167,0,0
2437,2025-05,11,310,0,0
2437,2025-06,6,219,0,0
2437,2025-07,5,207,0,0
2437,2025-08,10,263,0,1
2437,2025-09,10,315,0,0
2437,2025-10,9,377,0,0
2437,2025-11,6,183,0,0
2437,2025-12,8,208,0,0
2438,2024-12,10,344,2,0
2438,2025-01,2,60,1,0
2438,2025-02,1,31,0,0
2438,2025-03,1,31,0,0
2438,2025-04,1,32,1,0
2438,2025-05,4,159,0,1
2438,2025-06,2,40,1,0
2438,2025-07,0,0,0,0
2438,2025-08,4,122,1,0
2438,2025-09,3,96,2,0
2438,2025-10,0,0,0,0
2438,2025-11,0,0,0,0
2438,2025-12,3,54,0,0
2439,2025-06,4,74,5,0
2439,2025-07,2,56,0,0
2439,2025-08,3,93,2,0
2439,2025-09,5,171,0,0
2439,2025-10,3,106,0,0
2439,2025-11,3,99,0,0
2439,2025-12,4,77,0,0
2440,2025-04,1,41,1,1
2440,2025-05,1,34,1,0
2440,2025-06,1,37,0,1
2441,2025-09,8,226,4,0
2441,2025-10,7,279,1,1
2441,2025-11,7,227,2,3
2441,2025-12,8,168,2,1
2442,2025-01,2,72,1,0
2442,2025-02,13,416,8,1
2442,2025-03,6,147,1,0
2443,2025-05,2,56,0,0
2443,2025-06,2,60,1,0
2444,2025-07,0,0,0,0
2444,2025-08,3,79,0,2
2444,2025-09,3,117,0,0
2444,2025-10,2,73,0,0
2444,2025-11,2,61,0,0
2444,2025-12,1,33,0,0
2445,2025-10,11,241,0,0
2445,2025-11,4,86,0,0
2445,2025-12,12,417,0,0
2446,2025-05,2,55,1,0
2446,2025-06,2,45,1,0
2446,2025-07,1,32,1,0
2446,2025-08,0,0,0,0
2446,2025-09,2,56,0,0
2446,2025-10,1,38,0,0
2446,2025-11,0,0,0,0
2446,2025-12,1,21,2,0
2447,2024-09,8,244,1,0
2447,2024-10,15,565,4,0
2447,2024-11,12,353,3,0
2447,2024-12,16,661,2,0
2447,2025-01,12,291,4,0
2447,2025-02,9,267,2,0
2447,2025-03,18,590,6,0
2447,2025-04,10,303,3,0
2447,2025-05,13,353,4,0
2447,2025-06,6,119,4,0
2447,2025-07,10,313,3,0
2447,2025-08,9,341,1,0
2447,2025-09,5,188,0,0
2447,2025-10,9,291,4,0
2447,2025-11,10,225,2,0
2447,2025-12,9,359,1,0
2448,2025-02,15,376,0,0
2448,2025-03,10,311,0,0
2448,2025-04,6,124,0,0
2448,2025-05,11,207,0,0
2448,2025-06,12,234,0,0
2448,2025-07,3,122,0,0
2448,2025-08,15,491,0,0
2448,2025-09,13,410,0,0
2448,2025-10,8,241,0,0
2448,2025-11,6,220,0,0
2448,2025-12,14,466,0,0
2449,2025-07,3,88,2,0
2449,2025-08,1,23,1,0
2449,2025-09,4,85,1,1
2449,2025-10,3,72,2,2
2449,2025-11,1,39,0,1
2449,2025-12,3,120,2,0
2450,2024-08,3,126,0,1
2450,2024-09,5,142,0,1
2450,2024-10,6,227,0,1
2450,2024-11,1,24,0,2
2450,2024-12,0,0,0,1
2450,2025-01,2,40,0,0
2450,2025-02,5,174,0,0
2450,2025-03,3,70,0,0
2450,2025-04,1,38,0,0
2450,2025-05,5,113,0,0
2450,2025-06,2,84,0,1
2450,2025-07,4,114,0,1
2450,2025-08,1,21,0,0
2450,2025-09,2,71,0,0
2450,2025-10,4,96,0,1
2450,2025-11,4,108,0,1
2450,2025-12,1,18,0,0
2451,2025-05,6,124,1,0
2452,2024-09,4,131,4,0
2452,2024-10,5,208,1,0
2452,2024-11,7,241,4,0
2452,2024-12,7,224,5,0
2452,2025-01,7,175,1,0
2452,2025-02,6,110,3,0
2452,2025-03,4,76,0,0
2452,2025-04,5,203,1,0
2452,2025-05,7,163,1,0
2452,2025-06,4,139,2,1
2452,2025-07,6,,5,0
2452,2025-08,7,217,3,0
2452,2025-09,5,183,1,0
2452,2025-10,1,30,0,0
2452,2025-11,4,93,2,0
2453,2024-09,4,158,0,0
2453,2024-10,5,191,0,0
2453,2024-11,9,289,0,0
2453,2024-12,16,438,4,1
2453,2025-01,7,289,2,0
2453,2025-02,8,156,2,0
2453,2025-03,10,234,2,0
2453,2025-04,5,100,3,0
2453,2025-05,13,429,7,0
2453,2025-06,4,111,0,0
2453,2025-07,9,254,5,0
2453,2025-08,7,237,1,0
2453,2025-09,7,144,3,0
2453,2025-10,11,274,1,0
2453,2025-11,3,70,4,0
2453,2025-12,5,116,1,0
2454,2025-01,0,0,0,0
2454,2025-02,0,0,0,0
2454,2025-03,4,144,5,0
2454,2025-04,1,35,0,0
2454,2025-05,1,36,0,1
2454,2025-06,0,0,0,0
2455,2024-09,2,38,1,0
2455,2024-10,1,27,0,0
2455,2024-11,0,0,0,0
2455,2024-12,0,0,0,0
2456,2025-05,1,34,0,0
2456,2025-06,2,55,0,0
2456,2025-07,0,0,0,0
2456,2025-08,0,0,0,0
2456,2025-09,0,0,0,0
2456,2025-10,1,35,0,1
2457,2024-09,11,219,0,0
2457,2024-10,13,277,0,0
2457,2024-11,11,364,0,0
2457,2024-12,4,161,0,1
2457,2025-01,6,227,0,0
2457,2025-02,16,482,0,0
2457,2025-03,13,274,0,0
2457,2025-04,11,254,0,0
2457,2025-05,11,327,0,0
2457,2025-06,12,481,0,0
2457,2025-07,13,256,0,3
2457,2025-08,13,333,0,1
2457,2025-09,9,271,0,0
2457,2025-10,15,558,0,0
2457,2025-11,15,390,0,1
2457,2025-12,7,266,0,1
2458,2025-08,2,41,0,0
2458,2025-09,3,72,0,0
2458,2025-10,1,31,0,0
2458,2025-11,0,0,0,0
2458,2025-12,0,0,0,0
2459,2024-08,16,471,0,0
2459,2024-09,5,209,0,0
2459,2024-10,11,432,0,0
2459,2024-11,7,230,0,0
2459,2024-12,9,167,0,0
2459,2025-01,7,293,0,0
2459,2025-02,10,258,0,0
2460,2025-04,2,67,2,0
2460,2025-05,1,,0,0
2460,2025-06,4,160,2,0
2460,2025-07,0,0,0,0
2460,2025-08,2,38,1,0
2460,2025-09,7,205,1,0
2460,2025-10,4,122,1,0
2460,2025-11,0,0,0,0
2460,2025-12,3,60,0,0
2461,2025-07,5,137,3,0
2461,2025-08,1,19,0,0
2461,2025-09,0,0,0,0
2461,2025-10,1,,1,0
2461,2025-11,3,72,1,0
2461,2025-12,2,83,0,0
2462,2024-09,1,19,0,0
2462,2024-10,4,142,0,0
2462,2024-11,1,36,0,0
2462,2024-12,3,86,0,0
2462,2025-01,0,0,0,0
2462,2025-02,3,106,0,0
2462,2025-03,3,73,0,0
2462,2025-04,1,26,0,0
2462,2025-05,1,22,0,0
2462,2025-06,0,0,0,0
2462,2025-07,0,0,0,1
2462,2025-08,0,0,0,1
2462,2025-09,1,27,0,0
2462,2025-10,0,0,0,0
2462,2025-11,0,0,0,1
2462,2025-12,1,26,0,0
2463,2025-03,9,314,1,0
2463,2025-04,10,416,2,0
2463,2025-05,11,274,5,0
2463,2025-06,9,297,3,0
2463,2025-07,11,310,3,0
2463,2025-08,14,552,2,0
2463,2025-09,8,213,4,0
2464,2024-11,4,96,1,0
2464,2024-12,5,189,1,0
2464,2025-01,11,259,2,0
2465,2024-10,6,194,1,0
2465,2024-11,9,289,2,0
2465,2024-12,9,286,4,0
2465,2025-01,6,242,3,0
2465,2025-02,10,210,3,0
2465,2025-03,11,399,5,0
2465,2025-04,9,337,6,0
2465,2025-05,4,115,0,0
2465,2025-06,5,207,2,0
2465,2025-07,6,197,0,0
2465,2025-08,7,245,2,0
2465,2025-09,10,206,0,0
2465,2025-10,4,94,1,0
2465,2025-11,9,221,3,0
2465,2025-12,5,183,1,0
2466,2025-02,3,97,0,0
2467,2024-09,2,69,1,0
2467,2024-10,5,173,3,0
2467,2024-11,4,96,0,0
2467,2024-12,7,287,3,0
2467,2025-01,3,123,1,0
2467,2025-02,5,195,3,0
2467,2025-03,6,231,5,0
2467,2025-04,3,121,3,0
2467,2025-05,4,138,1,0
2467,2025-06,5,174,0,0
2467,2025-07,3,99,1,0
2467,2025-08,5,183,1,0
2467,2025-09,1,33,0,0
2467,2025-10,4,98,2,0
2467,2025-11,8,225,3,0
2467,2025-12,2,50,0,0
2468,2025-07,9,332,2,0
2468,2025-08,18,466,5,0
2468,2025-09,6,160,4,0
2468,2025-10,11,423,2,0
2468,2025-11,10,383,5,0
2468,2025-12,13,418,5,0
2469,2024-12,7,260,4,0
2469,2025-01,4,107,2,0
2469,2025-02,6,167,2,0
2469,2025-03,6,204,3,1
2469,2025-04,3,74,1,0
2469,2025-05,3,121,0,1
2469,2025-06,3,92,2,1
2469,2025-07,1,25,0,0
2469,2025-08,2,60,0,0
2469,2025-09,5,198,0,0
2469,2025-10,1,26,1,0
2469,2025-11,2,53,0,2
2470,2025-10,4,88,1,0
2470,2025-11,9,187,3,0
2470,2025-12,5,105,5,0
2471,2025-09,0,0,0,0
2471,2025-10,1,39,1,0
2471,2025-11,1,26,0,0
2471,2025-12,3,77,1,0
2472,2024-09,3,82,0,0
2472,2024-10,1,36,0,1
2472,2024-11,5,210,0,0
2472,2024-12,0,0,0,0
2472,2025-01,1,41,0,0
2472,2025-02,1,22,0,0
2472,2025-03,1,24,0,0
2472,2025-04,3,76,0,0
2472,2025-05,1,27,0,0
2472,2025-06,2,51,0,0
2472,2025-07,1,23,0,1
2472,2025-08,0,0,0,0
2472,2025-09,0,0,0,0
2472,2025-10,0,0,0,0
2473,2025-03,1,32,0,0
2473,2025-04,1,27,0,1
2473,2025-05,1,38,0,1
2474,2024-12,3,84,1,0
2474,2025-01,2,40,0,0
2474,2025-02,2,39,1,0
2475,2024-11,5,194,0,0
2475,2024-12,3,76,0,0
2475,2025-01,2,75,0,0
2475,2025-02,5,144,0,0
2475,2025-03,10,265,0,0
2475,2025-04,5,163,0,0
2475,2025-05,3,98,0,0
2475,2025-06,4,167,0,0
2475,2025-07,5,110,0,0
2475,2025-08,4,103,0,0
2475,2025-09,4,,0,0
2475,2025-10,7,235,0,0
2475,2025-11,3,97,0,0
2475,2025-12,3,87,0,0
2476,2025-08,7,278,0,0
2476,2025-09,4,73,1,0
2476,2025-10,9,295,6,0
2476,2025-11,2,,1,0
2477,2025-06,3,70,0,2
2477,2025-07,5,170,0,0
2478,2025-07,1,33,0,0
2478,2025-08,4,134,0,0
2478,2025-09,2,57,0,0
2478,2025-10,3,77,0,0
2478,2025-11,3,71,0,0
2478,2025-12,0,0,0,1
2479,2025-08,1,41,0,1
2479,2025-09,2,57,0,0
2479,2025-10,1,27,0,0
3873,2025-09,1,36,0,0
2479,2025-11,0,0,0,1
2479,2025-12,0,0,0,1
2480,2025-06,2,56,0,0
2480,2025-07,2,72,0,0
2480,2025-08,0,0,0,0
2481,2025-02,9,368,0,1
2481,2025-03,9,281,0,0
2481,2025-04,6,177,0,0
2481,2025-05,9,249,0,0
2481,2025-06,14,426,0,0
2481,2025-07,9,365,0,0
2481,2025-08,9,274,0,0
2481,2025-09,9,174,0,0
2481,2025-10,14,547,0,0
2481,2025-11,7,162,0,0
2481,2025-12,6,184,0,0
2482,2025-08,1,19,0,0
2482,2025-09,3,111,1,0
2482,2025-10,0,0,0,0
2482,2025-11,2,60,1,0
2482,2025-12,0,0,0,1
2483,2025-07,4,98,1,1
2483,2025-08,1,25,1,1
2483,2025-09,2,54,0,1
2483,2025-10,3,91,0,1
2483,2025-11,1,38,1,0
2483,2025-12,2,63,1,0
2484,2025-06,4,75,0,0
2484,2025-07,3,54,0,0
2484,2025-08,2,65,0,0
2484,2025-09,5,114,0,0
2484,2025-10,6,140,0,1
2484,2025-11,4,101,0,0
2484,2025-12,2,47,0,1
2485,2024-12,5,99,0,0
2485,2025-01,8,231,0,0
2485,2025-02,17,631,0,0
2485,2025-03,4,87,0,0
2485,2025-04,6,176,0,0
2485,2025-05,16,353,0,1
2485,2025-06,8,243,0,0
2485,2025-07,3,83,0,0
2485,2025-08,5,155,0,0
2485,2025-09,7,250,0,0
2485,2025-10,4,164,0,0
2485,2025-11,5,191,0,1
2485,2025-12,8,312,0,1
2486,2024-12,0,0,0,1
2486,2025-01,5,176,1,1
2487,2024-12,1,31,0,0
2487,2025-01,0,0,0,0
2487,2025-02,1,27,0,0
2487,2025-03,0,0,0,1
2487,2025-04,4,74,0,0
2487,2025-05,1,41,0,1
2487,2025-06,0,0,0,0
2487,2025-07,1,19,0,0
2487,2025-08,1,33,0,1
2487,2025-09,1,25,0,0
2487,2025-10,0,0,0,0
2487,2025-11,0,0,0,0
2487,2025-12,0,0,0,1
2488,2024-09,4,129,2,0
2488,2024-10,2,80,0,0
2488,2024-11,2,79,2,0
2489,2025-06,4,77,1,0
2489,2025-07,5,141,0,0
2489,2025-08,7,220,2,0
2489,2025-09,7,197,1,0
2489,2025-10,7,201,2,0
2489,2025-11,3,76,1,0
2490,2025-04,1,19,0,0
2490,2025-05,6,194,0,0
2490,2025-06,5,127,0,0
2490,2025-07,3,58,0,0
2490,2025-08,6,220,0,0
2490,2025-09,0,0,0,0
2490,2025-10,1,34,0,0
2490,2025-11,1,25,0,0
2490,2025-12,4,104,0,1
2491,2025-04,4,85,1,0
2491,2025-05,3,110,0,0
2491,2025-06,5,130,1,0
2491,2025-07,8,238,0,0
2491,2025-08,9,328,3,0
2491,2025-09,6,244,3,0
2491,2025-10,5,92,1,0
2491,2025-11,12,486,1,0
2491,2025-12,12,417,6,0
2492,2025-06,5,192,1,0
2492,2025-07,8,151,1,0
2492,2025-08,10,296,4,0
2492,2025-09,8,157,2,0
2492,2025-10,7,155,2,0
2492,2025-11,9,195,0,0
2492,2025-12,8,250,3,0
2493,2025-03,0,,0,1
2493,2025-04,0,,0,0
2493,2025-05,1,30,0,0
2493,2025-06,1,21,0,0
2493,2025-07,2,57,0,1
2493,2025-08,0,0,0,1
2493,2025-09,0,0,0,0
2493,2025-10,2,68,0,0
2493,2025-11,0,0,0,1
2494,2025-10,8,184,0,0
2494,2025-11,5,198,0,1
2494,2025-12,2,67,0,0
2495,2025-01,2,47,0,0
2495,2025-02,3,122,0,0
2495,2025-03,2,49,0,0
2496,2025-07,2,83,1,0
2496,2025-08,0,0,0,0
2496,2025-09,3,62,1,0
2496,2025-10,7,148,3,0
2496,2025-11,5,103,2,0
2496,2025-12,7,169,4,0
2497,2025-09,1,36,0,0
2497,2025-10,3,117,0,1
2497,2025-11,6,167,0,0
2497,2025-12,2,41,0,0
2498,2025-10,23,614,0,0
2498,2025-11,12,269,0,0
2498,2025-12,26,,0,1
2499,2024-09,5,160,1,1
2499,2024-10,1,38,0,0
2499,2024-11,4,124,0,0
2500,2025-07,2,70,2,0
2500,2025-08,6,215,4,0
2500,2025-09,10,282,4,0
2500,2025-10,5,143,1,0
2500,2025-11,8,323,4,0
2500,2025-12,6,159,1,0
2501,2024-12,7,246,4,1
2501,2025-01,8,165,6,0
2501,2025-02,2,38,3,0
2501,2025-03,7,257,2,0
2501,2025-04,7,196,5,0
2501,2025-05,6,236,3,0
2502,2025-07,3,57,1,0
2502,2025-08,3,80,4,0
2502,2025-09,3,55,0,0
2502,2025-10,5,102,1,0
2502,2025-11,4,79,0,0
2502,2025-12,7,283,7,0
2503,2025-10,5,158,1,0
2503,2025-11,5,199,1,0
2503,2025-12,7,227,1,0
2504,2025-08,9,263,0,0
2504,2025-09,7,233,0,0
2504,2025-10,7,238,0,0
2504,2025-11,3,76,0,0
2504,2025-12,3,114,0,1
2505,2025-04,6,127,0,0
2505,2025-05,10,242,0,0
2505,2025-06,7,171,0,0
2505,2025-07,5,176,0,0
2505,2025-08,9,335,0,0
2505,2025-09,6,143,0,0
2505,2025-10,7,182,0,0
2505,2025-11,5,92,0,0
2505,2025-12,2,62,0,0
2506,2025-08,4,91,0,0
2506,2025-09,5,101,0,0
2506,2025-10,1,30,0,0
2506,2025-11,1,19,0,0
2506,2025-12,2,71,0,0
2507,2025-05,0,0,0,0
2507,2025-06,1,,0,0
2508,2025-06,0,0,0,0
2508,2025-07,2,71,0,0
2508,2025-08,0,0,0,0
2508,2025-09,5,155,1,0
2508,2025-10,1,20,0,0
2508,2025-11,0,0,0,0
2508,2025-12,0,0,0,0
2509,2025-03,1,31,0,0
2509,2025-04,4,101,0,0
2509,2025-05,4,105,0,0
2509,2025-06,3,113,0,0
2509,2025-07,5,145,0,0
2509,2025-08,5,144,0,0
2509,2025-09,1,37,0,0
2509,2025-10,7,239,0,1
2509,2025-11,5,113,0,1
2510,2025-10,1,34,1,0
2510,2025-11,6,112,1,0
2510,2025-12,6,222,1,0
2511,2024-11,1,35,0,0
2511,2024-12,1,24,0,0
2511,2025-01,0,0,0,0
2511,2025-02,1,25,0,0
2511,2025-03,0,0,0,0
2511,2025-04,0,0,0,0
2511,2025-05,0,0,0,0
2511,2025-06,1,39,0,0
2512,2025-05,16,638,5,0
2512,2025-06,9,242,1,0
2512,2025-07,12,388,1,0
2512,2025-08,15,548,7,0
2512,2025-09,9,293,2,0
2512,2025-10,8,193,3,0
2512,2025-11,13,479,2,0
2512,2025-12,8,199,1,0
2513,2024-12,5,161,1,0
2513,2025-01,5,160,2,0
2513,2025-02,1,32,0,0
2513,2025-03,7,127,0,0
2513,2025-04,5,178,4,0
2513,2025-05,6,146,0,0
2513,2025-06,6,245,1,0
2513,2025-07,5,170,1,0
2513,2025-08,5,199,1,0
2513,2025-09,7,219,0,0
2513,2025-10,8,256,0,0
2513,2025-11,5,161,1,0
2513,2025-12,3,93,1,0
2514,2025-07,4,105,3,1
2514,2025-08,8,277,3,0
2514,2025-09,5,166,1,0
2514,2025-10,6,159,3,0
2514,2025-11,9,338,5,0
2514,2025-12,6,158,5,0
2515,2025-06,0,0,0,0
2515,2025-07,2,56,0,0
2515,2025-08,1,29,0,0
2515,2025-09,3,63,0,0
2515,2025-10,0,0,0,0
2515,2025-11,2,46,0,0
2516,2024-07,7,133,2,0
2516,2024-08,14,394,5,0
2516,2024-09,9,321,1,0
2516,2024-10,2,43,1,0
2516,2024-11,6,169,0,0
2516,2024-12,11,423,1,1
2516,2025-01,14,515,3,0
2516,2025-02,7,159,1,0
2516,2025-03,7,208,4,0
2516,2025-04,11,328,0,0
2516,2025-05,10,268,1,0
2516,2025-06,12,270,3,0
2516,2025-07,6,201,5,0
2516,2025-08,4,116,1,0
2516,2025-09,9,292,1,1
2516,2025-10,4,92,2,0
2516,2025-11,10,239,1,0
2516,2025-12,6,125,1,0
2517,2024-07,5,166,4,0
2517,2024-08,2,80,1,0
2517,2024-09,4,80,3,0
2517,2024-10,3,67,1,0
2517,2024-11,5,132,1,1
2517,2024-12,8,219,4,0
2517,2025-01,6,213,4,1
2517,2025-02,3,65,2,0
2517,2025-03,5,149,3,1
2517,2025-04,5,108,0,0
2517,2025-05,5,95,3,0
2517,2025-06,2,40,1,0
2517,2025-07,2,69,2,0
2517,2025-08,1,38,1,0
2517,2025-09,6,202,3,0
2517,2025-10,10,266,5,0
2517,2025-11,2,55,0,0
2517,2025-12,6,112,2,0
2518,2024-09,2,46,0,0
2518,2024-10,5,120,3,0
2518,2024-11,1,29,0,0
2518,2024-12,2,71,1,0
2518,2025-01,3,104,0,0
2518,2025-02,1,37,0,0
2518,2025-03,0,0,0,0
2518,2025-04,1,41,0,0
2518,2025-05,2,40,1,0
2518,2025-06,0,0,0,0
2518,2025-07,0,,0,0
2518,2025-08,0,0,0,0
2519,2025-03,4,149,0,0
2519,2025-04,6,226,0,0
2519,2025-05,2,81,0,1
2519,2025-06,2,,0,0
2519,2025-07,3,113,0,0
2519,2025-08,2,63,0,0
2520,2024-08,1,21,0,0
2520,2024-09,4,80,1,0
2520,2024-10,8,209,6,0
2520,2024-11,1,32,0,0
2520,2024-12,3,123,1,0
2520,2025-01,3,97,1,0
2520,2025-02,6,130,5,0
2520,2025-03,1,28,0,0
2520,2025-04,5,173,2,1
2520,2025-05,5,185,1,1
2520,2025-06,1,27,1,0
2520,2025-07,10,220,1,1
2521,2025-06,0,0,0,0
2521,2025-07,0,0,0,1
2521,2025-08,4,75,0,0
2521,2025-09,1,25,0,1
2521,2025-10,1,35,0,1
2521,2025-11,0,0,0,0
2521,2025-12,0,0,0,0
2522,2025-05,6,247,0,0
2522,2025-06,6,174,0,0
2522,2025-07,4,110,0,0
2522,2025-08,1,26,0,0
2522,2025-09,5,111,0,0
2522,2025-10,2,64,0,0
2522,2025-11,9,172,0,0
2522,2025-12,4,118,0,0
2523,2024-10,5,157,0,0
2523,2024-11,3,100,0,0
2523,2024-12,5,94,0,0
2523,2025-01,4,139,0,0
2523,2025-02,6,210,0,0
2523,2025-03,6,143,0,1
2523,2025-04,7,199,0,0
2523,2025-05,4,98,0,1
2523,2025-06,1,20,0,0
2523,2025-07,5,97,0,1
2523,2025-08,2,75,0,2
2523,2025-09,4,99,0,0
2524,2025-04,1,29,0,0
2524,2025-05,6,244,0,0
2524,2025-06,2,80,0,0
2524,2025-07,3,66,0,0
2524,2025-08,1,40,0,0
2524,2025-09,3,89,0,0
2524,2025-10,3,125,0,0
2524,2025-11,1,20,0,0
2524,2025-12,1,36,0,0
2525,2025-04,1,34,0,0
2525,2025-05,0,0,0,0
2525,2025-06,0,0,0,0
2525,2025-07,1,28,0,0
2525,2025-08,2,83,1,0
2525,2025-09,0,0,0,0
2525,2025-10,1,39,1,0
2526,2024-10,0,0,0,0
2526,2024-11,3,112,2,0
2526,2024-12,2,77,0,0
2526,2025-01,4,117,1,0
2526,2025-02,2,66,0,0
2526,2025-03,7,263,4,0
2527,2025-08,5,130,2,0
2527,2025-09,8,286,4,0
2527,2025-10,7,156,1,0
2527,2025-11,9,200,5,1
2527,2025-12,10,222,3,1
2528,2025-07,1,42,0,0
2528,2025-08,3,65,0,0
2528,2025-09,1,31,0,0
2528,2025-10,2,82,0,0
2528,2025-11,0,0,0,0
2529,2025-10,0,0,0,0
2529,2025-11,1,25,0,0
2529,2025-12,0,0,0,0
2530,2024-07,2,67,0,0
2530,2024-08,6,,2,0
2530,2024-09,9,273,1,0
2530,2024-10,3,,2,0
2530,2024-11,4,126,2,0
2530,2024-12,6,128,3,0
2530,2025-01,1,21,0,0
2530,2025-02,5,131,0,0
2530,2025-03,4,88,1,0
2530,2025-04,3,75,2,0
2530,2025-05,5,207,0,0
2530,2025-06,9,347,0,1
2531,2024-07,3,101,0,0
2531,2024-08,0,0,0,0
2531,2024-09,0,0,0,0
2531,2024-10,0,0,0,0
2531,2024-11,1,28,0,0
2531,2024-12,2,51,0,1
2531,2025-01,0,0,0,0
2531,2025-02,0,0,0,0
2531,2025-03,0,0,0,1
2532,2024-07,4,139,0,0
2532,2024-08,2,53,0,1
2532,2024-09,4,142,0,0
2532,2024-10,2,71,0,2
2533,2025-05,9,243,9,0
2533,2025-06,1,18,0,0
2533,2025-07,2,38,1,0
2533,2025-08,5,183,4,0
2533,2025-09,1,21,1,0
2533,2025-10,3,122,2,0
2533,2025-11,0,0,0,0
2533,2025-12,1,30,0,0
2534,2025-09,6,116,0,0
2534,2025-10,4,130,0,0
2534,2025-11,2,38,0,0
2534,2025-12,8,329,0,0
2535,2024-11,8,,0,0
2535,2024-12,10,341,0,0
2535,2025-01,7,208,0,0
2535,2025-02,7,217,0,0
2535,2025-03,9,272,0,0
2535,2025-04,11,401,0,0
2535,2025-05,5,196,0,0
2535,2025-06,7,190,0,0
2535,2025-07,13,279,0,0
2535,2025-08,12,363,0,0
2535,2025-09,11,326,0,1
2535,2025-10,5,158,0,0
2535,2025-11,11,318,0,0
2535,2025-12,1,34,0,1
2536,2025-01,2,54,1,0
2536,2025-02,2,67,2,0
2536,2025-03,4,139,2,0
2537,2024-12,7,196,2,1
2537,2025-01,7,,3,1
2537,2025-02,6,123,5,0
2537,2025-03,6,118,3,0
2537,2025-04,7,205,2,1
2537,2025-05,11,362,9,0
2537,2025-06,5,96,2,2
2537,2025-07,7,236,3,0
2537,2025-08,8,186,4,0
2537,2025-09,3,75,0,1
2537,2025-10,6,118,2,1
2537,2025-11,4,108,7,0
2537,2025-12,4,128,2,1
2538,2025-08,11,418,0,0
2538,2025-09,8,274,0,1
2538,2025-10,9,357,0,0
2538,2025-11,4,82,0,0
2538,2025-12,6,128,0,1
2539,2025-10,1,33,0,0
2540,2025-10,0,0,0,0
2540,2025-11,2,54,1,0
2540,2025-12,2,60,1,0
2541,2025-10,3,56,0,0
2541,2025-11,2,70,0,0
2541,2025-12,1,39,0,0
2542,2025-03,2,58,1,0
2542,2025-04,3,122,4,0
2542,2025-05,5,189,0,0
2542,2025-06,4,138,3,0
2542,2025-07,5,172,3,0
2542,2025-08,7,229,4,0
2542,2025-09,7,260,6,0
2542,2025-10,2,63,2,0
2542,2025-11,2,64,1,1
2542,2025-12,6,173,4,0
2543,2025-03,1,33,1,0
2544,2025-04,4,,0,0
2544,2025-05,10,258,0,0
2544,2025-06,4,97,0,0
2544,2025-07,1,41,0,0
2544,2025-08,6,248,0,0
2544,2025-09,5,157,0,0
2544,2025-10,5,172,0,0
2544,2025-11,3,85,0,0
2544,2025-12,10,308,0,0
2545,2024-09,6,249,1,0
2545,2024-10,8,317,3,0
2546,2024-07,3,54,3,0
2547,2025-03,0,0,0,0
2547,2025-04,4,99,1,0
2547,2025-05,0,0,0,0
2548,2025-09,1,35,0,0
2548,2025-10,4,119,1,0
2548,2025-11,2,68,1,0
2548,2025-12,0,0,0,0
2549,2024-08,11,206,0,0
2549,2024-09,5,146,0,0
2549,2024-10,3,64,0,0
2549,2024-11,4,94,0,0
2549,2024-12,5,179,0,0
2549,2025-01,9,178,0,0
2550,2024-11,7,235,0,0
2550,2024-12,8,242,0,0
2550,2025-01,13,495,0,0
2550,2025-02,10,299,0,0
2550,2025-03,9,339,0,0
2550,2025-04,9,290,0,0
2550,2025-05,17,466,0,1
2550,2025-06,9,164,0,0
2550,2025-07,11,317,0,0
2550,2025-08,9,264,0,0
2550,2025-09,9,184,0,0
2550,2025-10,7,289,0,0
2550,2025-11,12,242,0,0
2550,2025-12,13,463,0,0
2551,2025-10,1,39,0,0
2551,2025-11,7,234,0,0
2551,2025-12,10,272,0,0
2552,2024-11,19,733,0,0
2552,2024-12,15,582,0,0
2552,2025-01,25,846,0,0
2552,2025-02,18,664,0,0
2552,2025-03,15,342,0,0
2552,2025-04,15,361,0,0
2552,2025-05,18,456,0,0
2552,2025-06,16,536,0,0
2552,2025-07,20,756,0,0
2552,2025-08,16,504,0,0
2552,2025-09,14,292,0,0
2552,2025-10,17,653,0,0
2552,2025-11,13,453,0,0
2552,2025-12,15,401,0,1
2553,2025-06,5,123,3,0
2553,2025-07,6,233,1,0
2553,2025-08,9,309,5,0
2553,2025-09,8,,4,0
2553,2025-10,6,246,2,0
2553,2025-11,7,219,1,0
2553,2025-12,10,274,1,0
2554,2024-08,3,112,0,0
2554,2024-09,3,76,0,0
2554,2024-10,0,0,0,0
2554,2024-11,3,126,0,0
2554,2024-12,2,51,0,0
2554,2025-01,1,30,0,0
2554,2025-02,1,37,1,0
2554,2025-03,1,39,1,0
2554,2025-04,0,0,0,0
2554,2025-05,0,0,0,0
2554,2025-06,2,52,0,0
2554,2025-07,0,0,0,0
2554,2025-08,0,0,0,0
2554,2025-09,1,39,1,0
2555,2025-03,5,158,2,0
2555,2025-04,5,112,0,0
2555,2025-05,5,112,0,0
2555,2025-06,4,104,0,0
2555,2025-07,5,184,2,0
2555,2025-08,8,313,0,1
2555,2025-09,8,230,3,0
2555,2025-10,3,81,1,2
2555,2025-11,6,217,0,0
2555,2025-12,6,226,1,0
2556,2025-03,11,279,0,0
2556,2025-04,8,,0,0
2556,2025-05,5,172,0,0
2557,2025-07,2,39,0,0
2557,2025-08,1,29,0,0
2557,2025-09,1,35,0,0
2557,2025-10,1,31,0,0
2557,2025-11,1,30,0,0
2557,2025-12,1,40,0,0
2558,2024-08,12,495,0,0
2558,2024-09,7,218,0,0
2558,2024-10,20,538,0,0
2558,2024-11,13,446,0,0
2558,2024-12,14,553,0,0
2558,2025-01,15,445,0,0
2558,2025-02,11,266,0,1
2558,2025-03,15,596,0,0
2558,2025-04,14,493,0,0
2558,2025-05,13,345,0,0
2558,2025-06,14,282,0,0
2558,2025-07,10,252,0,0
2558,2025-08,8,277,0,0
2558,2025-09,13,408,0,0
2558,2025-10,6,208,0,1
2559,2024-11,1,26,0,1
2560,2025-05,1,18,1,0
2560,2025-06,1,22,0,0
2560,2025-07,1,26,0,0
2561,2025-01,4,161,0,0
2561,2025-02,4,85,0,0
2561,2025-03,4,93,0,1
2561,2025-04,5,106,0,2
2562,2025-08,4,119,0,0
2562,2025-09,3,115,0,0
2562,2025-10,1,33,0,0
2562,2025-11,3,118,0,0
2562,2025-12,1,42,0,1
2563,2024-11,5,161,2,0
2563,2024-12,10,189,3,1
2563,2025-01,4,144,1,0
2563,2025-02,4,89,2,0
2563,2025-03,3,118,0,0
2564,2024-12,2,79,0,1
2564,2025-01,4,141,0,2
2564,2025-02,4,112,0,0
2564,2025-03,1,33,0,0
2564,2025-04,5,186,0,0
2564,2025-05,4,140,0,1
2564,2025-06,3,99,0,0
2564,2025-07,1,37,0,0
2564,2025-08,0,0,0,1
2564,2025-09,1,24,0,1
2564,2025-10,3,95,0,0
2564,2025-11,2,56,0,1
2564,2025-12,0,0,0,0
2565,2025-03,6,148,0,0
2565,2025-04,1,34,0,0
2565,2025-05,3,68,0,1
2565,2025-06,4,123,0,0
2565,2025-07,2,79,0,1
2565,2025-08,1,22,0,1
2565,2025-09,4,142,0,0
2565,2025-10,1,37,0,0
2565,2025-11,5,138,0,0
2565,2025-12,3,67,0,0
2566,2025-06,8,247,1,0
2566,2025-07,6,237,0,0
2566,2025-08,10,352,2,0
2566,2025-09,15,348,4,0
2566,2025-10,13,455,4,0
2566,2025-11,14,412,2,0
2566,2025-12,10,260,1,1
2567,2024-11,2,56,0,0
2567,2024-12,3,93,0,0
2567,2025-01,1,27,0,0
2567,2025-02,1,24,0,0
2567,2025-03,0,0,0,0
2567,2025-04,3,71,0,0
2567,2025-05,0,0,0,0
2567,2025-06,3,125,0,0
2567,2025-07,0,0,0,0
2567,2025-08,1,26,0,0
2567,2025-09,0,0,0,0
2567,2025-10,0,0,0,0
2568,2024-09,0,0,0,0
2568,2024-10,3,64,1,0
2568,2024-11,3,111,5,0
2568,2024-12,2,70,1,0
2568,2025-01,0,0,0,0
2568,2025-02,1,32,2,0
2568,2025-03,4,153,0,0
2568,2025-04,0,0,0,0
2568,2025-05,3,55,2,0
2568,2025-06,0,0,0,1
2569,2025-01,1,35,0,0
2569,2025-02,1,26,1,0
2569,2025-03,3,99,0,0
2569,2025-04,2,76,2,0
2569,2025-05,2,56,0,0
2569,2025-06,3,100,0,0
2569,2025-07,1,19,0,0
2569,2025-08,1,32,0,0
2569,2025-09,2,44,0,0
2569,2025-10,0,0,0,0
2569,2025-11,1,28,2,0
2569,2025-12,0,0,0,0
2570,2025-03,4,107,0,0
2570,2025-04,6,113,0,0
2570,2025-05,4,147,0,0
2570,2025-06,9,318,0,0
2570,2025-07,2,51,0,0
2570,2025-08,6,171,0,0
2570,2025-09,1,37,0,0
2570,2025-10,5,127,0,1
2570,2025-11,11,261,0,0
2570,2025-12,4,99,0,0
2571,2025-03,14,440,4,0
2571,2025-04,22,776,5,0
2571,2025-05,18,591,3,0
2571,2025-06,12,222,3,0
2571,2025-07,12,498,3,0
2571,2025-08,20,838,5,0
2571,2025-09,12,395,5,1
2571,2025-10,19,362,4,1
2571,2025-11,12,289,1,0
2572,2024-08,0,0,0,0
2573,2025-04,4,142,0,0
2573,2025-05,0,0,0,0
2573,2025-06,2,48,0,1
2573,2025-07,3,107,0,0
2573,2025-08,1,,0,1
2574,2025-06,5,92,2,0
2574,2025-07,8,148,5,0
2574,2025-08,3,91,4,0
2574,2025-09,3,118,1,0
2574,2025-10,2,80,1,0
2574,2025-11,4,164,1,0
2574,2025-12,5,110,4,0
2575,2024-09,6,163,0,0
2575,2024-10,13,256,0,0
2575,2024-11,9,278,0,1
2575,2024-12,8,259,0,0
2575,2025-01,6,199,0,0
2575,2025-02,7,218,0,1
2576,2025-04,5,107,0,0
2576,2025-05,5,122,0,0
2576,2025-06,0,0,0,0
2576,2025-07,1,31,0,0
2576,2025-08,1,30,0,0
2576,2025-09,1,30,0,0
2576,2025-10,3,113,0,0
2576,2025-11,2,60,0,0
2576,2025-12,0,0,0,0
2577,2025-09,10,302,0,0
2577,2025-10,8,311,0,1
2577,2025-11,11,221,0,0
2577,2025-12,11,260,0,0
2578,2024-08,1,40,0,1
2579,2025-01,0,0,0,0
2580,2025-08,2,53,0,0
2580,2025-09,6,161,4,0
2580,2025-10,2,44,1,0
2580,2025-11,5,152,1,0
2580,2025-12,5,133,1,0
2581,2025-08,3,103,0,0
2581,2025-09,4,120,0,0
2581,2025-10,2,64,0,0
2581,2025-11,2,66,0,0
2581,2025-12,1,22,0,0
2582,2024-09,3,77,0,1
2583,2025-06,7,265,0,0
2583,2025-07,5,189,0,0
2583,2025-08,4,95,0,0
2583,2025-09,1,24,0,1
2583,2025-10,4,92,0,1
2584,2024-12,3,75,0,0
2584,2025-01,3,115,0,0
2584,2025-02,3,88,0,0
2584,2025-03,2,64,0,0
2584,2025-04,0,0,0,0
2584,2025-05,3,104,0,0
2584,2025-06,1,24,0,0
2584,2025-07,0,0,0,0
2584,2025-08,1,27,0,0
2584,2025-09,1,25,0,0
2584,2025-10,1,18,0,0
1813,2025-05,14,460,0,0
2584,2025-11,0,0,0,0
2585,2024-09,2,53,0,0
2585,2024-10,0,0,0,0
2585,2024-11,1,34,0,0
2585,2024-12,2,70,3,0
2585,2025-01,1,23,0,0
2585,2025-02,1,29,0,1
2585,2025-03,1,34,1,0
2585,2025-04,0,0,0,0
2585,2025-05,1,35,0,1
2585,2025-06,0,,0,0
2586,2025-06,5,133,0,0
2586,2025-07,5,113,0,0
2586,2025-08,3,58,0,0
2586,2025-09,4,95,0,1
2587,2025-04,1,31,0,0
2587,2025-05,3,93,0,0
2587,2025-06,2,73,0,0
2587,2025-07,0,0,0,0
2588,2024-08,2,63,0,0
2588,2024-09,4,79,2,0
2588,2024-10,2,39,0,0
2588,2024-11,5,96,3,0
2588,2024-12,5,94,9,0
2588,2025-01,6,169,4,0
2588,2025-02,5,91,1,0
2588,2025-03,3,98,2,0
2588,2025-04,4,104,1,0
2589,2025-06,2,52,0,0
2589,2025-07,6,176,3,0
2589,2025-08,6,188,2,0
2589,2025-09,5,187,4,0
2589,2025-10,2,68,1,0
2589,2025-11,6,199,4,0
2589,2025-12,3,,3,0
2590,2025-08,11,298,0,0
2590,2025-09,12,408,0,0
2590,2025-10,17,662,0,0
2590,2025-11,16,326,0,0
2590,2025-12,12,259,0,0
2591,2025-10,5,161,0,0
2591,2025-11,7,241,0,0
2591,2025-12,5,173,0,0
2592,2025-03,1,19,0,0
2592,2025-04,1,37,1,0
2592,2025-05,0,0,0,0
2592,2025-06,0,0,0,0
2592,2025-07,0,0,0,0
2592,2025-08,0,0,0,0
2592,2025-09,1,19,1,0
2592,2025-10,0,0,0,0
2592,2025-11,0,0,0,0
2592,2025-12,0,0,0,0
2593,2024-08,1,26,0,0
2593,2024-09,3,75,1,1
2593,2024-10,5,157,1,0
2593,2024-11,1,33,0,0
2593,2024-12,4,135,2,0
2593,2025-01,1,22,0,0
2593,2025-02,3,70,1,1
2593,2025-03,4,155,0,1
2593,2025-04,3,105,0,0
2593,2025-05,1,19,0,0
2593,2025-06,4,101,0,0
2593,2025-07,1,39,0,1
2594,2025-10,1,34,0,0
2594,2025-11,1,18,1,0
2594,2025-12,3,101,1,0
2595,2024-10,2,68,0,2
2595,2024-11,0,0,0,0
2595,2024-12,2,70,0,0
2595,2025-01,1,31,0,0
2595,2025-02,1,19,0,0
2595,2025-03,3,70,0,0
2595,2025-04,1,22,0,0
2595,2025-05,0,,0,1
2595,2025-06,1,34,0,1
2595,2025-07,1,34,0,0
2595,2025-08,1,25,0,0
2595,2025-09,3,76,0,1
2596,2025-06,3,84,0,0
2596,2025-07,5,134,0,0
2596,2025-08,7,210,0,1
2596,2025-09,6,116,0,1
2596,2025-10,5,151,0,2
2596,2025-11,4,143,0,0
2596,2025-12,6,181,0,0
2597,2025-02,4,117,0,0
2597,2025-03,7,167,0,0
2597,2025-04,11,243,0,0
2597,2025-05,5,106,0,0
2597,2025-06,2,70,0,0
2597,2025-07,6,219,0,0
2597,2025-08,5,123,0,0
2597,2025-09,5,175,0,0
2597,2025-10,10,374,0,0
2597,2025-11,8,162,0,0
2597,2025-12,10,390,0,0
2598,2025-03,1,23,0,0
2598,2025-04,2,37,0,0
2598,2025-05,0,0,0,0
2598,2025-06,4,159,0,0
1604,2025-09,8,334,3,1
2598,2025-07,2,72,0,0
2598,2025-08,0,0,0,0
2598,2025-09,0,0,0,0
2598,2025-10,1,22,0,0
2598,2025-11,0,0,0,0
2598,2025-12,0,0,0,0
2599,2024-10,0,0,0,0
2599,2024-11,4,151,0,0
2599,2024-12,3,119,0,0
2599,2025-01,3,58,0,0
2599,2025-02,2,83,0,0
2599,2025-03,0,0,0,0
2599,2025-04,2,84,0,0
2599,2025-05,0,0,0,0
2599,2025-06,1,35,0,0
2599,2025-07,0,0,0,0
2599,2025-08,0,0,0,0
2599,2025-09,0,0,0,0
2600,2025-01,5,101,0,0
2600,2025-02,7,293,0,0
2600,2025-03,5,162,0,0
2600,2025-04,7,236,0,0
2600,2025-05,5,143,0,0
2600,2025-06,1,39,0,0
2600,2025-07,6,216,0,0
2600,2025-08,4,161,0,0
2600,2025-09,3,99,0,0
2600,2025-10,4,140,0,0
2600,2025-11,5,144,0,0
2600,2025-12,5,158,0,0
2601,2025-02,2,41,0,0
2601,2025-03,2,39,0,1
2601,2025-04,0,0,0,0
2601,2025-05,1,37,1,0
2601,2025-06,1,19,1,0
2601,2025-07,3,79,0,0
2601,2025-08,5,135,1,0
2601,2025-09,0,0,0,0
2601,2025-10,0,0,0,0
2601,2025-11,1,29,0,1
2601,2025-12,0,0,0,0
2602,2024-10,2,75,0,0
2602,2024-11,1,25,0,0
2602,2024-12,6,127,1,0
2602,2025-01,5,110,3,0
2602,2025-02,1,31,1,0
2602,2025-03,1,18,2,0
2602,2025-04,1,28,0,1
2602,2025-05,1,25,0,0
2602,2025-06,1,20,1,0
2602,2025-07,0,0,0,0
2602,2025-08,1,34,0,1
2602,2025-09,1,35,0,1
2603,2025-07,1,26,0,0
2604,2025-03,2,84,0,0
2604,2025-04,2,69,0,0
2604,2025-05,1,28,0,0
2604,2025-06,1,23,0,0
2605,2024-07,4,99,0,0
2605,2024-08,6,243,2,0
2605,2024-09,4,133,3,0
2605,2024-10,3,57,0,0
2605,2024-11,6,219,2,0
2605,2024-12,4,161,0,1
2605,2025-01,3,67,0,1
2605,2025-02,4,145,3,1
2605,2025-03,7,187,3,0
2605,2025-04,2,46,0,0
2605,2025-05,4,116,0,0
2605,2025-06,4,91,1,2
2606,2024-09,8,245,1,0
2606,2024-10,10,,3,0
2606,2024-11,15,393,5,0
2606,2024-12,12,350,3,0
2606,2025-01,5,210,1,0
2606,2025-02,13,313,3,0
2606,2025-03,10,218,1,0
2606,2025-04,11,295,5,0
2606,2025-05,4,90,2,0
2606,2025-06,1,26,0,1
2606,2025-07,11,380,2,0
2606,2025-08,10,373,3,0
2606,2025-09,4,108,0,0
2606,2025-10,10,309,2,0
2606,2025-11,6,214,2,0
2606,2025-12,9,,2,0
2607,2025-02,1,23,0,0
2607,2025-03,0,0,0,0
2607,2025-04,4,,0,0
2607,2025-05,2,54,0,0
2607,2025-06,0,0,0,0
2607,2025-07,0,0,0,0
2607,2025-08,0,0,0,0
2607,2025-09,1,24,0,0
2607,2025-10,0,0,0,0
2607,2025-11,0,0,0,0
2607,2025-12,0,0,0,0
2608,2024-12,4,86,0,0
2608,2025-01,9,240,4,0
2608,2025-02,3,80,0,0
2608,2025-03,5,157,0,0
2608,2025-04,6,124,0,0
2608,2025-05,2,67,0,0
2608,2025-06,5,96,0,0
2608,2025-07,3,113,1,0
2608,2025-08,6,114,1,1
2608,2025-09,6,148,5,0
2608,2025-10,3,100,1,2
2608,2025-11,3,60,0,0
2608,2025-12,8,307,3,0
2609,2024-11,0,0,0,0
2610,2024-09,1,21,0,0
2610,2024-10,3,90,0,0
2610,2024-11,4,133,0,0
2610,2024-12,2,73,0,0
2610,2025-01,1,24,0,0
2611,2024-10,3,74,0,1
2611,2024-11,7,240,1,1
2611,2024-12,5,122,1,0
2611,2025-01,2,65,1,0
2612,2025-08,10,190,0,0
2612,2025-09,7,160,0,0
2612,2025-10,6,209,0,0
2612,2025-11,7,158,0,1
2612,2025-12,7,247,0,0
2613,2024-07,1,21,0,0
2614,2025-09,7,139,2,0
2614,2025-10,7,172,3,0
2614,2025-11,4,139,0,1
2614,2025-12,7,228,2,2
2615,2025-07,0,0,0,0
2615,2025-08,4,167,0,0
2615,2025-09,1,27,0,0
2615,2025-10,1,29,0,0
2615,2025-11,1,34,0,0
2615,2025-12,4,79,0,0
2616,2025-06,8,204,2,1
2616,2025-07,7,207,1,0
2616,2025-08,14,474,3,0
2616,2025-09,11,210,5,0
2616,2025-10,10,261,1,0
2616,2025-11,15,377,3,0
2616,2025-12,16,399,6,0
2617,2025-07,3,112,0,0
2617,2025-08,1,31,0,0
2617,2025-09,1,20,0,0
2617,2025-10,4,94,0,0
2617,2025-11,1,40,0,0
2617,2025-12,1,25,0,0
2618,2025-04,7,161,1,0
2618,2025-05,7,147,2,0
2618,2025-06,4,126,0,0
2618,2025-07,5,149,1,0
2618,2025-08,6,149,1,0
2618,2025-09,7,193,1,0
2618,2025-10,8,332,4,0
2618,2025-11,0,0,0,1
2618,2025-12,7,146,1,0
2619,2025-06,1,40,0,0
2619,2025-07,1,23,0,0
2620,2024-12,10,193,0,0
2620,2025-01,7,173,0,0
2620,2025-02,7,258,0,0
2620,2025-03,5,192,0,0
2620,2025-04,7,156,0,0
2620,2025-05,9,239,0,0
2620,2025-06,5,138,0,0
2620,2025-07,12,264,0,0
2620,2025-08,5,144,0,0
2620,2025-09,8,147,0,0
2620,2025-10,7,173,0,0
2620,2025-11,4,91,0,0
2620,2025-12,1,25,0,0
2621,2025-08,4,144,0,0
2621,2025-09,4,117,0,0
2621,2025-10,8,247,0,0
2621,2025-11,7,217,0,0
2621,2025-12,7,224,0,0
2622,2025-09,5,108,0,0
2622,2025-10,4,144,5,0
2622,2025-11,2,66,1,0
2622,2025-12,5,124,1,0
2623,2025-08,6,214,0,0
2623,2025-09,8,238,0,0
2623,2025-10,3,120,0,0
2623,2025-11,8,257,0,0
2623,2025-12,7,272,0,0
2624,2025-08,2,46,0,0
2624,2025-09,1,32,0,0
2625,2024-10,10,302,0,0
2625,2024-11,5,123,0,0
2625,2024-12,5,101,0,0
2626,2025-10,4,167,0,0
2626,2025-11,6,182,0,0
2626,2025-12,4,134,0,0
2627,2025-06,1,29,0,0
2627,2025-07,2,83,2,0
2627,2025-08,1,23,0,0
2627,2025-09,3,119,1,0
2627,2025-10,2,82,0,0
2627,2025-11,1,25,0,0
2627,2025-12,2,39,1,0
2628,2025-04,8,239,1,0
2628,2025-05,9,277,2,0
2628,2025-06,3,,0,0
2628,2025-07,13,497,4,0
2628,2025-08,14,266,1,0
2628,2025-09,6,111,1,0
2628,2025-10,7,186,2,0
2628,2025-11,11,287,3,0
2628,2025-12,13,391,4,0
2629,2025-10,2,51,0,0
2629,2025-11,0,0,0,0
2629,2025-12,4,76,1,0
2630,2024-10,1,34,0,0
2630,2024-11,2,41,0,0
2630,2024-12,0,0,0,0
2630,2025-01,1,38,0,0
2630,2025-02,1,24,0,0
2630,2025-03,0,0,0,0
2630,2025-04,0,0,0,0
2630,2025-05,1,32,0,1
2630,2025-06,1,39,0,0
2630,2025-07,0,0,0,0
2630,2025-08,0,0,0,0
2631,2024-08,3,122,1,0
2631,2024-09,2,42,0,0
2631,2024-10,2,41,0,0
2631,2024-11,4,131,3,0
2631,2024-12,2,47,0,0
2632,2025-04,1,23,2,0
2632,2025-05,2,82,0,0
2632,2025-06,1,37,0,0
2632,2025-07,1,27,1,0
2632,2025-08,1,23,0,0
2632,2025-09,0,0,0,0
2632,2025-10,0,0,0,0
2632,2025-11,2,56,0,0
2632,2025-12,0,0,0,0
2633,2025-06,9,,1,0
2633,2025-07,7,155,3,0
2633,2025-08,7,243,2,0
2633,2025-09,13,433,2,0
2633,2025-10,7,154,1,0
2633,2025-11,5,101,0,0
2633,2025-12,6,198,2,0
2634,2024-07,2,81,0,0
2634,2024-08,7,238,3,0
2634,2024-09,4,134,2,0
2634,2024-10,3,85,0,0
2634,2024-11,6,146,2,0
2634,2024-12,6,205,2,0
2634,2025-01,2,39,0,0
2634,2025-02,4,156,1,0
2634,2025-03,3,113,0,0
2634,2025-04,4,115,1,0
2634,2025-05,1,39,0,0
2634,2025-06,4,166,2,1
2634,2025-07,5,196,0,1
2635,2025-10,6,147,0,0
2635,2025-11,12,297,0,0
2635,2025-12,6,157,0,0
2636,2024-07,1,30,1,0
2636,2024-08,1,38,1,0
2636,2024-09,0,0,0,0
2637,2025-10,24,870,5,0
2637,2025-11,19,715,7,0
2637,2025-12,19,691,3,0
2638,2024-10,1,31,0,0
2639,2025-10,2,41,0,0
2640,2024-09,4,146,1,0
2640,2024-10,6,232,0,0
2640,2024-11,7,130,0,0
2640,2024-12,4,73,3,0
2640,2025-01,4,119,0,0
2640,2025-02,3,84,1,0
2640,2025-03,5,161,1,0
2640,2025-04,8,241,4,0
2640,2025-05,7,136,1,0
2640,2025-06,12,331,3,0
2640,2025-07,4,150,1,0
2640,2025-08,4,72,1,1
2641,2025-09,0,0,0,0
2641,2025-10,1,24,1,0
2641,2025-11,0,0,0,0
2642,2024-07,7,141,0,0
2642,2024-08,6,163,0,0
2642,2024-09,10,240,0,0
2642,2024-10,5,94,0,0
2642,2024-11,8,299,0,0
2642,2024-12,4,91,0,0
2642,2025-01,4,85,0,0
2642,2025-02,5,138,0,0
2642,2025-03,4,81,0,0
2642,2025-04,6,152,0,0
2642,2025-05,10,295,0,0
2642,2025-06,6,188,0,0
2642,2025-07,4,103,0,1
2642,2025-08,4,76,0,0
2642,2025-09,4,128,0,0
2642,2025-10,3,76,0,0
2642,2025-11,2,57,0,0
2642,2025-12,6,221,0,0
2643,2025-07,9,298,0,0
2643,2025-08,11,317,0,0
2643,2025-09,9,239,0,0
2643,2025-10,11,222,0,0
2643,2025-11,8,292,0,0
2643,2025-12,11,232,0,0
2644,2024-11,17,603,0,0
2644,2024-12,9,312,0,0
2644,2025-01,11,362,0,0
2644,2025-02,10,261,0,0
2644,2025-03,8,253,0,0
2645,2024-11,4,158,0,0
2645,2024-12,3,54,0,0
2645,2025-01,4,100,0,0
2645,2025-02,1,39,0,1
2646,2025-09,1,20,0,0
2646,2025-10,1,24,0,0
2646,2025-11,0,0,0,0
2647,2025-07,1,36,0,0
2647,2025-08,1,42,0,0
2648,2025-07,12,354,0,0
2648,2025-08,9,228,0,0
2648,2025-09,12,354,0,0
2648,2025-10,10,289,0,0
2648,2025-11,3,101,0,0
2648,2025-12,8,248,0,0
2649,2025-06,7,239,2,0
2649,2025-07,6,217,1,0
2649,2025-08,8,318,3,0
2649,2025-09,5,182,4,0
2649,2025-10,8,211,3,0
2649,2025-11,5,154,0,0
2649,2025-12,5,142,3,0
2650,2025-01,5,162,0,0
2650,2025-02,3,55,0,0
2650,2025-03,5,172,0,0
2650,2025-04,4,140,2,0
2651,2025-01,1,,0,0
2652,2025-08,2,48,0,0
2652,2025-09,2,62,0,0
2652,2025-10,0,0,0,0
2652,2025-11,0,0,0,0
2652,2025-12,0,0,0,0
2653,2025-04,0,0,0,0
2653,2025-05,0,0,0,0
2653,2025-06,0,0,0,0
2654,2025-09,2,73,0,0
2654,2025-10,2,78,0,0
2654,2025-11,3,98,0,0
2654,2025-12,2,37,0,0
2655,2024-09,11,266,0,0
2655,2024-10,6,227,0,0
2655,2024-11,6,140,0,0
2655,2024-12,18,353,0,0
2655,2025-01,11,250,0,1
2655,2025-02,7,218,0,1
2655,2025-03,6,208,0,0
2655,2025-04,10,370,0,0
2655,2025-05,9,308,0,1
2655,2025-06,9,347,0,1
2655,2025-07,5,179,0,0
2655,2025-08,9,363,0,0
2655,2025-09,8,285,0,0
2655,2025-10,9,284,0,1
2655,2025-11,6,,0,2
2655,2025-12,5,175,0,0
2656,2024-11,10,210,2,0
2656,2024-12,9,263,7,0
2656,2025-01,6,120,1,0
2656,2025-02,7,166,4,0
2656,2025-03,9,222,2,0
2656,2025-04,6,233,3,0
2656,2025-05,5,151,4,0
2656,2025-06,2,66,0,1
2656,2025-07,8,170,6,0
2656,2025-08,5,93,1,0
2656,2025-09,10,280,3,0
2656,2025-10,8,237,2,0
2656,2025-11,3,,0,1
2656,2025-12,9,271,5,0
2657,2025-04,6,240,0,0
2657,2025-05,1,29,0,0
2657,2025-06,2,66,0,0
2657,2025-07,1,31,0,0
2657,2025-08,1,40,0,0
2657,2025-09,1,18,0,1
2657,2025-10,2,73,0,1
2657,2025-11,1,27,0,1
2657,2025-12,0,0,0,1
2658,2025-10,3,113,0,0
2658,2025-11,0,0,0,0
2658,2025-12,4,100,0,0
2659,2025-09,8,211,0,0
2659,2025-10,4,142,0,0
2659,2025-11,13,368,0,0
2659,2025-12,12,379,0,0
2660,2025-07,1,24,0,0
2660,2025-08,0,0,0,0
2660,2025-09,0,0,0,0
2660,2025-10,4,157,2,0
2660,2025-11,3,96,1,0
2660,2025-12,4,123,1,1
2661,2025-05,6,,1,0
2661,2025-06,4,124,1,0
2661,2025-07,8,234,2,0
2661,2025-08,2,63,0,1
2661,2025-09,3,119,0,1
2661,2025-10,2,69,0,0
2661,2025-11,1,37,0,1
2661,2025-12,3,66,0,0
2662,2025-06,3,86,0,0
2662,2025-07,3,113,0,0
2662,2025-08,2,40,0,0
2662,2025-09,3,61,0,0
2662,2025-10,3,93,0,0
2662,2025-11,2,81,0,0
2662,2025-12,3,124,0,0
2663,2025-09,6,145,1,0
2663,2025-10,4,96,2,0
2663,2025-11,3,115,1,0
2664,2024-08,4,121,1,0
2665,2024-09,3,60,3,0
2665,2024-10,0,0,0,0
2665,2024-11,2,77,1,0
2665,2024-12,5,94,2,0
2665,2025-01,3,109,2,0
2665,2025-02,4,130,2,0
2665,2025-03,1,37,0,0
2666,2025-10,0,0,0,0
2666,2025-11,3,109,0,0
2666,2025-12,6,138,1,0
2667,2025-01,7,184,5,0
2667,2025-02,3,54,1,0
2667,2025-03,5,193,0,0
2667,2025-04,6,239,2,1
2667,2025-05,4,137,0,0
2667,2025-06,6,119,3,0
2667,2025-07,10,,0,0
2667,2025-08,5,210,2,0
2667,2025-09,10,236,2,0
2667,2025-10,4,77,3,0
2667,2025-11,5,200,0,0
2667,2025-12,6,135,3,0
2668,2024-09,2,49,0,0
2668,2024-10,5,205,2,0
2668,2024-11,0,0,0,0
2668,2024-12,1,34,0,0
2668,2025-01,3,76,1,0
2668,2025-02,2,65,0,0
2668,2025-03,3,118,0,0
2668,2025-04,1,26,1,0
2668,2025-05,0,0,0,0
2668,2025-06,0,0,0,0
2668,2025-07,0,0,0,0
2668,2025-08,0,0,0,0
2669,2024-08,1,37,0,0
2669,2024-09,1,39,0,0
2670,2024-08,2,50,2,0
2671,2025-03,0,0,0,0
2671,2025-04,1,27,0,0
2671,2025-05,2,75,0,0
2671,2025-06,1,36,0,0
2671,2025-07,2,84,3,0
2671,2025-08,0,0,0,0
2671,2025-09,2,46,3,0
2671,2025-10,2,38,0,1
2671,2025-11,1,24,0,0
2671,2025-12,2,40,0,0
2672,2025-09,3,98,1,0
2672,2025-10,4,132,2,0
2672,2025-11,7,159,3,0
2672,2025-12,5,186,2,0
2673,2025-05,5,100,0,0
2673,2025-06,5,103,0,0
2673,2025-07,6,217,0,0
2673,2025-08,3,105,0,0
2673,2025-09,1,29,0,0
2673,2025-10,8,196,0,0
2673,2025-11,2,80,0,0
2673,2025-12,8,308,0,0
2674,2025-01,10,251,0,0
2674,2025-02,3,79,0,0
2674,2025-03,13,313,0,1
2674,2025-04,11,346,0,0
2674,2025-05,14,341,0,1
2674,2025-06,6,234,0,1
2674,2025-07,6,179,0,1
2674,2025-08,3,120,0,0
2674,2025-09,9,321,0,1
2674,2025-10,9,228,0,0
2674,2025-11,6,243,0,0
2674,2025-12,7,236,0,1
2675,2025-06,1,29,0,0
2675,2025-07,0,0,0,0
2676,2024-12,3,103,2,0
2676,2025-01,0,0,0,0
2676,2025-02,0,0,0,0
2676,2025-03,2,58,3,0
2676,2025-04,2,80,2,0
2676,2025-05,0,0,0,0
2676,2025-06,1,31,1,0
2676,2025-07,1,23,0,0
2677,2025-07,5,151,0,0
2677,2025-08,10,270,0,0
2677,2025-09,4,151,0,0
2677,2025-10,4,149,0,1
2677,2025-11,2,38,0,0
2677,2025-12,4,91,0,2
2678,2025-08,4,147,0,0
2678,2025-09,5,151,0,0
2678,2025-10,7,247,0,0
2678,2025-11,6,170,0,0
2678,2025-12,2,47,0,0
2679,2025-03,5,137,0,0
2679,2025-04,7,216,3,0
2679,2025-05,6,223,1,1
2679,2025-06,3,120,1,0
2679,2025-07,6,200,3,0
2680,2025-03,8,207,2,0
2680,2025-04,2,45,0,0
2680,2025-05,5,205,0,0
2680,2025-06,4,101,1,0
2680,2025-07,2,43,0,0
2680,2025-08,2,50,0,0
2680,2025-09,0,0,0,1
2680,2025-10,4,127,0,0
2680,2025-11,7,281,3,0
2680,2025-12,3,124,1,0
2681,2024-09,15,564,2,0
2681,2024-10,20,801,3,1
2681,2024-11,18,469,2,1
2682,2024-10,5,206,0,0
2682,2024-11,4,135,0,0
2682,2024-12,2,73,0,0
2682,2025-01,1,40,0,0
2682,2025-02,0,0,0,0
2682,2025-03,2,43,0,0
2682,2025-04,4,80,0,0
2682,2025-05,2,38,0,0
2682,2025-06,1,20,0,0
2682,2025-07,5,126,0,1
2682,2025-08,1,30,0,1
2682,2025-09,0,0,0,1
2683,2025-10,6,192,0,0
2683,2025-11,3,56,0,0
2683,2025-12,2,68,0,0
2684,2024-09,5,197,2,1
2684,2024-10,0,0,0,0
2684,2024-11,1,19,1,0
2684,2024-12,3,82,2,0
2684,2025-01,1,34,0,0
2685,2025-09,3,96,0,0
2685,2025-10,7,263,0,0
2685,2025-11,2,39,0,0
2685,2025-12,4,99,0,0
2686,2025-02,7,165,0,0
2686,2025-03,7,197,0,0
2686,2025-04,8,166,0,0
2686,2025-05,7,241,0,1
2686,2025-06,2,38,0,0
2686,2025-07,3,94,0,1
2686,2025-08,5,163,0,0
2686,2025-09,7,139,0,0
2686,2025-10,6,128,0,0
2686,2025-11,8,,0,0
2686,2025-12,6,194,0,1
2687,2025-05,2,77,0,1
2687,2025-06,4,81,0,0
2687,2025-07,1,27,0,0
2687,2025-08,1,30,0,0
2687,2025-09,2,57,0,0
2687,2025-10,2,60,0,0
2687,2025-11,0,0,0,1
2687,2025-12,0,0,0,1
2688,2025-05,2,42,0,0
2688,2025-06,1,23,0,0
2688,2025-07,1,,0,0
2688,2025-08,2,77,0,0
2688,2025-09,1,36,0,0
2688,2025-10,1,34,0,0
2688,2025-11,0,0,0,0
2688,2025-12,1,20,0,0
2689,2025-09,2,74,0,0
2689,2025-10,8,295,0,0
2689,2025-11,8,305,0,0
2689,2025-12,7,,0,0
2690,2025-02,6,221,2,1
2690,2025-03,9,243,3,0
2690,2025-04,6,219,0,1
2691,2024-12,0,0,0,0
2691,2025-01,1,29,0,0
2692,2025-09,2,77,1,1
2692,2025-10,1,37,0,0
2692,2025-11,1,40,0,0
2692,2025-12,0,0,0,0
2693,2025-09,6,145,0,0
2693,2025-10,14,395,0,0
2693,2025-11,17,396,0,0
2693,2025-12,9,188,0,0
2694,2025-04,8,293,3,0
2694,2025-05,4,143,1,0
2694,2025-06,3,115,2,0
2694,2025-07,2,45,0,0
2694,2025-08,2,51,1,0
2694,2025-09,0,0,0,0
2694,2025-10,0,0,0,0
2694,2025-11,3,68,1,0
2694,2025-12,1,20,0,0
2695,2025-03,2,45,0,0
2695,2025-04,4,77,1,0
2695,2025-05,7,223,0,0
2695,2025-06,7,241,0,0
2695,2025-07,5,125,2,0
2695,2025-08,3,118,1,0
2695,2025-09,4,109,0,0
2695,2025-10,0,0,0,0
2695,2025-11,4,95,2,0
2695,2025-12,5,131,0,0
2696,2025-10,6,131,1,1
2696,2025-11,8,234,1,0
2696,2025-12,10,354,0,0
2697,2025-09,1,41,0,0
2697,2025-10,1,29,0,0
2697,2025-11,3,119,0,0
2697,2025-12,1,20,0,0
2698,2025-01,2,78,2,1
2698,2025-02,1,33,1,0
2698,2025-03,4,130,2,1
2699,2024-12,2,37,2,0
2699,2025-01,3,124,0,0
2699,2025-02,6,167,4,0
2699,2025-03,8,252,3,0
2699,2025-04,2,42,0,1
2699,2025-05,3,94,3,0
2699,2025-06,4,113,3,0
2699,2025-07,6,124,1,0
2699,2025-08,7,277,5,0
2699,2025-09,4,109,2,1
2699,2025-10,4,122,1,0
2699,2025-11,3,82,0,0
2699,2025-12,6,134,5,0
2700,2025-04,2,45,0,0
2700,2025-05,4,149,0,0
2700,2025-06,2,82,0,0
2700,2025-07,2,61,0,0
2700,2025-08,2,40,0,0
2700,2025-09,1,25,0,0
2700,2025-10,2,46,0,0
2700,2025-11,1,21,0,0
2700,2025-12,3,,0,0
2701,2025-06,6,,0,0
3366,2025-04,2,60,1,0
2701,2025-07,7,152,0,0
2701,2025-08,8,231,0,0
2701,2025-09,3,86,0,0
2701,2025-10,3,59,0,0
2701,2025-11,5,117,0,0
2701,2025-12,6,111,0,0
2702,2024-07,1,41,0,0
2702,2024-08,1,33,0,2
2702,2024-09,3,77,2,0
2702,2024-10,4,78,2,0
2702,2024-11,0,0,0,0
2702,2024-12,0,,0,1
2702,2025-01,1,25,0,0
2702,2025-02,0,0,0,0
2702,2025-03,0,0,0,0
2702,2025-04,3,92,2,0
2702,2025-05,0,0,0,1
2702,2025-06,1,33,0,0
2703,2025-01,3,119,0,0
2703,2025-02,4,158,0,0
2703,2025-03,3,100,0,0
2703,2025-04,4,78,0,0
2703,2025-05,5,144,0,0
2703,2025-06,5,152,0,0
2703,2025-07,9,275,0,0
2703,2025-08,1,38,0,0
2703,2025-09,5,146,0,0
2703,2025-10,1,39,0,0
2703,2025-11,5,133,0,0
2703,2025-12,5,107,0,0
2704,2024-11,3,110,1,0
2704,2024-12,6,125,3,0
2704,2025-01,2,42,0,0
2704,2025-02,0,0,0,0
2704,2025-03,2,51,0,0
2704,2025-04,3,101,2,0
2704,2025-05,3,89,0,0
2704,2025-06,2,81,2,0
2705,2025-05,10,252,2,0
2705,2025-06,7,201,4,0
2705,2025-07,7,149,1,0
2705,2025-08,4,80,0,0
2705,2025-09,7,140,1,0
2705,2025-10,4,109,0,0
2705,2025-11,7,284,1,0
2705,2025-12,4,113,0,0
2706,2025-06,5,181,5,1
2706,2025-07,8,225,1,0
2706,2025-08,3,61,1,0
1685,2025-08,2,78,0,1
2706,2025-09,5,195,2,0
2706,2025-10,9,309,4,0
2706,2025-11,3,119,1,0
2706,2025-12,3,54,2,1
2707,2024-11,0,0,0,0
2707,2024-12,0,0,0,0
2707,2025-01,0,0,0,0
2707,2025-02,3,112,0,0
2707,2025-03,3,85,0,0
2707,2025-04,4,75,0,0
2707,2025-05,1,25,0,0
2707,2025-06,2,46,0,0
2707,2025-07,0,0,0,1
2707,2025-08,0,0,0,0
2707,2025-09,1,23,0,0
2707,2025-10,1,26,0,0
2708,2024-09,3,76,0,0
2708,2024-10,4,109,2,0
2708,2024-11,1,22,1,0
2708,2024-12,4,100,1,0
2708,2025-01,5,161,0,0
2708,2025-02,9,266,1,0
2708,2025-03,6,177,2,0
2708,2025-04,9,375,0,0
2708,2025-05,5,141,0,0
2708,2025-06,9,263,1,0
2708,2025-07,11,329,3,0
2708,2025-08,9,173,3,0
2708,2025-09,3,62,0,0
2708,2025-10,11,207,4,0
2708,2025-11,7,215,2,0
2708,2025-12,6,136,3,0
2709,2025-08,1,22,0,0
2710,2024-09,7,247,0,0
2710,2024-10,1,39,0,0
2710,2024-11,4,127,0,0
2710,2024-12,7,200,0,0
2710,2025-01,2,83,0,0
2710,2025-02,0,0,0,0
2711,2025-07,5,92,2,1
2711,2025-08,8,319,1,1
2711,2025-09,4,127,2,0
2711,2025-10,5,94,1,0
2711,2025-11,6,217,3,0
2711,2025-12,4,145,2,0
2712,2025-05,3,75,0,1
2712,2025-06,3,86,0,0
2712,2025-07,4,132,0,0
2712,2025-08,4,152,0,0
2712,2025-09,2,37,0,0
2712,2025-10,8,211,0,0
2712,2025-11,0,0,0,0
2712,2025-12,1,31,0,0
2713,2025-09,3,109,0,0
2713,2025-10,2,49,0,1
2713,2025-11,2,40,0,1
2713,2025-12,4,143,0,0
2714,2025-10,4,134,0,0
2714,2025-11,6,146,0,1
2714,2025-12,6,180,0,0
2715,2024-08,7,193,0,0
2715,2024-09,9,226,0,0
2715,2024-10,17,596,0,0
2715,2024-11,10,243,0,0
2715,2024-12,2,58,0,0
2715,2025-01,8,265,0,0
2715,2025-02,5,194,0,0
2715,2025-03,8,182,0,0
2715,2025-04,13,349,0,0
2715,2025-05,11,263,0,0
2715,2025-06,5,167,0,0
2715,2025-07,9,371,0,0
2715,2025-08,9,326,0,0
2715,2025-09,5,108,0,0
2715,2025-10,9,252,0,0
2715,2025-11,9,293,0,0
2715,2025-12,3,62,0,0
2716,2025-10,2,42,0,0
2716,2025-11,0,0,0,0
2716,2025-12,1,41,0,0
2717,2024-11,7,206,0,0
2717,2024-12,7,194,0,0
2717,2025-01,7,255,0,0
2717,2025-02,6,123,0,0
2717,2025-03,5,193,0,0
2717,2025-04,8,166,0,0
2717,2025-05,6,241,0,0
2717,2025-06,13,303,0,0
2717,2025-07,13,516,0,0
2717,2025-08,7,159,0,0
2717,2025-09,4,107,0,1
2717,2025-10,11,435,0,0
2717,2025-11,4,93,0,0
2717,2025-12,7,202,0,0
2718,2025-06,0,0,0,0
2718,2025-07,1,24,0,0
2719,2025-01,6,190,2,0
2719,2025-02,5,191,1,0
2719,2025-03,4,154,0,0
2719,2025-04,0,0,0,0
2720,2025-06,2,57,0,0
2720,2025-07,3,70,0,0
2720,2025-08,5,178,0,0
2721,2024-08,4,82,0,0
2721,2024-09,3,66,0,0
2721,2024-10,7,172,0,0
2721,2024-11,1,28,0,0
2721,2024-12,4,149,0,0
2721,2025-01,2,81,0,0
2721,2025-02,2,49,0,0
2721,2025-03,1,36,0,0
2721,2025-04,2,67,0,0
2721,2025-05,0,0,0,0
2721,2025-06,1,37,0,0
2721,2025-07,2,66,0,0
2721,2025-08,0,0,0,0
2721,2025-09,0,0,0,0
2721,2025-10,1,40,0,0
2721,2025-11,0,0,0,0
2721,2025-12,2,51,0,0
2722,2025-03,3,89,0,0
2722,2025-04,5,170,0,1
2722,2025-05,4,167,0,0
2722,2025-06,4,73,0,0
2723,2025-10,4,154,0,0
2723,2025-11,4,128,0,1
2723,2025-12,7,257,0,1
2724,2024-12,13,319,0,0
2724,2025-01,10,245,4,0
2724,2025-02,10,220,2,0
2724,2025-03,7,214,3,0
2724,2025-04,5,165,4,0
2724,2025-05,9,334,2,0
2724,2025-06,6,159,1,0
2724,2025-07,14,313,2,0
2724,2025-08,13,258,9,0
2724,2025-09,14,458,3,0
2724,2025-10,7,155,2,0
2724,2025-11,5,189,0,0
2724,2025-12,6,243,1,0
2725,2025-10,6,248,0,0
2725,2025-11,13,507,0,0
2725,2025-12,10,257,0,0
2726,2025-03,4,120,0,0
2726,2025-04,7,215,0,1
2727,2025-06,3,85,1,0
2727,2025-07,3,126,2,0
2727,2025-08,6,214,1,0
2727,2025-09,3,125,0,0
2727,2025-10,8,278,3,0
2727,2025-11,4,157,2,0
2727,2025-12,3,83,0,0
2728,2025-04,7,290,0,0
2728,2025-05,12,358,0,0
2728,2025-06,9,376,0,0
2728,2025-07,6,191,0,0
2728,2025-08,10,401,0,0
2728,2025-09,4,124,0,1
2728,2025-10,7,166,0,0
2728,2025-11,6,125,0,0
2728,2025-12,7,197,0,0
2729,2025-03,2,47,0,0
2729,2025-04,4,83,0,0
2729,2025-05,3,101,0,0
2729,2025-06,0,0,0,0
2729,2025-07,4,119,0,0
2729,2025-08,1,41,0,0
2729,2025-09,4,83,0,0
2729,2025-10,2,77,0,0
2729,2025-11,3,73,0,0
2729,2025-12,3,107,0,0
2730,2025-07,3,64,0,0
2731,2024-12,2,75,1,0
2731,2025-01,7,289,2,0
2731,2025-02,5,133,2,0
2731,2025-03,4,116,0,0
2731,2025-04,2,80,1,0
2732,2024-08,8,147,0,0
2732,2024-09,8,206,0,0
2732,2024-10,6,236,0,0
2732,2024-11,5,148,0,0
2732,2024-12,5,,0,0
2732,2025-01,3,99,0,1
2732,2025-02,6,171,0,0
2732,2025-03,7,138,0,1
2732,2025-04,4,111,0,0
2732,2025-05,7,236,0,1
2732,2025-06,7,289,0,0
2732,2025-07,5,164,0,0
2733,2025-10,0,0,0,0
2733,2025-11,1,29,0,0
2733,2025-12,1,,0,0
2734,2025-04,2,79,2,0
2734,2025-05,6,109,0,0
2734,2025-06,9,178,6,0
2734,2025-07,1,24,0,1
2734,2025-08,2,59,0,0
2734,2025-09,3,124,1,0
2734,2025-10,4,167,2,0
2734,2025-11,7,157,1,3
2734,2025-12,6,129,1,0
2735,2024-07,3,73,3,0
2735,2024-08,1,40,1,0
2735,2024-09,1,35,0,0
2735,2024-10,5,134,4,0
2735,2024-11,0,0,0,0
2735,2024-12,1,26,0,1
2735,2025-01,3,94,1,0
2735,2025-02,1,26,0,1
2736,2024-10,7,270,0,0
2736,2024-11,9,321,0,0
2736,2024-12,5,104,0,0
2736,2025-01,8,243,0,1
2736,2025-02,1,19,0,0
2736,2025-03,2,,0,0
2736,2025-04,6,144,0,0
2736,2025-05,7,229,0,0
2736,2025-06,6,230,0,0
2736,2025-07,6,173,0,0
2736,2025-08,5,98,0,1
2736,2025-09,6,192,0,0
2737,2025-08,6,,1,0
2737,2025-09,11,340,0,0
2737,2025-10,13,485,2,0
2737,2025-11,8,308,3,0
2737,2025-12,3,72,0,0
2738,2024-12,3,78,0,0
2738,2025-01,3,82,0,0
2738,2025-02,3,86,0,0
2738,2025-03,3,106,0,0
2738,2025-04,2,53,0,0
2738,2025-05,1,30,0,0
2738,2025-06,0,0,0,0
2738,2025-07,5,204,0,0
2738,2025-08,1,41,0,0
2738,2025-09,1,27,0,0
2738,2025-10,2,79,0,0
2738,2025-11,2,56,0,0
2738,2025-12,0,0,0,0
2739,2025-01,6,143,0,0
2739,2025-02,4,116,1,0
2739,2025-03,3,89,1,0
2739,2025-04,2,51,0,0
2739,2025-05,4,76,1,1
2740,2025-10,2,78,0,0
2740,2025-11,4,95,0,0
2740,2025-12,3,81,0,1
2741,2025-09,3,100,0,0
2741,2025-10,0,0,0,0
2741,2025-11,0,0,0,0
2741,2025-12,2,58,0,0
2742,2024-08,6,226,0,0
2742,2024-09,2,43,0,0
2742,2024-10,9,365,0,0
2742,2024-11,9,224,0,0
2742,2024-12,3,96,0,0
2742,2025-01,5,125,0,0
2742,2025-02,8,210,0,0
2742,2025-03,2,56,0,0
2742,2025-04,8,323,0,0
2742,2025-05,1,19,0,1
2742,2025-06,6,244,0,0
2742,2025-07,4,73,0,0
2742,2025-08,4,96,0,0
2742,2025-09,6,157,0,0
2742,2025-10,6,168,0,0
2742,2025-11,6,162,0,0
2742,2025-12,3,108,0,0
2743,2025-07,1,27,0,1
2744,2025-05,2,61,0,0
2744,2025-06,1,34,0,0
2744,2025-07,1,22,0,0
2744,2025-08,2,61,0,1
2744,2025-09,4,137,2,2
2744,2025-10,3,96,1,0
2744,2025-11,1,25,0,1
2744,2025-12,1,22,1,0
2745,2024-11,5,94,0,0
2745,2024-12,5,124,0,0
2746,2025-05,8,148,0,0
2746,2025-06,8,186,0,0
2746,2025-07,3,118,0,0
2746,2025-08,2,76,0,0
2746,2025-09,4,77,0,0
2746,2025-10,1,19,0,0
2746,2025-11,5,201,0,0
2746,2025-12,4,124,0,0
2747,2025-10,2,51,0,0
2747,2025-11,5,178,2,0
2747,2025-12,1,21,0,0
2748,2025-05,2,47,1,0
2748,2025-06,2,60,0,0
2748,2025-07,2,47,0,0
2749,2025-07,2,44,0,0
2749,2025-08,5,133,1,0
2749,2025-09,3,69,1,0
2749,2025-10,8,259,3,0
2749,2025-11,5,161,1,0
2749,2025-12,6,145,2,0
2750,2025-04,5,201,1,0
2750,2025-05,6,231,0,0
2750,2025-06,2,48,1,0
2750,2025-07,10,312,1,0
2750,2025-08,6,228,2,0
2750,2025-09,8,270,0,0
2750,2025-10,4,88,0,0
2750,2025-11,6,201,3,0
2750,2025-12,7,136,2,0
2751,2025-01,2,68,0,0
2751,2025-02,1,41,0,0
2751,2025-03,2,67,0,0
2751,2025-04,3,66,0,0
2751,2025-05,0,0,0,0
2751,2025-06,0,0,0,0
2751,2025-07,1,40,0,0
2751,2025-08,0,0,0,0
2751,2025-09,1,21,0,0
2751,2025-10,0,0,0,0
2751,2025-11,1,40,0,0
2751,2025-12,0,0,0,0
2752,2025-09,8,225,0,0
2752,2025-10,6,134,0,0
2752,2025-11,6,133,0,1
2752,2025-12,7,156,0,0
2753,2024-07,4,164,1,0
2753,2024-08,3,117,0,1
2753,2024-09,5,90,1,0
2753,2024-10,9,243,4,0
2753,2024-11,3,121,0,0
2753,2024-12,1,33,0,0
2753,2025-01,4,157,0,0
2753,2025-02,3,76,1,0
2753,2025-03,4,139,0,0
2753,2025-04,5,203,3,0
2753,2025-05,3,83,1,0
2753,2025-06,6,199,4,1
2754,2024-07,6,199,0,0
2744,2025-09,4,137,2,2
2754,2024-08,19,359,0,0
2754,2024-09,11,297,0,0
2754,2024-10,13,325,0,0
2754,2024-11,10,388,0,0
2754,2024-12,12,442,0,0
2754,2025-01,11,251,0,0
2754,2025-02,9,245,0,0
2754,2025-03,12,358,0,0
2754,2025-04,5,201,0,0
2754,2025-05,9,349,0,0
2754,2025-06,6,158,0,0
2754,2025-07,13,287,0,0
2754,2025-08,8,203,0,0
2754,2025-09,6,115,0,0
2754,2025-10,9,200,0,0
2754,2025-11,10,190,0,0
2754,2025-12,10,224,0,0
2755,2025-05,5,160,3,0
2755,2025-06,2,60,2,0
2755,2025-07,4,137,2,0
3333,2025-10,2,72,1,0
2755,2025-08,3,89,3,0
2755,2025-09,2,39,0,0
2755,2025-10,1,41,0,0
2755,2025-11,3,105,1,0
2755,2025-12,4,105,4,0
2756,2025-08,9,246,0,0
2756,2025-09,4,105,0,0
2756,2025-10,7,249,0,0
2756,2025-11,7,228,0,0
2756,2025-12,3,100,0,0
2757,2024-12,3,94,0,0
2757,2025-01,8,277,0,0
2757,2025-02,5,129,0,0
2757,2025-03,5,195,0,0
2757,2025-04,7,158,0,0
2757,2025-05,8,209,0,1
2757,2025-06,6,173,0,1
2757,2025-07,6,219,0,0
2757,2025-08,9,218,0,1
2757,2025-09,4,128,0,0
2757,2025-10,4,94,0,0
2758,2025-10,6,231,2,0
2758,2025-11,4,95,4,0
2758,2025-12,7,196,2,0
2759,2025-04,1,32,1,0
2759,2025-05,5,152,2,0
2759,2025-06,3,116,0,0
2759,2025-07,4,80,0,1
2759,2025-08,1,39,1,1
2759,2025-09,5,191,1,0
2759,2025-10,1,40,0,1
2759,2025-11,2,78,2,0
2759,2025-12,1,39,1,0
2760,2025-02,9,335,1,0
2760,2025-03,11,422,0,0
2760,2025-04,11,354,1,0
2760,2025-05,4,111,0,0
2760,2025-06,10,236,2,0
2760,2025-07,13,448,1,0
2760,2025-08,9,240,3,0
2760,2025-09,6,170,0,0
2760,2025-10,5,133,2,0
2760,2025-11,10,221,0,0
2760,2025-12,9,368,0,1
2761,2025-08,4,143,0,0
2761,2025-09,0,0,0,0
2761,2025-10,0,0,0,0
2761,2025-11,4,134,0,0
2761,2025-12,1,,0,0
2762,2025-03,2,,0,0
2763,2024-10,1,31,0,0
2763,2024-11,4,144,2,0
2763,2024-12,4,157,0,0
2763,2025-01,1,29,0,0
2763,2025-02,1,38,1,0
2763,2025-03,1,36,0,0
2763,2025-04,0,0,0,0
2764,2025-05,4,157,1,0
2764,2025-06,3,99,0,0
2764,2025-07,2,56,0,0
2764,2025-08,3,65,1,0
2764,2025-09,5,164,2,0
2764,2025-10,5,171,2,0
2764,2025-11,2,82,2,0
2764,2025-12,5,198,1,0
2765,2024-09,6,114,0,0
2765,2024-10,9,343,0,0
2765,2024-11,7,,0,1
2765,2024-12,10,199,0,0
2765,2025-01,4,141,0,0
2765,2025-02,4,165,0,0
2765,2025-03,6,119,0,0
2765,2025-04,6,157,0,0
2765,2025-05,4,128,0,0
2765,2025-06,6,157,0,0
2765,2025-07,8,232,0,0
2765,2025-08,4,160,0,1
2766,2025-06,3,101,0,1
2766,2025-07,1,25,0,0
2766,2025-08,2,66,0,0
2766,2025-09,2,81,0,0
2766,2025-10,3,100,0,0
2767,2025-03,1,42,0,0
2767,2025-04,2,77,2,0
2767,2025-05,0,0,0,0
2767,2025-06,0,0,0,0
2767,2025-07,1,39,0,0
2767,2025-08,3,118,2,1
2767,2025-09,1,33,1,0
2768,2024-07,4,149,0,0
2768,2024-08,5,,0,0
2768,2024-09,6,151,0,1
2768,2024-10,4,90,0,0
2768,2024-11,8,231,0,0
2768,2024-12,4,163,0,0
2768,2025-01,7,254,0,0
2768,2025-02,4,86,0,0
2768,2025-03,4,161,0,0
2768,2025-04,2,67,0,0
2768,2025-05,2,71,0,0
2768,2025-06,8,273,0,1
2768,2025-07,5,196,0,0
2768,2025-08,5,125,0,0
2768,2025-09,5,177,0,0
2768,2025-10,5,116,0,0
2768,2025-11,5,201,0,0
2768,2025-12,4,167,0,0
2769,2025-03,0,0,0,0
2769,2025-04,5,190,0,0
2769,2025-05,8,295,0,0
2769,2025-06,1,34,0,0
2769,2025-07,7,272,0,0
2769,2025-08,3,115,0,0
2769,2025-09,4,114,0,1
2769,2025-10,3,110,0,0
2769,2025-11,5,141,0,0
2769,2025-12,5,154,0,0
2770,2025-07,4,137,0,0
2770,2025-08,7,188,0,0
2770,2025-09,7,224,0,0
2770,2025-10,4,73,0,0
2770,2025-11,7,189,0,1
2770,2025-12,8,196,0,0
2771,2025-05,3,75,0,0
2771,2025-06,6,179,0,0
2771,2025-07,3,106,0,0
2771,2025-08,4,122,0,0
2771,2025-09,3,99,0,1
2771,2025-10,2,59,0,1
2772,2024-09,4,163,0,0
2772,2024-10,4,92,0,1
2772,2024-11,3,104,0,0
2772,2024-12,4,158,0,0
2772,2025-01,2,62,0,1
2772,2025-02,0,0,0,1
2773,2025-02,7,259,0,0
2773,2025-03,4,116,0,0
2773,2025-04,8,259,0,0
2773,2025-05,2,48,0,1
2774,2024-12,12,434,12,1
2774,2025-01,10,347,3,1
2774,2025-02,9,363,6,0
2774,2025-03,13,277,7,0
2774,2025-04,7,266,4,0
2774,2025-05,7,270,3,0
2774,2025-06,6,232,4,0
2774,2025-07,12,249,5,1
2774,2025-08,8,276,2,1
2774,2025-09,9,308,6,0
2774,2025-10,6,150,3,1
2774,2025-11,6,248,5,0
2774,2025-12,5,127,2,0
2775,2024-07,1,40,0,0
2775,2024-08,3,98,0,0
2775,2024-09,1,21,0,0
2775,2024-10,0,0,0,0
2775,2024-11,2,46,0,0
2775,2024-12,3,112,0,0
2775,2025-01,0,0,0,0
2775,2025-02,2,69,0,0
2775,2025-03,1,27,0,0
2775,2025-04,1,28,0,0
2775,2025-05,0,0,0,0
2775,2025-06,1,24,0,0
2776,2025-10,2,68,0,1
2776,2025-11,2,71,0,0
2776,2025-12,5,165,2,0
2777,2025-05,4,138,0,0
2777,2025-06,10,291,0,0
2777,2025-07,5,96,0,0
2777,2025-08,7,268,0,0
2777,2025-09,7,178,0,0
2777,2025-10,4,157,0,0
2777,2025-11,3,90,0,0
2777,2025-12,7,165,0,0
2778,2025-10,2,78,1,0
2778,2025-11,5,,1,0
2778,2025-12,1,22,1,0
2779,2024-12,2,68,0,0
2779,2025-01,1,40,0,1
2779,2025-02,4,146,0,0
2779,2025-03,3,68,0,0
2779,2025-04,0,0,0,0
2779,2025-05,0,0,0,0
2779,2025-06,2,63,0,0
2779,2025-07,1,34,0,0
2779,2025-08,0,0,0,0
2779,2025-09,0,0,0,0
2779,2025-10,1,37,0,0
2779,2025-11,1,32,0,0
2779,2025-12,0,0,0,0
2780,2025-03,1,32,1,0
2780,2025-04,3,122,3,0
2780,2025-05,4,162,2,0
2780,2025-06,2,75,1,1
2780,2025-07,2,,0,1
2780,2025-08,1,29,0,1
2780,2025-09,0,0,0,2
2780,2025-10,1,31,1,1
2780,2025-11,1,35,1,1
2780,2025-12,1,31,2,0
2781,2024-11,0,0,0,0
2782,2025-01,2,50,0,0
2782,2025-02,2,46,0,0
2782,2025-03,0,,0,0
2783,2024-09,3,108,0,1
2783,2024-10,5,184,0,0
2783,2024-11,6,216,0,0
2783,2024-12,7,287,0,1
2783,2025-01,5,173,0,0
2783,2025-02,3,67,0,1
2783,2025-03,5,160,0,2
2783,2025-04,4,139,0,0
2783,2025-05,7,149,0,0
2783,2025-06,7,142,0,0
2783,2025-07,4,141,0,0
2783,2025-08,7,144,0,1
2784,2025-06,7,237,1,0
2784,2025-07,6,229,0,0
2784,2025-08,3,87,0,0
2784,2025-09,8,225,2,0
2784,2025-10,5,205,1,0
2784,2025-11,8,272,1,0
2784,2025-12,2,64,2,0
2785,2024-07,1,20,1,0
2785,2024-08,1,41,0,0
2785,2024-09,6,129,1,0
2785,2024-10,6,163,2,0
2785,2024-11,2,39,0,0
2785,2024-12,0,0,0,0
2785,2025-01,2,78,0,0
2785,2025-02,2,74,0,0
2785,2025-03,1,21,1,0
2785,2025-04,2,83,0,0
2785,2025-05,0,0,0,0
2785,2025-06,2,39,0,1
2786,2024-11,3,125,0,0
2786,2024-12,7,144,1,0
2786,2025-01,6,148,4,0
2787,2025-05,11,212,9,0
2787,2025-06,12,435,7,0
2787,2025-07,13,254,4,0
2787,2025-08,11,435,7,0
2787,2025-09,10,215,1,0
2787,2025-10,15,528,8,0
2787,2025-11,10,338,7,0
2787,2025-12,10,253,3,0
2788,2024-10,4,122,2,0
2788,2024-11,4,88,2,0
2788,2024-12,2,49,3,1
2788,2025-01,8,307,6,0
2788,2025-02,2,72,1,0
2788,2025-03,3,57,1,0
2788,2025-04,5,118,2,0
2788,2025-05,5,112,0,1
2788,2025-06,3,91,2,1
2788,2025-07,5,189,3,1
2788,2025-08,7,128,5,0
2788,2025-09,1,25,2,0
2788,2025-10,5,98,5,0
2788,2025-11,2,,2,0
2788,2025-12,6,216,3,0
2789,2025-01,0,0,0,0
2789,2025-02,3,92,2,0
2789,2025-03,4,152,3,0
2789,2025-04,3,87,0,0
2789,2025-05,6,149,2,0
2789,2025-06,4,91,3,0
2789,2025-07,3,86,5,0
2789,2025-08,0,0,0,0
2789,2025-09,5,173,4,0
2789,2025-10,2,73,2,0
2789,2025-11,6,249,2,0
2789,2025-12,2,81,0,0
2790,2024-08,3,104,0,0
2790,2024-09,2,52,0,0
2790,2024-10,2,70,0,0
2790,2024-11,0,0,0,0
2790,2024-12,3,112,0,0
2790,2025-01,0,0,0,0
2790,2025-02,1,27,0,0
2790,2025-03,2,65,0,0
2790,2025-04,0,0,0,0
2790,2025-05,1,28,0,0
2790,2025-06,0,0,0,0
2790,2025-07,0,0,0,0
2791,2025-04,5,144,0,0
2791,2025-05,3,64,0,0
2791,2025-06,12,489,0,0
2791,2025-07,8,289,0,1
2791,2025-08,5,106,0,0
2791,2025-09,7,177,0,0
2791,2025-10,5,155,0,1
2791,2025-11,4,82,0,0
2791,2025-12,4,161,0,1
2792,2025-05,0,0,0,0
2792,2025-06,5,203,0,0
2792,2025-07,0,0,0,0
2793,2025-06,8,218,0,0
2793,2025-07,14,503,0,0
2793,2025-08,16,545,0,0
2793,2025-09,9,289,0,0
2794,2024-10,4,165,3,0
2794,2024-11,7,267,0,1
2794,2024-12,2,65,1,0
2794,2025-01,6,203,2,0
2794,2025-02,8,297,5,0
2794,2025-03,8,216,2,0
2794,2025-04,4,72,1,0
2794,2025-05,8,289,4,0
2794,2025-06,11,436,6,1
2794,2025-07,6,113,2,0
2794,2025-08,8,154,4,0
2794,2025-09,4,101,0,0
2794,2025-10,8,232,3,0
2794,2025-11,8,180,7,0
2794,2025-12,5,160,1,0
2795,2025-01,4,145,1,0
2795,2025-02,5,207,1,0
2795,2025-03,4,73,1,0
2795,2025-04,3,67,1,0
2796,2025-05,5,209,3,0
2796,2025-06,3,83,2,1
2797,2025-02,11,232,6,0
2797,2025-03,13,516,1,0
2797,2025-04,15,565,3,0
2797,2025-05,14,318,4,0
2797,2025-06,13,481,2,0
2797,2025-07,13,520,3,0
2797,2025-08,11,398,2,1
2797,2025-09,5,184,2,0
2797,2025-10,13,474,1,0
2797,2025-11,11,247,4,0
2797,2025-12,21,773,4,0
2798,2025-08,4,146,0,0
2798,2025-09,2,51,0,0
2798,2025-10,4,150,0,0
2798,2025-11,4,142,0,1
2798,2025-12,1,33,0,0
2799,2025-09,2,81,0,0
2799,2025-10,6,235,0,0
2799,2025-11,2,57,0,0
2799,2025-12,4,126,0,0
2800,2024-12,8,146,0,0
2800,2025-01,5,199,0,1
2800,2025-02,4,,0,0
2800,2025-03,9,261,0,0
2800,2025-04,7,233,0,0
2800,2025-05,9,222,0,0
2800,2025-06,9,236,0,1
2800,2025-07,11,270,0,0
2800,2025-08,7,198,0,0
2800,2025-09,7,212,0,0
2800,2025-10,8,254,0,0
2800,2025-11,10,329,0,2
2800,2025-12,6,165,0,1
2801,2025-02,0,0,0,0
2801,2025-03,1,23,0,0
327,2025-10,7,169,0,0
2801,2025-04,1,29,0,0
2801,2025-05,0,0,0,0
2801,2025-06,2,51,0,0
2801,2025-07,0,0,0,0
2801,2025-08,3,73,0,0
2801,2025-09,1,29,0,0
2801,2025-10,1,38,0,0
2801,2025-11,1,34,0,0
2801,2025-12,0,0,0,0
2802,2025-05,11,296,8,0
2802,2025-06,4,109,4,0
2802,2025-07,4,159,1,0
2802,2025-08,1,35,0,0
2803,2024-12,3,63,2,0
2803,2025-01,3,103,1,0
2803,2025-02,4,136,2,1
2803,2025-03,2,39,0,0
2803,2025-04,5,92,1,0
2803,2025-05,4,123,0,1
2803,2025-06,1,42,0,1
2803,2025-07,4,105,2,2
2803,2025-08,5,150,1,0
2803,2025-09,5,91,0,0
2803,2025-10,3,68,0,0
2803,2025-11,4,119,0,1
2804,2025-08,3,74,1,0
2804,2025-09,7,157,2,0
2804,2025-10,0,0,0,0
2804,2025-11,3,67,1,0
2804,2025-12,4,162,2,0
2805,2025-02,3,95,0,0
2805,2025-03,2,80,0,0
2805,2025-04,6,111,0,0
2805,2025-05,0,0,0,0
2805,2025-06,3,78,0,0
2805,2025-07,0,0,0,0
2805,2025-08,2,63,0,0
2805,2025-09,0,0,0,0
2805,2025-10,2,37,0,0
2805,2025-11,2,66,0,0
2805,2025-12,1,30,0,0
2806,2024-12,4,135,0,0
2806,2025-01,5,101,0,0
2806,2025-02,4,132,0,0
2806,2025-03,5,170,0,0
2806,2025-04,2,51,0,0
2806,2025-05,5,101,0,0
2806,2025-06,2,64,0,0
2806,2025-07,0,0,0,0
2806,2025-08,6,209,0,0
2806,2025-09,2,55,0,0
2806,2025-10,3,74,0,0
2806,2025-11,5,125,0,0
2807,2025-02,6,222,1,0
2807,2025-03,4,90,0,0
2807,2025-04,8,173,3,0
2807,2025-05,9,220,4,0
2807,2025-06,4,161,1,0
2807,2025-07,10,342,3,0
2807,2025-08,6,124,0,0
2807,2025-09,3,124,1,0
2807,2025-10,4,168,1,0
2807,2025-11,4,135,2,1
2807,2025-12,6,147,2,0
2808,2024-10,3,69,0,0
2808,2024-11,10,352,0,0
2808,2024-12,3,106,0,0
2808,2025-01,11,351,0,0
2808,2025-02,6,,0,1
2808,2025-03,5,144,0,0
2808,2025-04,4,113,0,0
2808,2025-05,5,192,0,0
2808,2025-06,5,177,0,1
2808,2025-07,6,215,0,1
2808,2025-08,8,250,0,1
2808,2025-09,5,124,0,1
2808,2025-10,2,59,0,0
2808,2025-11,3,122,0,1
2808,2025-12,5,162,0,0
2809,2024-08,1,37,0,1
2809,2024-09,4,150,0,1
2810,2025-08,8,334,0,0
2810,2025-09,7,183,0,0
2810,2025-10,9,354,0,0
2810,2025-11,8,280,0,0
2810,2025-12,8,160,0,0
2811,2025-05,2,76,0,0
2811,2025-06,3,66,0,0
2811,2025-07,1,29,0,0
2811,2025-08,0,0,0,0
2811,2025-09,2,43,0,0
2811,2025-10,3,89,0,0
2811,2025-11,0,0,0,1
2811,2025-12,0,0,0,0
2812,2025-08,1,31,1,0
2812,2025-09,3,56,2,0
2813,2024-09,2,37,0,1
2814,2025-06,1,22,0,0
2814,2025-07,2,63,0,0
2814,2025-08,1,30,0,0
2814,2025-09,2,45,0,0
2814,2025-10,1,25,0,0
2814,2025-11,1,35,1,0
2814,2025-12,0,0,0,0
2815,2025-05,2,38,0,0
2815,2025-06,8,162,1,0
2815,2025-07,2,48,1,0
2815,2025-08,2,64,0,0
2815,2025-09,5,114,1,1
2815,2025-10,2,66,0,0
2815,2025-11,0,0,0,2
2815,2025-12,3,86,2,0
2816,2025-06,1,25,0,0
2817,2024-12,10,393,0,0
2817,2025-01,16,299,0,0
2817,2025-02,9,339,0,0
2817,2025-03,15,352,0,0
2817,2025-04,11,383,0,0
2817,2025-05,6,117,0,0
2817,2025-06,11,266,0,0
2817,2025-07,5,191,0,0
2817,2025-08,7,261,0,0
2817,2025-09,13,428,0,0
2817,2025-10,13,409,0,0
2817,2025-11,9,372,0,0
2817,2025-12,13,377,0,0
2818,2025-07,2,83,0,0
2818,2025-08,1,36,0,0
2818,2025-09,3,99,0,0
2818,2025-10,1,41,0,0
2818,2025-11,2,39,0,0
2818,2025-12,0,0,0,1
2819,2025-08,2,83,1,0
2819,2025-09,5,165,3,0
2819,2025-10,5,209,1,0
2819,2025-11,8,145,3,0
2819,2025-12,4,135,4,0
2820,2025-05,7,185,0,0
2820,2025-06,9,310,0,1
2820,2025-07,13,323,0,0
2821,2024-09,4,137,1,0
2821,2024-10,4,132,1,0
2821,2024-11,2,39,2,1
2821,2024-12,2,55,1,0
2821,2025-01,3,85,0,0
2821,2025-02,2,45,0,1
2821,2025-03,1,26,1,1
2821,2025-04,3,117,1,0
2821,2025-05,1,41,0,0
2821,2025-06,1,30,0,0
2821,2025-07,1,29,0,0
1997,2025-02,2,55,1,0
2821,2025-08,0,,0,0
2821,2025-09,0,0,0,0
2821,2025-10,0,0,0,0
2821,2025-11,2,80,1,1
2821,2025-12,1,28,0,0
2822,2024-09,2,47,0,0
2822,2024-10,0,0,0,0
2822,2024-11,4,113,0,0
2822,2024-12,2,66,1,0
2823,2025-02,0,0,0,0
2823,2025-03,2,39,1,0
2823,2025-04,1,22,1,0
2823,2025-05,0,0,0,0
2823,2025-06,1,33,0,0
2823,2025-07,3,67,0,1
2823,2025-08,1,36,1,1
2823,2025-09,1,21,0,1
2823,2025-10,1,24,0,0
2823,2025-11,0,0,0,0
2823,2025-12,3,118,1,1
2824,2024-12,9,227,0,0
2824,2025-01,9,323,0,0
2824,2025-02,7,289,0,0
2824,2025-03,9,351,0,0
2824,2025-04,5,199,0,0
2824,2025-05,10,391,0,0
2824,2025-06,14,551,0,0
2824,2025-07,12,462,0,0
2824,2025-08,10,333,0,0
2824,2025-09,9,362,0,0
2824,2025-10,11,341,0,0
2824,2025-11,11,270,0,0
2824,2025-12,6,179,0,0
2825,2025-04,5,176,1,0
2825,2025-05,9,235,5,0
2825,2025-06,9,,3,0
2825,2025-07,9,344,4,0
2825,2025-08,4,108,2,0
2825,2025-09,6,125,1,0
2825,2025-10,9,218,8,0
2825,2025-11,7,261,2,0
2825,2025-12,9,372,1,0
2826,2024-12,0,0,0,0
2826,2025-01,0,0,0,0
2826,2025-02,0,0,0,0
2826,2025-03,1,40,1,0
2826,2025-04,1,41,1,1
2826,2025-05,0,0,0,0
2826,2025-06,0,0,0,0
2826,2025-07,1,35,1,1
2826,2025-08,1,41,0,0
2826,2025-09,0,0,0,1
2826,2025-10,0,0,0,0
2826,2025-11,0,0,0,1
2827,2025-06,3,98,0,0
2827,2025-07,1,20,0,1
2827,2025-08,3,108,0,0
2827,2025-09,2,53,0,0
2827,2025-10,2,60,0,0
2827,2025-11,3,76,0,0
2827,2025-12,2,62,0,0
2828,2025-06,1,40,0,0
2828,2025-07,1,,1,0
2828,2025-08,0,0,0,0
2828,2025-09,1,39,1,0
2828,2025-10,3,104,2,0
2828,2025-11,2,70,0,0
2828,2025-12,1,25,0,0
2829,2025-09,3,63,0,0
2829,2025-10,4,129,0,0
2829,2025-11,2,57,0,1
2829,2025-12,2,71,0,0
2830,2024-08,5,165,0,0
2830,2024-09,2,55,0,0
2830,2024-10,2,61,0,0
2830,2024-11,4,139,0,0
2831,2025-08,1,34,0,0
2831,2025-09,1,38,0,0
2832,2025-06,13,525,3,1
2832,2025-07,23,741,4,0
2832,2025-08,19,581,7,0
2832,2025-09,21,870,6,0
2832,2025-10,21,439,7,0
2832,2025-11,14,350,1,0
2832,2025-12,12,233,5,0
2833,2025-07,0,0,0,0
2833,2025-08,3,108,0,0
2833,2025-09,2,36,0,0
2834,2025-09,7,137,2,1
2834,2025-10,13,318,6,0
2834,2025-11,12,357,5,0
2834,2025-12,6,200,1,0
2835,2025-06,1,34,1,0
2835,2025-07,8,176,4,0
2835,2025-08,3,75,1,0
2835,2025-09,2,75,0,0
2835,2025-10,6,209,1,0
2835,2025-11,7,228,1,0
2835,2025-12,5,131,2,0
2836,2024-12,0,0,0,0
2836,2025-01,0,0,0,0
2836,2025-02,1,33,0,0
2836,2025-03,2,60,0,0
2836,2025-04,0,0,0,0
2836,2025-05,0,0,0,0
2836,2025-06,0,0,0,1
2836,2025-07,0,0,0,0
2836,2025-08,0,0,0,0
2836,2025-09,0,0,0,1
2836,2025-10,2,84,0,0
2836,2025-11,0,0,0,0
2837,2025-04,4,162,2,1
2838,2025-05,1,22,1,0
2838,2025-06,1,19,0,0
2838,2025-07,1,27,2,0
2838,2025-08,0,0,0,0
2838,2025-09,0,0,0,0
2838,2025-10,2,41,0,0
2838,2025-11,3,116,0,1
2838,2025-12,1,34,0,0
2839,2025-08,6,144,1,0
2839,2025-09,5,171,2,0
2839,2025-10,7,143,1,0
2840,2024-07,16,532,2,0
2840,2024-08,9,335,2,0
2840,2024-09,12,363,2,0
2840,2024-10,10,280,2,0
2840,2024-11,13,457,1,0
2840,2024-12,10,407,4,0
2840,2025-01,14,493,6,0
2840,2025-02,13,521,4,0
2840,2025-03,12,490,1,0
2840,2025-04,7,247,1,0
2840,2025-05,8,276,1,0
2840,2025-06,8,161,3,0
2840,2025-07,15,376,6,0
2840,2025-08,10,226,1,0
2840,2025-09,13,302,2,0
2840,2025-10,5,132,0,0
2840,2025-11,10,342,3,0
2840,2025-12,11,419,2,0
2841,2025-05,2,51,0,0
2841,2025-06,1,21,1,0
2841,2025-07,3,84,0,0
2841,2025-08,0,0,0,0
2841,2025-09,1,41,0,0
2841,2025-10,0,0,0,0
2841,2025-11,0,0,0,0
2841,2025-12,1,38,0,1
2842,2024-09,2,80,0,0
2842,2024-10,4,116,0,0
2842,2024-11,0,0,0,0
2842,2024-12,2,47,0,0
2842,2025-01,0,0,0,0
2842,2025-02,2,52,0,0
2842,2025-03,1,36,0,1
2843,2025-01,17,624,12,0
2843,2025-02,15,607,4,0
2843,2025-03,15,511,1,1
2843,2025-04,23,523,3,1
2843,2025-05,16,587,7,1
2843,2025-06,26,723,5,1
2843,2025-07,15,539,6,1
2843,2025-08,18,492,5,0
2843,2025-09,19,712,2,0
2843,2025-10,21,813,4,0
2843,2025-11,11,200,2,0
2843,2025-12,9,343,3,0
2844,2025-06,4,129,5,0
2844,2025-07,8,229,1,0
2844,2025-08,8,306,0,0
2844,2025-09,8,,4,0
2844,2025-10,12,416,1,2
2844,2025-11,5,146,5,0
2844,2025-12,6,162,0,0
2845,2025-07,2,49,0,0
2845,2025-08,5,204,0,0
2845,2025-09,1,21,0,0
2845,2025-10,1,24,0,0
2845,2025-11,1,21,0,0
2845,2025-12,3,110,0,0
2846,2025-01,9,169,0,0
2846,2025-02,12,374,0,0
2846,2025-03,9,175,0,0
2846,2025-04,9,318,0,0
2846,2025-05,15,584,0,0
2846,2025-06,12,404,0,0
2846,2025-07,20,555,0,0
2846,2025-08,17,479,0,0
2846,2025-09,20,583,0,0
2846,2025-10,9,276,0,0
2846,2025-11,8,224,0,0
2846,2025-12,8,311,0,1
2847,2024-09,14,527,0,0
2847,2024-10,5,177,0,0
2847,2024-11,10,372,0,0
2847,2024-12,10,251,0,0
2847,2025-01,10,235,0,1
2847,2025-02,10,385,0,0
2847,2025-03,8,190,0,0
2847,2025-04,19,373,0,0
2847,2025-05,11,250,0,0
2847,2025-06,9,351,0,0
2847,2025-07,6,177,0,0
2847,2025-08,13,257,0,0
2847,2025-09,9,174,0,0
2847,2025-10,5,127,0,0
2847,2025-11,19,583,0,0
2847,2025-12,3,101,0,0
2848,2024-10,1,37,0,0
2849,2025-03,4,113,0,0
2849,2025-04,5,201,0,0
2849,2025-05,6,151,0,0
2850,2025-08,3,116,2,0
2850,2025-09,2,67,2,0
2850,2025-10,1,18,0,1
2850,2025-11,3,95,0,0
2850,2025-12,2,66,1,0
2851,2024-10,7,211,4,0
2851,2024-11,7,216,0,0
2851,2024-12,0,0,0,0
2851,2025-01,0,0,0,1
2851,2025-02,2,38,0,0
2851,2025-03,2,61,1,1
2851,2025-04,0,0,0,0
2851,2025-05,2,44,0,0
2851,2025-06,1,32,0,0
2852,2025-10,0,0,0,0
2852,2025-11,1,36,1,0
2852,2025-12,1,19,1,0
2853,2024-11,3,88,0,0
2853,2024-12,2,40,0,0
2853,2025-01,0,0,0,0
2853,2025-02,2,70,0,0
2853,2025-03,2,62,0,0
2853,2025-04,2,58,0,0
2853,2025-05,4,98,0,0
2853,2025-06,1,18,0,0
2853,2025-07,0,0,0,0
2853,2025-08,2,57,0,0
2853,2025-09,1,34,0,0
2854,2025-03,5,177,3,0
2854,2025-04,4,140,1,0
2854,2025-05,2,60,1,0
2854,2025-06,2,80,3,0
2854,2025-07,5,183,5,0
2854,2025-08,3,99,2,1
2854,2025-09,6,139,1,0
2854,2025-10,2,38,0,0
2854,2025-11,2,73,1,2
2854,2025-12,4,149,3,0
2855,2025-10,3,125,0,1
2855,2025-11,4,73,0,1
2855,2025-12,3,125,0,0
2856,2025-03,7,238,0,0
2856,2025-04,14,270,4,0
2856,2025-05,8,311,2,0
2856,2025-06,13,285,3,0
2856,2025-07,7,285,1,1
2856,2025-08,6,175,1,0
2856,2025-09,7,262,1,0
2856,2025-10,7,135,1,0
2856,2025-11,6,214,2,0
2856,2025-12,6,204,1,0
2857,2025-07,2,69,1,0
2857,2025-08,0,0,0,0
2857,2025-09,0,0,0,0
2857,2025-10,2,37,3,0
2857,2025-11,1,22,0,0
2857,2025-12,3,84,1,0
2858,2025-10,4,126,1,0
2858,2025-11,2,39,0,0
2858,2025-12,2,67,2,0
2859,2024-08,9,322,3,0
2859,2024-09,8,305,3,0
2859,2024-10,13,493,3,0
2859,2024-11,11,356,3,0
2859,2024-12,12,301,3,0
2859,2025-01,10,265,3,0
2859,2025-02,9,322,2,0
2859,2025-03,6,225,2,0
2859,2025-04,8,230,1,0
2859,2025-05,7,170,1,0
2859,2025-06,7,181,0,0
2859,2025-07,4,,1,1
2859,2025-08,8,328,2,2
2859,2025-09,11,275,2,1
2859,2025-10,7,161,4,2
2859,2025-11,5,90,1,1
2859,2025-12,11,312,4,0
3631,2025-07,1,34,0,1
2860,2024-07,5,169,1,0
2860,2024-08,11,338,3,0
2860,2024-09,9,316,2,0
2860,2024-10,9,180,1,0
2860,2024-11,3,121,2,0
2860,2024-12,6,248,0,0
2860,2025-01,9,300,4,0
2860,2025-02,9,204,3,0
2860,2025-03,8,306,1,0
2860,2025-04,10,397,3,0
2860,2025-05,4,140,1,0
2860,2025-06,8,172,0,0
2860,2025-07,3,71,0,0
2860,2025-08,8,186,2,0
2860,2025-09,6,244,4,0
2860,2025-10,5,113,1,0
2860,2025-11,6,137,1,1
2860,2025-12,7,212,0,0
2861,2025-07,8,278,0,0
2861,2025-08,12,245,0,0
2861,2025-09,11,241,0,0
2861,2025-10,9,300,0,1
2861,2025-11,9,209,0,0
2861,2025-12,7,284,0,0
2862,2025-07,11,252,0,0
2862,2025-08,9,255,0,0
2862,2025-09,15,489,0,0
2862,2025-10,16,457,0,0
2862,2025-11,5,205,0,0
2862,2025-12,9,233,0,0
2863,2024-08,0,0,0,0
2863,2024-09,0,0,0,1
2864,2025-03,2,80,2,0
2864,2025-04,3,97,1,0
2864,2025-05,0,0,0,0
2864,2025-06,2,78,0,0
2864,2025-07,0,0,0,0
2864,2025-08,0,0,0,0
2864,2025-09,1,36,0,0
2864,2025-10,2,39,1,0
2864,2025-11,1,25,0,0
2864,2025-12,4,106,1,0
2865,2025-08,1,25,0,0
2865,2025-09,2,60,0,0
2865,2025-10,4,110,0,0
2865,2025-11,3,70,0,0
2865,2025-12,0,0,0,0
2866,2025-10,1,25,1,0
2867,2025-05,2,67,0,0
2867,2025-06,7,140,2,0
2867,2025-07,6,127,0,0
2867,2025-08,2,37,0,0
2867,2025-09,4,83,0,0
2867,2025-10,3,87,1,0
2867,2025-11,5,103,1,0
2867,2025-12,5,99,4,0
2868,2024-10,4,93,4,0
2868,2024-11,5,147,2,0
2868,2024-12,1,22,0,0
2868,2025-01,0,0,0,0
2868,2025-02,1,33,0,0
2868,2025-03,2,56,2,0
2868,2025-04,2,72,0,0
2868,2025-05,0,0,0,0
2868,2025-06,1,33,0,0
2868,2025-07,0,0,0,0
2868,2025-08,2,67,0,0
2868,2025-09,0,0,0,0
2868,2025-10,0,0,0,0
2868,2025-11,0,0,0,0
2868,2025-12,0,0,0,0
2869,2024-08,8,266,5,0
2869,2024-09,11,445,5,0
2869,2024-10,2,62,0,0
2869,2024-11,6,156,1,0
2869,2024-12,7,239,0,0
2869,2025-01,2,82,0,0
2869,2025-02,5,160,2,0
2869,2025-03,4,115,1,0
2869,2025-04,6,195,2,0
2869,2025-05,3,96,0,0
2869,2025-06,3,118,0,0
2869,2025-07,4,160,3,0
2869,2025-08,7,242,4,0
2869,2025-09,4,100,2,0
2869,2025-10,5,180,4,0
2869,2025-11,7,228,3,0
2869,2025-12,4,96,0,0
2870,2025-09,7,206,0,0
2870,2025-10,6,194,0,0
2870,2025-11,6,222,0,0
2870,2025-12,4,111,0,0
2871,2024-11,3,126,3,0
2871,2024-12,11,332,4,0
2871,2025-01,9,174,2,0
2871,2025-02,6,189,3,0
2871,2025-03,8,230,3,0
2871,2025-04,6,150,2,0
2871,2025-05,7,127,2,0
2871,2025-06,5,166,1,0
2871,2025-07,9,223,6,0
2871,2025-08,7,211,3,0
2871,2025-09,11,315,0,0
2871,2025-10,5,174,1,1
2872,2024-12,6,131,0,0
2872,2025-01,8,170,0,0
2872,2025-02,9,254,0,0
2872,2025-03,7,239,0,0
2872,2025-04,3,108,0,0
2872,2025-05,9,349,0,0
2872,2025-06,5,110,0,0
2872,2025-07,2,55,0,1
2872,2025-08,10,190,0,0
2872,2025-09,11,356,0,0
2872,2025-10,3,85,0,1
2872,2025-11,6,147,0,0
2872,2025-12,11,259,0,0
2873,2025-09,3,105,0,0
2873,2025-10,3,72,0,0
2873,2025-11,3,71,0,0
2874,2025-06,1,23,0,0
2874,2025-07,2,42,0,1
2874,2025-08,3,65,0,0
2874,2025-09,2,38,0,0
2874,2025-10,4,160,0,0
2874,2025-11,1,19,0,0
2874,2025-12,3,83,0,0
2875,2024-10,6,113,1,0
2875,2024-11,9,171,4,0
2875,2024-12,7,274,3,1
2875,2025-01,11,438,1,0
2875,2025-02,4,83,1,1
2875,2025-03,2,65,1,0
2875,2025-04,13,265,3,0
2875,2025-05,4,124,2,0
2875,2025-06,8,246,2,0
2875,2025-07,7,180,2,0
2875,2025-08,5,105,1,0
2875,2025-09,12,279,1,0
2875,2025-10,6,173,1,0
2875,2025-11,7,192,2,0
2875,2025-12,2,41,0,0
2876,2024-09,4,76,1,1
2876,2024-10,5,197,1,0
2876,2024-11,7,187,3,0
2876,2024-12,4,147,5,0
2876,2025-01,2,36,0,0
2876,2025-02,1,28,0,0
2876,2025-03,3,113,4,0
2876,2025-04,3,86,0,0
2876,2025-05,1,39,0,1
2876,2025-06,2,45,0,1
2876,2025-07,0,0,0,0
2876,2025-08,0,0,0,0
2876,2025-09,3,99,2,1
2876,2025-10,2,83,2,0
2876,2025-11,0,0,0,0
2876,2025-12,1,26,0,0
2877,2024-07,4,132,0,0
2877,2024-08,1,28,0,0
2877,2024-09,1,26,0,0
2877,2024-10,2,79,0,0
2878,2025-01,1,24,0,0
2878,2025-02,2,69,0,1
2878,2025-03,5,155,0,0
2878,2025-04,3,58,0,0
2878,2025-05,1,26,0,1
2878,2025-06,0,0,0,0
2878,2025-07,1,21,0,0
2878,2025-08,1,31,0,0
2878,2025-09,2,74,0,0
2878,2025-10,1,36,0,0
2878,2025-11,1,,0,0
2878,2025-12,0,0,0,0
2879,2025-07,6,167,0,0
2879,2025-08,1,29,0,0
2879,2025-09,4,89,0,0
2879,2025-10,3,110,0,0
2880,2025-10,4,132,0,0
2880,2025-11,9,328,0,0
2880,2025-12,6,252,0,0
2881,2025-02,1,39,0,0
2881,2025-03,1,40,0,0
2882,2025-10,3,121,0,0
2882,2025-11,2,49,0,0
2882,2025-12,6,189,0,0
2883,2024-08,5,195,1,0
2883,2024-09,2,57,0,0
2883,2024-10,7,230,2,0
2883,2024-11,3,79,1,0
2883,2024-12,5,,1,0
2883,2025-01,2,70,0,0
2883,2025-02,4,134,1,0
2883,2025-03,3,115,2,0
2883,2025-04,8,219,2,0
2883,2025-05,5,183,3,0
2883,2025-06,10,269,1,0
2883,2025-07,6,150,3,0
2883,2025-08,5,162,2,0
2883,2025-09,5,183,1,1
2883,2025-10,2,48,0,0
2883,2025-11,4,136,1,0
2883,2025-12,3,98,2,0
2884,2024-07,4,87,0,0
2884,2024-08,3,69,0,0
2884,2024-09,1,23,0,0
2884,2024-10,3,98,0,1
2884,2024-11,2,47,0,1
2884,2024-12,1,19,0,0
2884,2025-01,1,40,0,1
2884,2025-02,1,24,0,0
3944,2025-04,3,108,0,0
2884,2025-03,3,97,0,0
2884,2025-04,1,33,0,0
2884,2025-05,0,0,0,2
2884,2025-06,2,67,0,1
2885,2024-10,1,39,0,0
2885,2024-11,1,29,1,0
2885,2024-12,1,24,0,0
2885,2025-01,4,104,0,0
2885,2025-02,4,100,4,0
2885,2025-03,0,0,0,0
2885,2025-04,1,35,0,0
2885,2025-05,0,0,0,0
2885,2025-06,0,0,0,0
2885,2025-07,1,41,1,0
2885,2025-08,1,29,0,0
2886,2025-04,3,112,0,0
2886,2025-05,4,110,2,0
2886,2025-06,5,134,1,0
2886,2025-07,2,39,2,0
2886,2025-08,7,175,3,0
2886,2025-09,5,137,0,0
2886,2025-10,5,202,0,0
2886,2025-11,1,23,0,1
2887,2024-10,7,264,0,2
2887,2024-11,2,71,0,0
2887,2024-12,8,335,0,0
2887,2025-01,9,333,0,1
2887,2025-02,5,137,0,0
2888,2025-10,4,106,0,0
2888,2025-11,1,36,1,1
2889,2025-07,3,70,0,0
2889,2025-08,3,57,0,0
2889,2025-09,2,52,0,0
2889,2025-10,1,39,0,0
2889,2025-11,3,117,0,0
2890,2024-09,2,70,1,0
2890,2024-10,0,0,0,0
2890,2024-11,1,39,1,0
2890,2024-12,0,0,0,0
2890,2025-01,0,0,0,0
2890,2025-02,0,0,0,0
2890,2025-03,1,31,1,0
2890,2025-04,0,0,0,0
2890,2025-05,0,0,0,0
2890,2025-06,1,41,0,0
2890,2025-07,1,30,0,0
2890,2025-08,0,0,0,0
2891,2025-07,2,39,0,0
2891,2025-08,2,73,0,0
2891,2025-09,0,0,0,0
2891,2025-10,1,38,0,0
2891,2025-11,1,40,0,1
2892,2025-05,4,111,0,0
2893,2024-09,4,155,0,0
2893,2024-10,1,33,0,0
2893,2024-11,3,96,0,1
2893,2024-12,1,35,0,0
2893,2025-01,2,62,0,0
2893,2025-02,2,75,0,0
2893,2025-03,0,0,0,0
2893,2025-04,2,66,0,0
2893,2025-05,1,29,0,0
2893,2025-06,3,98,0,0
2893,2025-07,2,42,0,0
2893,2025-08,2,66,0,0
2893,2025-09,0,0,0,0
2893,2025-10,0,0,0,0
2893,2025-11,1,30,0,0
2893,2025-12,1,23,0,0
2894,2025-06,1,20,0,0
2894,2025-07,2,75,0,0
2894,2025-08,1,30,0,1
2894,2025-09,2,75,0,0
2894,2025-10,3,57,0,0
2894,2025-11,4,125,0,0
2894,2025-12,0,0,0,0
2895,2025-08,1,22,0,0
2895,2025-09,0,0,0,0
2895,2025-10,1,33,0,0
2895,2025-11,0,0,0,0
2896,2024-11,2,45,1,0
2896,2024-12,3,112,0,0
2896,2025-01,4,113,0,0
2896,2025-02,4,,1,0
2896,2025-03,2,82,0,1
2896,2025-04,1,42,2,0
2897,2025-02,15,439,6,0
2897,2025-03,10,350,3,0
2897,2025-04,10,402,3,0
2897,2025-05,15,413,2,0
2897,2025-06,13,509,2,1
2897,2025-07,10,257,3,0
2897,2025-08,12,288,2,0
2897,2025-09,12,438,5,0
2897,2025-10,14,558,2,0
2897,2025-11,11,217,2,0
2897,2025-12,14,455,2,0
2898,2024-11,3,81,0,0
2898,2024-12,3,56,0,0
2898,2025-01,2,,1,0
2898,2025-02,1,25,1,0
2898,2025-03,2,67,1,0
2898,2025-04,2,83,0,0
2898,2025-05,2,69,0,0
2898,2025-06,3,83,0,0
2898,2025-07,1,26,0,0
2898,2025-08,1,19,0,0
2898,2025-09,2,72,0,0
2898,2025-10,1,35,0,0
2899,2025-07,8,211,0,0
2899,2025-08,6,184,0,1
2899,2025-09,7,,0,0
2899,2025-10,4,149,0,0
2899,2025-11,8,287,0,0
2899,2025-12,8,305,0,0
2900,2025-10,1,19,1,0
2900,2025-11,5,159,0,0
2900,2025-12,3,66,0,0
2901,2024-10,9,197,4,0
2901,2024-11,4,131,2,0
2901,2024-12,2,40,1,1
2901,2025-01,5,111,3,0
2901,2025-02,5,173,1,1
2901,2025-03,3,123,1,0
2901,2025-04,4,123,4,1
2901,2025-05,4,153,3,0
2901,2025-06,4,165,2,1
2901,2025-07,2,59,4,1
2901,2025-08,6,220,4,0
2901,2025-09,6,172,2,0
2901,2025-10,5,120,3,0
2901,2025-11,3,117,2,0
2901,2025-12,5,122,1,1
2902,2025-06,5,182,0,1
2902,2025-07,7,167,0,0
2902,2025-08,2,46,0,0
2902,2025-09,5,134,0,0
2903,2025-07,5,141,0,0
2903,2025-08,3,59,0,0
2903,2025-09,4,101,4,0
2903,2025-10,2,67,0,0
2903,2025-11,2,66,0,0
2903,2025-12,1,21,0,0
2904,2025-01,3,89,0,0
2904,2025-02,7,183,0,0
2904,2025-03,2,79,0,0
2904,2025-04,5,177,0,1
2905,2025-02,6,209,2,0
2905,2025-03,6,175,1,0
2905,2025-04,9,216,4,0
2905,2025-05,7,241,4,0
2905,2025-06,6,217,1,0
2905,2025-07,9,325,4,0
2905,2025-08,9,224,8,0
2905,2025-09,6,169,4,1
2905,2025-10,6,188,4,0
2905,2025-11,5,139,2,0
2905,2025-12,3,81,1,0
2906,2024-12,1,37,0,0
2906,2025-01,6,203,0,0
2906,2025-02,3,102,0,0
2906,2025-03,6,177,0,0
2906,2025-04,9,197,0,0
2906,2025-05,4,147,0,0
2906,2025-06,5,145,0,0
2906,2025-07,5,101,0,0
2906,2025-08,9,280,0,0
2907,2025-06,3,112,1,0
2907,2025-07,3,103,0,0
2907,2025-08,3,55,0,0
2907,2025-09,0,0,0,0
2908,2025-10,3,124,0,0
2908,2025-11,5,152,0,0
2908,2025-12,0,0,0,0
2909,2025-09,4,97,0,0
2909,2025-10,1,37,0,0
2909,2025-11,2,50,0,0
2909,2025-12,2,54,0,0
2910,2025-02,5,123,2,0
2910,2025-03,7,179,1,0
2910,2025-04,4,126,1,0
2910,2025-05,6,175,0,0
2910,2025-06,2,,0,0
2910,2025-07,3,73,1,0
2910,2025-08,6,153,3,0
2910,2025-09,7,279,8,0
2910,2025-10,10,185,3,0
2910,2025-11,8,252,2,0
2910,2025-12,8,287,3,0
2911,2025-07,8,250,0,0
2911,2025-08,3,118,0,1
2911,2025-09,4,83,0,0
2911,2025-10,7,230,0,0
2911,2025-11,1,22,0,0
2912,2025-10,4,105,1,1
2912,2025-11,3,91,0,0
2912,2025-12,1,32,2,0
2913,2024-09,2,47,0,0
2913,2024-10,5,181,0,0
2913,2024-11,1,28,0,1
2913,2024-12,0,0,0,0
2913,2025-01,2,42,0,0
2913,2025-02,0,0,0,1
2913,2025-03,1,37,0,1
2914,2024-11,2,78,3,1
2914,2024-12,0,0,0,0
2914,2025-01,3,106,2,0
2914,2025-02,5,144,1,0
2914,2025-03,3,58,1,0
2914,2025-04,8,149,3,0
2914,2025-05,5,162,3,0
2914,2025-06,8,265,4,0
2914,2025-07,1,23,0,0
2914,2025-08,5,209,3,0
2914,2025-09,3,102,0,0
2914,2025-10,2,80,2,0
2914,2025-11,2,48,1,0
2914,2025-12,3,115,3,0
2915,2025-06,3,114,0,0
2915,2025-07,4,128,0,1
2915,2025-08,3,125,0,0
2915,2025-09,3,79,0,0
2915,2025-10,0,0,0,0
2915,2025-11,2,77,0,0
2915,2025-12,3,89,0,1
2916,2024-09,4,120,0,0
2916,2024-10,2,57,0,0
2916,2024-11,0,0,0,0
2916,2024-12,3,75,0,0
2916,2025-01,2,72,0,1
2916,2025-02,2,70,0,0
2916,2025-03,1,24,0,1
2917,2024-09,6,113,0,0
2917,2024-10,6,147,0,0
2917,2024-11,4,91,0,0
2917,2024-12,5,172,0,0
2917,2025-01,4,73,0,1
2917,2025-02,1,31,0,0
2917,2025-03,1,24,0,0
2917,2025-04,1,25,0,0
2917,2025-05,1,19,0,0
2917,2025-06,1,40,0,0
2917,2025-07,2,50,0,0
2917,2025-08,0,0,0,0
2918,2024-11,9,369,0,0
2918,2024-12,8,232,0,0
2918,2025-01,12,352,0,0
2918,2025-02,10,272,0,0
2918,2025-03,14,489,0,1
2918,2025-04,9,169,0,0
2918,2025-05,7,279,0,0
2918,2025-06,17,557,0,0
2918,2025-07,12,241,0,0
2918,2025-08,5,202,0,0
2918,2025-09,6,241,0,0
2918,2025-10,10,307,0,0
2918,2025-11,8,237,0,0
2918,2025-12,12,455,0,0
2919,2025-10,1,37,0,0
2919,2025-11,1,38,0,0
2919,2025-12,0,0,0,0
2920,2025-06,1,29,0,0
2920,2025-07,3,100,0,0
2920,2025-08,2,39,0,1
2921,2025-09,2,44,0,0
2922,2024-11,0,,0,0
2922,2024-12,1,26,0,0
2922,2025-01,2,66,0,0
2922,2025-02,2,65,0,0
2922,2025-03,1,38,0,0
2922,2025-04,1,27,0,0
2922,2025-05,1,39,0,0
2922,2025-06,1,23,0,0
2922,2025-07,3,69,0,0
2922,2025-08,1,38,0,0
2922,2025-09,1,29,0,0
2922,2025-10,0,0,0,0
2923,2025-10,2,54,0,0
2923,2025-11,0,0,0,0
2923,2025-12,1,39,0,0
2924,2025-07,1,28,0,0
2924,2025-08,1,37,0,0
2924,2025-09,3,74,0,1
2924,2025-10,3,69,1,0
2924,2025-11,0,0,0,1
2925,2025-07,3,123,1,0
2925,2025-08,2,41,0,0
2925,2025-09,2,48,1,0
2925,2025-10,2,44,0,0
2925,2025-11,0,0,0,0
2925,2025-12,0,0,0,0
2926,2025-06,3,80,0,0
2926,2025-07,7,277,0,0
2926,2025-08,12,352,0,0
2926,2025-09,4,96,0,0
2926,2025-10,7,157,0,0
2926,2025-11,5,135,0,0
2926,2025-12,5,172,0,0
2927,2024-10,5,209,0,0
2928,2025-10,4,76,0,0
2928,2025-11,2,66,0,0
2928,2025-12,6,,0,0
2929,2024-10,2,65,1,1
2929,2024-11,7,157,1,0
2929,2024-12,8,169,3,0
2929,2025-01,6,148,1,1
2929,2025-02,9,271,2,0
2929,2025-03,8,270,2,0
2929,2025-04,6,216,2,0
2003,2024-11,2,81,2,0
2929,2025-05,6,196,0,0
2929,2025-06,4,131,1,0
2929,2025-07,11,442,1,0
2929,2025-08,6,130,0,0
2929,2025-09,9,356,1,0
2929,2025-10,8,205,2,0
2929,2025-11,11,265,3,0
2929,2025-12,6,182,0,0
2930,2025-07,4,138,0,0
2930,2025-08,0,0,0,0
2930,2025-09,4,160,1,0
2930,2025-10,2,43,1,0
2930,2025-11,2,43,0,0
2930,2025-12,0,0,0,0
2931,2024-11,5,145,0,0
2931,2024-12,5,182,0,0
2931,2025-01,2,64,0,0
2931,2025-02,2,50,0,0
2931,2025-03,4,149,0,0
2931,2025-04,2,61,0,0
2931,2025-05,3,78,0,1
2931,2025-06,6,209,0,0
2931,2025-07,2,36,0,0
2931,2025-08,5,198,0,0
2931,2025-09,2,42,0,0
2931,2025-10,3,64,0,0
2931,2025-11,1,39,0,0
2931,2025-12,4,91,0,0
2932,2024-09,3,118,3,0
2932,2024-10,7,216,2,0
2932,2024-11,4,93,4,0
2932,2024-12,3,106,2,0
2932,2025-01,6,193,4,0
2932,2025-02,7,293,2,0
2932,2025-03,3,86,0,0
2932,2025-04,5,140,2,0
2932,2025-05,7,154,3,0
2932,2025-06,3,91,0,0
2932,2025-07,4,136,1,0
2932,2025-08,6,228,2,0
2933,2025-01,4,117,0,0
2933,2025-02,5,98,0,0
2933,2025-03,5,,0,0
2933,2025-04,3,122,0,0
2933,2025-05,3,124,0,0
2933,2025-06,1,38,0,0
2933,2025-07,6,215,0,0
2933,2025-08,5,112,0,0
2933,2025-09,0,0,0,0
2933,2025-10,3,94,0,0
2933,2025-11,2,38,0,0
2933,2025-12,5,105,0,0
2934,2024-12,2,64,0,0
2934,2025-01,6,,1,0
2935,2025-04,0,0,0,0
2935,2025-05,0,0,0,0
2936,2025-03,2,60,0,0
2936,2025-04,2,53,0,0
2936,2025-05,0,0,0,0
2936,2025-06,0,0,0,0
2936,2025-07,0,0,0,0
2936,2025-08,0,0,0,0
2936,2025-09,0,0,0,0
2936,2025-10,0,0,0,0
2936,2025-11,1,34,0,0
2936,2025-12,1,32,0,0
2937,2024-12,3,77,0,0
2937,2025-01,2,64,0,0
2937,2025-02,4,150,1,0
2938,2024-10,7,154,2,0
2938,2024-11,5,,0,0
2938,2024-12,8,227,1,0
2938,2025-01,4,151,0,0
2938,2025-02,8,240,3,0
2938,2025-03,3,74,0,0
2938,2025-04,4,91,2,0
2938,2025-05,7,214,1,0
399,2025-07,0,0,0,0
2938,2025-06,12,416,3,0
2938,2025-07,8,246,1,0
2938,2025-08,11,367,7,0
2938,2025-09,4,75,1,0
2938,2025-10,5,169,0,0
2938,2025-11,6,196,2,0
2938,2025-12,6,131,3,0
2939,2025-10,8,264,2,0
2939,2025-11,10,373,5,0
2939,2025-12,9,213,3,0
2940,2025-01,0,0,0,0
2940,2025-02,3,101,0,0
2940,2025-03,1,41,0,0
2940,2025-04,5,146,0,0
2940,2025-05,2,40,0,0
2940,2025-06,3,,0,0
2940,2025-07,4,128,0,0
2940,2025-08,3,74,0,0
2940,2025-09,1,40,0,0
2940,2025-10,0,0,0,0
2940,2025-11,2,37,0,0
2940,2025-12,0,0,0,0
2941,2025-07,3,68,1,1
2941,2025-08,1,30,0,0
2942,2025-06,4,109,0,0
2942,2025-07,2,37,0,0
2942,2025-08,6,115,0,0
2942,2025-09,7,207,0,0
2942,2025-10,7,284,0,0
2942,2025-11,4,119,0,0
2942,2025-12,4,167,0,0
2943,2025-07,1,28,0,0
2943,2025-08,1,30,0,0
2943,2025-09,0,0,0,0
2943,2025-10,1,29,0,0
2943,2025-11,0,0,0,0
2943,2025-12,2,43,0,0
2944,2024-09,6,163,0,0
2944,2024-10,2,36,0,0
2944,2024-11,2,76,0,0
2944,2024-12,2,46,0,0
2945,2025-02,5,177,0,0
2945,2025-03,3,79,0,0
2945,2025-04,9,239,0,0
2945,2025-05,9,186,0,0
2945,2025-06,7,261,0,1
2945,2025-07,6,180,0,0
2945,2025-08,4,95,0,0
2945,2025-09,5,152,0,1
2945,2025-10,5,182,0,0
2945,2025-11,7,141,0,0
2945,2025-12,8,325,0,1
2946,2025-08,2,64,0,0
2946,2025-09,1,21,0,0
2946,2025-10,3,121,0,0
2946,2025-11,2,79,0,0
2946,2025-12,2,54,0,0
2947,2024-09,7,240,0,0
2948,2025-04,5,142,2,0
2948,2025-05,3,92,0,0
2948,2025-06,1,40,0,0
2948,2025-07,3,119,1,0
2948,2025-08,8,231,3,0
2949,2025-08,0,0,0,0
3099,2025-12,9,310,1,0
2949,2025-09,3,90,0,0
2949,2025-10,2,55,0,0
2950,2025-05,1,30,0,0
3125,2025-12,10,280,0,0
2950,2025-06,3,89,0,0
2950,2025-07,0,0,0,0
2950,2025-08,3,104,1,0
2951,2025-08,2,65,0,0
2951,2025-09,0,0,0,1
2951,2025-10,1,21,0,0
2951,2025-11,2,60,0,0
2951,2025-12,0,0,0,0
2952,2025-07,11,322,0,0
2952,2025-08,15,357,0,0
2952,2025-09,15,360,0,0
2952,2025-10,9,299,0,0
2952,2025-11,11,331,0,0
2952,2025-12,16,669,0,0
2953,2024-10,6,208,0,0
2953,2024-11,7,247,0,0
2953,2024-12,10,320,0,0
2953,2025-01,12,292,0,0
2953,2025-02,12,256,0,0
2953,2025-03,14,290,0,0
2953,2025-04,8,237,0,0
2953,2025-05,9,225,0,0
2953,2025-06,11,283,0,0
2953,2025-07,16,642,0,1
2953,2025-08,5,157,0,0
2953,2025-09,8,249,0,0
2953,2025-10,6,119,0,0
2953,2025-11,7,226,0,0
2953,2025-12,10,330,0,0
2954,2025-05,3,102,0,0
2954,2025-06,2,47,0,0
2954,2025-07,2,46,0,1
2954,2025-08,4,162,0,0
2954,2025-09,7,262,0,0
2954,2025-10,1,33,0,0
2955,2025-05,3,103,0,0
2955,2025-06,3,116,0,0
2955,2025-07,6,177,1,0
2955,2025-08,6,154,0,0
2955,2025-09,5,189,2,0
2955,2025-10,4,111,0,0
2955,2025-11,3,56,0,0
2955,2025-12,9,233,0,0
417,2024-09,3,62,0,0
2956,2025-02,3,83,0,0
2956,2025-03,2,80,0,0
2956,2025-04,7,269,0,0
2956,2025-05,10,239,0,0
2956,2025-06,5,119,0,0
2956,2025-07,10,248,0,0
2956,2025-08,7,238,0,0
2956,2025-09,7,247,0,0
2956,2025-10,4,148,0,0
2956,2025-11,9,369,0,0
2956,2025-12,6,201,0,0
2957,2025-06,3,87,3,0
2957,2025-07,1,29,1,0
2957,2025-08,1,25,0,0
2957,2025-09,5,107,3,0
2957,2025-10,4,129,3,0
2957,2025-11,2,56,0,0
2958,2025-03,5,172,0,0
2958,2025-04,10,397,0,0
2958,2025-05,9,250,0,0
2958,2025-06,6,235,0,0
2958,2025-07,6,117,0,0
2958,2025-08,7,198,0,0
2958,2025-09,8,291,0,0
2958,2025-10,8,202,0,0
2958,2025-11,4,116,0,0
2958,2025-12,11,215,0,0
2959,2025-03,1,33,0,0
2959,2025-04,2,42,0,0
2959,2025-05,2,81,0,0
2960,2024-10,4,119,0,0
2960,2024-11,5,164,0,0
2960,2024-12,4,103,0,0
2960,2025-01,7,210,0,0
2960,2025-02,4,90,0,0
2960,2025-03,8,239,0,0
2960,2025-04,4,146,0,0
2960,2025-05,8,168,0,0
2960,2025-06,2,82,0,0
2960,2025-07,4,79,0,1
2960,2025-08,3,94,0,1
2960,2025-09,3,62,0,1
2960,2025-10,4,154,0,0
2960,2025-11,7,151,0,0
2960,2025-12,4,134,0,1
2961,2025-03,12,426,0,0
2961,2025-04,13,242,0,0
2961,2025-05,11,217,0,0
2961,2025-06,13,339,0,0
2961,2025-07,15,391,0,0
2961,2025-08,14,373,0,0
2961,2025-09,16,512,0,0
2961,2025-10,5,110,0,0
2961,2025-11,12,465,0,0
2961,2025-12,11,351,0,0
2962,2025-06,4,109,0,0
2962,2025-07,3,118,0,0
2962,2025-08,2,66,2,0
2962,2025-09,2,83,0,3
2962,2025-10,4,100,2,0
2962,2025-11,5,,4,0
2962,2025-12,6,250,3,1
2963,2025-06,2,41,0,1
2963,2025-07,1,30,0,0
2963,2025-08,2,81,0,0
2963,2025-09,1,37,0,1
2963,2025-10,1,33,0,0
2963,2025-11,1,42,0,0
2963,2025-12,1,34,0,0
2964,2025-05,2,65,0,0
2964,2025-06,2,54,0,0
2964,2025-07,1,35,0,0
2964,2025-08,2,64,0,0
2964,2025-09,2,70,0,0
2964,2025-10,2,84,0,0
2964,2025-11,1,26,0,0
2964,2025-12,0,0,0,1
2965,2025-04,3,80,2,0
2965,2025-05,8,299,6,0
2965,2025-06,3,63,3,0
2965,2025-07,2,72,3,0
2965,2025-08,1,29,0,0
2965,2025-09,3,100,3,0
2965,2025-10,3,69,2,0
2965,2025-11,8,263,5,0
2965,2025-12,5,122,1,0
2966,2025-02,3,122,2,0
2966,2025-03,1,38,0,1
2966,2025-04,0,0,0,0
2966,2025-05,2,61,0,0
2966,2025-06,2,81,1,0
2966,2025-07,1,24,1,0
2966,2025-08,0,0,0,0
2966,2025-09,0,0,0,1
2966,2025-10,0,0,0,1
2966,2025-11,2,48,2,0
2966,2025-12,1,28,0,0
2967,2025-04,1,35,0,1
2967,2025-05,2,46,0,0
2967,2025-06,1,27,0,0
2967,2025-07,1,33,0,2
2967,2025-08,0,0,0,0
2968,2025-08,3,111,1,0
2968,2025-09,6,147,3,0
2968,2025-10,4,96,1,0
2968,2025-11,3,84,0,0
2968,2025-12,3,101,0,0
2969,2025-02,11,388,4,0
2969,2025-03,6,134,0,0
2969,2025-04,6,241,2,1
2969,2025-05,8,220,3,0
2969,2025-06,9,315,4,0
2969,2025-07,11,438,2,0
2969,2025-08,8,319,0,0
2969,2025-09,6,129,1,0
2969,2025-10,7,139,2,0
2970,2025-03,4,160,0,0
2970,2025-04,12,478,0,2
2970,2025-05,4,145,0,0
2970,2025-06,8,202,0,0
2970,2025-07,8,333,0,1
2970,2025-08,4,159,0,0
2970,2025-09,4,114,0,0
2970,2025-10,7,254,0,0
2970,2025-11,3,104,0,0
2970,2025-12,6,231,0,1
2971,2024-12,5,113,3,0
2971,2025-01,3,104,0,0
2971,2025-02,6,212,2,0
2971,2025-03,6,180,1,0
2971,2025-04,4,101,0,0
2971,2025-05,3,67,0,0
2971,2025-06,7,269,3,0
2971,2025-07,2,53,0,0
2971,2025-08,4,95,3,0
2971,2025-09,3,107,2,0
2971,2025-10,4,117,2,0
2971,2025-11,2,59,1,0
2971,2025-12,11,304,9,0
2972,2025-08,3,118,0,0
2973,2025-10,2,63,0,0
2973,2025-11,6,114,0,0
2973,2025-12,3,126,0,1
2974,2025-08,8,324,1,0
2974,2025-09,5,123,1,0
2974,2025-10,4,151,2,0
2974,2025-11,4,94,2,0
2974,2025-12,5,,3,0
2975,2025-08,2,64,0,0
2975,2025-09,5,155,2,0
2975,2025-10,3,109,0,0
2975,2025-11,1,29,0,0
2976,2025-02,4,101,0,0
2976,2025-03,2,78,0,0
2976,2025-04,5,165,0,0
2977,2025-02,2,37,2,0
2977,2025-03,4,111,4,0
2977,2025-04,3,126,2,0
2977,2025-05,6,227,2,0
2977,2025-06,5,186,3,0
2977,2025-07,5,145,2,0
2977,2025-08,5,141,3,0
2977,2025-09,4,111,0,0
2977,2025-10,8,258,6,1
2977,2025-11,8,190,2,0
2977,2025-12,5,146,1,0
2978,2024-09,2,45,0,0
2978,2024-10,2,37,0,1
2978,2024-11,2,68,0,1
2978,2024-12,0,0,0,0
2978,2025-01,2,51,0,0
2978,2025-02,0,0,0,0
2979,2025-09,2,55,0,0
1201,2025-11,25,1040,16,0
2979,2025-10,4,82,0,0
2979,2025-11,1,36,0,0
2979,2025-12,4,108,0,0
2980,2025-03,2,77,0,0
2980,2025-04,4,139,0,0
2980,2025-05,0,0,0,0
2980,2025-06,0,0,0,0
2980,2025-07,1,28,0,0
2980,2025-08,3,75,0,0
2980,2025-09,1,32,0,0
2980,2025-10,0,0,0,0
2980,2025-11,2,47,0,0
2980,2025-12,3,125,0,0
2981,2025-06,1,22,0,0
2981,2025-07,0,0,0,0
2981,2025-08,1,21,0,0
2982,2025-10,5,177,1,0
2982,2025-11,5,203,1,0
2982,2025-12,2,72,0,0
2983,2024-12,10,272,2,0
2983,2025-01,5,178,1,0
2983,2025-02,3,80,1,0
2983,2025-03,5,118,1,0
2983,2025-04,4,98,6,0
2983,2025-05,3,68,5,0
2983,2025-06,7,,2,0
2983,2025-07,3,88,3,0
2983,2025-08,5,203,4,0
2983,2025-09,2,71,2,0
2983,2025-10,2,63,1,0
2983,2025-11,6,195,2,0
2983,2025-12,3,72,2,1
2984,2025-07,1,37,0,0
2984,2025-08,2,56,3,0
2984,2025-09,2,67,0,0
2984,2025-10,1,35,0,0
2984,2025-11,0,0,0,1
2984,2025-12,1,20,0,0
2985,2024-12,4,84,1,0
2985,2025-01,4,149,3,1
2985,2025-02,0,0,0,0
2985,2025-03,6,192,3,0
2985,2025-04,1,27,0,0
2985,2025-05,3,119,0,0
2985,2025-06,6,110,2,0
2985,2025-07,4,,0,0
2985,2025-08,1,24,2,0
2985,2025-09,0,0,0,0
2985,2025-10,1,39,1,0
1796,2025-03,10,213,4,0
2985,2025-11,3,95,0,0
2985,2025-12,2,44,0,0
2986,2025-08,11,414,0,1
2986,2025-09,10,363,1,0
2986,2025-10,8,288,7,1
2986,2025-11,16,553,8,0
2986,2025-12,15,554,6,0
2987,2025-08,1,37,0,0
2987,2025-09,4,83,1,0
2987,2025-10,7,250,3,0
2987,2025-11,7,174,5,0
2987,2025-12,5,103,0,0
2988,2025-05,2,79,0,0
2988,2025-06,11,418,0,0
2988,2025-07,7,214,0,1
2989,2024-08,8,203,2,0
2989,2024-09,6,180,1,0
2989,2024-10,3,111,0,0
2989,2024-11,5,110,2,0
2989,2024-12,5,170,2,1
2989,2025-01,16,327,6,0
2989,2025-02,6,189,3,0
2989,2025-03,9,177,4,2
2990,2025-02,2,65,0,0
2990,2025-03,4,136,0,1
2990,2025-04,2,68,0,1
2990,2025-05,2,62,0,1
2990,2025-06,2,80,0,0
2990,2025-07,4,150,0,0
2990,2025-08,1,25,0,0
2990,2025-09,1,20,0,1
2991,2025-09,9,350,0,0
2991,2025-10,12,288,0,0
2991,2025-11,18,446,0,0
2991,2025-12,14,393,0,0
2992,2024-08,7,209,0,0
2992,2024-09,7,276,0,0
2992,2024-10,9,329,0,0
2992,2024-11,8,265,0,0
2992,2024-12,9,164,0,0
2992,2025-01,14,523,0,0
2992,2025-02,6,193,0,0
2992,2025-03,14,320,0,0
2992,2025-04,5,163,0,0
2992,2025-05,4,130,0,0
2992,2025-06,8,288,0,0
2992,2025-07,6,116,0,0
2992,2025-08,9,342,0,0
2992,2025-09,4,165,0,1
2992,2025-10,4,121,0,1
2992,2025-11,10,199,0,1
2992,2025-12,7,191,0,1
2993,2024-12,0,0,0,0
2993,2025-01,1,20,0,0
2993,2025-02,3,69,0,0
2993,2025-03,3,84,0,0
2993,2025-04,0,0,0,0
2993,2025-05,0,0,0,0
2993,2025-06,2,79,0,0
2993,2025-07,0,0,0,0
2993,2025-08,0,0,0,1
2993,2025-09,1,30,0,1
2993,2025-10,1,20,0,1
2993,2025-11,1,38,0,0
2994,2024-10,3,76,0,0
2994,2024-11,7,223,0,0
2994,2024-12,3,,0,0
2994,2025-01,7,188,0,0
2994,2025-02,5,143,0,0
2994,2025-03,4,130,0,0
2994,2025-04,3,119,0,0
2994,2025-05,0,0,0,0
2994,2025-06,4,77,0,0
2994,2025-07,5,210,0,0
2994,2025-08,4,158,0,0
2994,2025-09,3,73,0,0
2994,2025-10,7,288,0,0
2994,2025-11,3,65,0,0
2994,2025-12,1,23,0,1
2995,2024-12,0,0,0,0
2995,2025-01,0,0,0,0
2996,2025-06,1,31,1,0
2996,2025-07,4,159,0,0
2996,2025-08,2,82,0,0
2996,2025-09,2,68,0,0
2996,2025-10,2,55,0,0
2996,2025-11,1,31,0,0
2996,2025-12,3,69,1,0
2997,2025-07,5,184,0,0
2997,2025-08,7,203,0,0
2997,2025-09,11,341,0,1
2997,2025-10,5,132,0,0
2997,2025-11,9,257,0,0
2997,2025-12,8,168,0,0
2998,2025-10,2,,0,0
2998,2025-11,3,105,1,0
2998,2025-12,0,0,0,0
2999,2025-02,0,0,0,0
2999,2025-03,0,0,0,0
2999,2025-04,1,41,0,0
3000,2025-04,0,0,0,0
3000,2025-05,4,127,0,1
3000,2025-06,3,119,0,0
3000,2025-07,4,105,0,0
3000,2025-08,0,0,0,0
3000,2025-09,0,0,0,1
3000,2025-10,3,116,0,2
3000,2025-11,2,43,0,0
3000,2025-12,2,60,0,0
3001,2024-11,0,0,0,0
3001,2024-12,2,37,1,0
3001,2025-01,2,74,1,0
3001,2025-02,0,0,0,0
3001,2025-03,1,37,1,0
3001,2025-04,1,23,0,0
3001,2025-05,1,42,0,0
3001,2025-06,0,0,0,0
3001,2025-07,0,0,0,0
3001,2025-08,1,35,1,0
3001,2025-09,0,0,0,0
3001,2025-10,0,0,0,0
3002,2025-04,2,41,2,0
3002,2025-05,0,0,0,0
3002,2025-06,4,134,1,0
3002,2025-07,3,118,1,0
3002,2025-08,3,71,0,0
3002,2025-09,2,81,0,1
3002,2025-10,0,0,0,0
3002,2025-11,2,69,0,1
3002,2025-12,1,38,1,3
3003,2025-05,4,86,0,0
3003,2025-06,1,21,0,0
3003,2025-07,1,37,0,0
3003,2025-08,0,0,0,0
3003,2025-09,2,40,0,0
3003,2025-10,3,66,0,0
3003,2025-11,0,0,0,0
3003,2025-12,0,0,0,0
3004,2024-12,5,154,1,0
3004,2025-01,4,115,3,0
3004,2025-02,3,66,2,0
3004,2025-03,7,292,4,0
3004,2025-04,9,196,5,1
3004,2025-05,8,319,5,0
3004,2025-06,3,123,1,0
3004,2025-07,5,202,1,0
3004,2025-08,5,148,0,0
3004,2025-09,9,281,3,0
3004,2025-10,4,124,0,0
3004,2025-11,10,338,5,0
3004,2025-12,9,169,1,0
3005,2025-09,2,73,0,0
3005,2025-10,0,0,0,0
3005,2025-11,0,0,0,0
3005,2025-12,0,0,0,0
3006,2025-01,5,153,0,0
3006,2025-02,11,341,0,0
3006,2025-03,6,205,0,0
3006,2025-04,9,254,0,0
3006,2025-05,5,153,0,0
3006,2025-06,2,73,0,0
3006,2025-07,5,91,0,0
3006,2025-08,8,282,0,0
3006,2025-09,7,264,0,0
3006,2025-10,5,165,0,0
3006,2025-11,7,292,0,0
3006,2025-12,5,124,0,0
3007,2025-09,6,111,0,0
3007,2025-10,3,81,0,1
3007,2025-11,0,0,0,0
3007,2025-12,2,73,0,0
3008,2025-05,4,147,0,2
3008,2025-06,5,102,0,0
3008,2025-07,0,0,0,0
3008,2025-08,1,35,0,0
3008,2025-09,1,30,0,0
3008,2025-10,4,159,0,0
3009,2025-07,0,0,0,0
3009,2025-08,1,19,0,0
3009,2025-09,2,72,0,0
3009,2025-10,1,20,0,0
3009,2025-11,1,41,0,0
3009,2025-12,0,0,0,0
1489,2025-12,12,359,0,0
3010,2024-12,0,0,0,0
3010,2025-01,3,72,0,1
3010,2025-02,2,66,1,0
3010,2025-03,3,90,1,0
3010,2025-04,2,67,2,0
3010,2025-05,1,42,0,0
3010,2025-06,0,0,0,0
3010,2025-07,1,32,0,0
3010,2025-08,4,104,3,0
3010,2025-09,0,0,0,1
3010,2025-10,2,83,1,0
3010,2025-11,2,63,1,0
3011,2025-09,1,21,0,0
3011,2025-10,1,39,0,0
3011,2025-11,1,26,0,1
3011,2025-12,1,20,0,0
3012,2025-05,2,62,0,1
3012,2025-06,1,,0,0
3012,2025-07,1,25,0,1
3013,2025-07,2,51,0,0
3013,2025-08,10,228,7,0
3013,2025-09,11,336,2,0
3013,2025-10,7,254,2,0
3013,2025-11,5,206,1,0
3013,2025-12,7,214,1,0
3014,2025-03,2,48,0,0
3014,2025-04,3,102,0,0
3014,2025-05,2,43,0,0
3014,2025-06,1,20,0,0
3014,2025-07,3,118,0,0
3014,2025-08,0,0,0,0
3014,2025-09,2,81,1,0
3014,2025-10,0,0,0,0
3014,2025-11,1,36,0,0
3014,2025-12,0,0,0,0
3015,2025-06,4,85,0,0
3015,2025-07,2,80,0,0
3015,2025-08,3,115,0,0
3015,2025-09,7,180,0,0
3015,2025-10,2,71,0,1
3015,2025-11,4,125,0,3
3015,2025-12,6,241,0,0
3016,2024-07,4,91,1,0
3016,2024-08,9,204,4,0
3016,2024-09,7,222,2,0
3016,2024-10,6,,2,0
3016,2024-11,4,81,1,1
3016,2024-12,6,177,0,0
3016,2025-01,8,190,1,1
3016,2025-02,3,118,1,2
3016,2025-03,3,84,2,0
3016,2025-04,2,71,1,1
3016,2025-05,4,155,1,0
3016,2025-06,2,57,0,0
3016,2025-07,2,56,0,0
3016,2025-08,5,169,1,0
3016,2025-09,6,163,2,0
3016,2025-10,4,109,1,2
3016,2025-11,7,138,0,2
3016,2025-12,8,153,0,1
3017,2025-01,2,53,0,0
3017,2025-02,3,97,0,0
3017,2025-03,0,,0,0
3017,2025-04,2,72,0,0
3017,2025-05,0,0,0,0
3017,2025-06,1,18,0,0
3017,2025-07,0,0,0,0
3017,2025-08,1,23,0,1
3592,2025-12,8,311,3,0
3017,2025-09,1,37,0,0
3017,2025-10,3,69,1,0
3017,2025-11,2,62,1,0
3017,2025-12,2,66,0,0
3018,2024-12,10,226,4,0
3018,2025-01,6,157,2,0
3018,2025-02,6,158,3,0
3018,2025-03,6,236,5,0
3018,2025-04,6,191,5,0
3018,2025-05,6,192,1,0
3018,2025-06,6,132,3,0
3018,2025-07,5,98,3,0
3018,2025-08,3,61,1,0
3018,2025-09,11,306,4,0
3018,2025-10,6,204,2,0
3018,2025-11,8,163,2,0
3019,2025-10,3,74,1,0
3019,2025-11,0,0,0,0
3019,2025-12,0,0,0,0
3020,2025-03,0,0,0,0
3020,2025-04,2,51,0,0
3020,2025-05,2,54,0,0
3020,2025-06,1,21,0,0
3020,2025-07,2,74,0,0
3020,2025-08,1,18,0,0
3020,2025-09,2,73,1,0
3020,2025-10,2,83,0,0
3020,2025-11,5,156,1,0
3021,2024-09,4,140,0,0
3021,2024-10,6,125,0,0
3021,2024-11,10,268,0,0
3021,2024-12,11,265,0,0
3021,2025-01,9,296,0,0
3021,2025-02,7,127,0,0
3021,2025-03,7,219,0,0
3021,2025-04,8,258,0,0
3021,2025-05,7,264,0,0
3021,2025-06,9,204,0,0
3021,2025-07,9,164,0,0
1756,2025-07,6,208,0,1
3021,2025-08,10,377,0,0
3021,2025-09,10,200,0,0
3021,2025-10,8,175,0,2
3021,2025-11,17,705,0,0
3021,2025-12,8,234,0,0
3022,2025-06,6,139,0,0
3022,2025-07,8,173,4,1
3022,2025-08,10,358,4,0
3022,2025-09,10,287,1,0
3022,2025-10,5,182,1,0
3022,2025-11,8,229,8,0
3022,2025-12,11,346,2,1
3023,2024-11,5,146,1,0
3023,2024-12,7,257,3,0
3023,2025-01,6,192,0,0
3023,2025-02,6,152,1,0
3023,2025-03,5,109,3,0
3023,2025-04,6,143,0,0
3023,2025-05,4,121,0,0
3023,2025-06,5,143,1,0
3023,2025-07,6,203,2,0
3023,2025-08,6,108,0,0
3023,2025-09,4,110,1,0
3023,2025-10,5,153,2,0
3023,2025-11,3,69,1,0
3023,2025-12,5,184,2,3
3024,2025-06,0,0,0,0
3025,2025-09,2,65,1,1
3025,2025-10,2,47,1,0
3026,2024-08,1,21,1,0
3026,2024-09,1,19,0,0
3026,2024-10,1,35,0,1
3026,2024-11,1,42,0,0
3026,2024-12,0,0,0,0
3026,2025-01,0,0,0,0
3026,2025-02,0,0,0,0
3027,2025-04,3,84,1,0
3027,2025-05,7,150,1,0
3027,2025-06,1,24,0,0
3027,2025-07,7,243,2,0
3027,2025-08,5,204,5,1
3027,2025-09,4,163,3,2
3027,2025-10,9,324,9,1
3027,2025-11,9,201,2,2
3027,2025-12,5,170,1,0
3028,2024-12,7,186,2,0
3028,2025-01,8,191,4,0
3028,2025-02,4,87,2,0
3028,2025-03,7,227,2,0
3028,2025-04,5,199,1,0
3028,2025-05,5,186,0,1
3028,2025-06,5,121,3,0
3028,2025-07,8,300,1,1
3028,2025-08,9,307,1,0
3028,2025-09,6,154,2,1
3028,2025-10,6,181,1,0
3028,2025-11,2,36,0,0
3028,2025-12,7,185,1,0
3029,2024-08,2,54,0,0
3029,2024-09,2,66,0,0
3029,2024-10,2,72,0,0
3029,2024-11,4,124,0,0
3029,2024-12,3,69,0,0
3029,2025-01,1,21,0,0
3029,2025-02,0,0,0,0
3029,2025-03,3,59,0,0
3029,2025-04,1,19,0,0
3029,2025-05,2,59,0,0
3029,2025-06,1,36,1,0
3029,2025-07,0,0,0,0
3029,2025-08,3,64,0,0
3029,2025-09,1,39,0,1
3029,2025-10,0,0,0,0
3029,2025-11,0,0,0,1
3029,2025-12,0,0,0,0
3030,2024-07,0,0,0,0
3030,2024-08,1,30,0,0
3030,2024-09,3,100,0,0
3030,2024-10,3,109,0,0
3030,2024-11,3,67,0,0
3030,2024-12,4,166,0,0
3030,2025-01,1,40,0,0
3030,2025-02,2,62,0,0
3031,2025-04,1,42,0,0
3031,2025-05,4,101,0,0
3031,2025-06,2,72,0,0
3031,2025-07,2,44,0,0
3031,2025-08,1,28,0,0
3031,2025-09,1,40,0,0
3031,2025-10,2,65,0,0
3031,2025-11,2,48,0,0
3031,2025-12,0,0,0,1
3032,2025-07,2,,0,0
3032,2025-08,2,48,0,0
3032,2025-09,2,43,0,0
3032,2025-10,0,0,0,0
3032,2025-11,1,42,0,0
3032,2025-12,3,83,0,0
3033,2024-11,3,106,0,0
3033,2024-12,4,133,0,1
3033,2025-01,1,26,0,0
3033,2025-02,2,79,0,0
3033,2025-03,0,0,0,0
3033,2025-04,2,51,0,0
3033,2025-05,2,83,0,0
3033,2025-06,1,35,0,0
3033,2025-07,2,44,0,1
3033,2025-08,0,0,0,0
3033,2025-09,0,0,0,1
3033,2025-10,0,0,0,0
3034,2025-06,12,472,6,0
3034,2025-07,10,188,1,0
3034,2025-08,17,517,4,0
3034,2025-09,14,445,2,0
3034,2025-10,18,662,4,0
3034,2025-11,12,327,5,0
3034,2025-12,16,662,4,0
3035,2024-11,7,136,0,0
3035,2024-12,6,185,0,1
3035,2025-01,4,95,0,0
3035,2025-02,6,128,0,0
3035,2025-03,6,,0,1
3035,2025-04,9,362,0,0
3035,2025-05,2,57,0,1
3035,2025-06,4,146,0,1
3035,2025-07,0,0,0,0
3035,2025-08,3,98,0,1
3035,2025-09,3,97,0,0
3035,2025-10,5,145,0,0
3035,2025-11,7,128,0,0
3035,2025-12,3,67,0,0
3036,2025-06,0,0,0,0
3036,2025-07,1,35,0,0
3036,2025-08,0,0,0,0
3036,2025-09,1,41,0,1
3036,2025-10,1,42,0,0
3036,2025-11,0,0,0,0
3036,2025-12,0,0,0,0
3037,2025-09,4,164,1,0
3037,2025-10,0,0,0,0
3037,2025-11,4,142,2,0
3037,2025-12,6,222,1,0
3038,2025-08,0,0,0,0
3038,2025-09,0,0,0,0
3038,2025-10,1,18,0,0
3038,2025-11,0,0,0,0
3039,2025-03,3,110,0,0
3039,2025-04,2,57,0,0
3039,2025-05,2,37,0,0
3039,2025-06,4,88,0,0
3039,2025-07,2,81,0,0
3039,2025-08,1,24,0,0
3039,2025-09,2,48,0,0
3039,2025-10,1,31,0,0
3040,2024-07,4,165,1,0
3041,2025-10,3,123,1,0
3041,2025-11,2,64,2,0
3041,2025-12,0,0,0,0
3042,2025-10,1,28,0,0
3042,2025-11,2,71,0,0
3042,2025-12,3,112,0,0
3043,2024-11,2,57,0,0
3043,2024-12,1,37,0,0
3043,2025-01,0,0,0,0
3043,2025-02,1,27,0,0
3044,2025-04,0,0,0,0
3044,2025-05,2,80,0,0
3044,2025-06,2,64,0,1
3044,2025-07,2,43,0,0
3044,2025-08,4,159,0,0
3044,2025-09,3,,0,0
3044,2025-10,4,93,0,0
3044,2025-11,0,0,0,0
3044,2025-12,0,0,0,0
3045,2025-08,10,203,5,0
3045,2025-09,8,299,2,0
3045,2025-10,12,220,3,0
3045,2025-11,16,407,5,0
3045,2025-12,7,224,2,0
3046,2025-07,1,39,0,0
3047,2025-08,3,92,2,0
3047,2025-09,1,26,0,0
3047,2025-10,4,156,0,0
3047,2025-11,5,156,0,0
3047,2025-12,6,153,0,0
3048,2024-10,2,65,0,0
3049,2025-10,0,0,0,0
3049,2025-11,2,79,0,0
3049,2025-12,1,23,0,0
3050,2025-05,1,41,0,0
3050,2025-06,5,171,0,0
3050,2025-07,4,75,0,0
3050,2025-08,2,38,0,0
3050,2025-09,3,119,0,0
3050,2025-10,4,113,0,0
3050,2025-11,2,78,0,0
3050,2025-12,1,31,0,1
3051,2025-04,5,141,0,0
3051,2025-05,11,233,0,0
3052,2024-08,6,213,0,0
3052,2024-09,5,203,0,1
3052,2024-10,5,183,0,0
3052,2024-11,1,33,0,0
3052,2024-12,4,103,0,0
3052,2025-01,2,71,0,0
3052,2025-02,2,43,0,1
3052,2025-03,2,69,0,0
3053,2024-07,1,25,0,0
3053,2024-08,0,0,0,0
3053,2024-09,2,79,0,0
3053,2024-10,1,33,0,0
3054,2025-01,2,65,0,0
3054,2025-02,6,139,1,0
3054,2025-03,5,187,0,0
3054,2025-04,2,60,0,0
3054,2025-05,1,28,0,0
3054,2025-06,1,20,0,0
3054,2025-07,3,65,2,0
3054,2025-08,2,62,0,0
3054,2025-09,2,83,0,0
3054,2025-10,0,0,0,0
3054,2025-11,1,26,0,0
3054,2025-12,1,41,0,0
3055,2024-10,7,137,2,0
3055,2024-11,13,479,8,0
3055,2024-12,4,111,0,0
3055,2025-01,4,113,2,0
3055,2025-02,10,207,9,0
3055,2025-03,9,203,5,0
3055,2025-04,6,243,0,0
3055,2025-05,3,109,1,0
3055,2025-06,4,80,1,0
3056,2025-05,1,21,0,0
3056,2025-06,2,48,0,0
3056,2025-07,0,0,0,0
3056,2025-08,1,39,0,0
3056,2025-09,3,80,0,1
3056,2025-10,0,0,0,0
3056,2025-11,1,26,0,0
3056,2025-12,4,76,0,1
3057,2025-05,4,157,2,0
3057,2025-06,3,80,1,0
3058,2024-09,1,26,0,0
3059,2025-01,5,196,0,0
3059,2025-02,4,119,0,1
3059,2025-03,1,30,0,0
3059,2025-04,2,60,0,0
3059,2025-05,2,38,0,0
3059,2025-06,5,157,0,0
3059,2025-07,1,26,0,0
3059,2025-08,1,40,0,0
3059,2025-09,5,90,0,0
3059,2025-10,2,36,0,0
3059,2025-11,2,51,0,0
3059,2025-12,1,38,0,0
3060,2025-04,5,157,0,0
3060,2025-05,8,319,0,0
3060,2025-06,8,292,0,0
3060,2025-07,8,283,0,0
3060,2025-08,8,259,0,0
3060,2025-09,15,392,0,0
3060,2025-10,10,186,0,0
3060,2025-11,4,143,0,0
3060,2025-12,7,244,0,0
3061,2024-08,3,104,4,0
3061,2024-09,0,0,0,0
3061,2024-10,1,41,0,0
3061,2024-11,1,25,0,0
3061,2024-12,2,57,0,0
3061,2025-01,1,31,0,0
3061,2025-02,2,60,1,0
3061,2025-03,0,0,0,0
3061,2025-04,0,0,0,0
3061,2025-05,2,75,1,1
3061,2025-06,1,22,0,0
3061,2025-07,0,0,0,0
3062,2025-01,7,127,0,0
3062,2025-02,6,170,0,0
3062,2025-03,5,97,0,0
3062,2025-04,8,332,0,0
3062,2025-05,8,239,0,0
3062,2025-06,4,111,0,0
3062,2025-07,5,204,0,1
3062,2025-08,5,,0,0
3062,2025-09,6,173,0,0
3062,2025-10,4,89,0,1
3062,2025-11,2,84,0,0
3062,2025-12,5,174,0,0
3063,2025-08,3,55,0,0
3063,2025-09,8,219,0,0
3063,2025-10,2,74,0,0
3063,2025-11,5,167,0,0
3063,2025-12,8,,0,0
3064,2024-09,2,77,0,0
3064,2024-10,5,114,3,0
3064,2024-11,5,148,3,0
3064,2024-12,4,108,4,0
3064,2025-01,3,75,1,0
3064,2025-02,7,206,3,0
3064,2025-03,2,83,0,0
3064,2025-04,10,228,4,1
3064,2025-05,4,105,3,1
3064,2025-06,0,0,0,0
3064,2025-07,4,115,0,0
3064,2025-08,1,28,0,1
3064,2025-09,1,23,0,0
3064,2025-10,4,102,2,1
3065,2025-01,0,0,0,0
3065,2025-02,2,44,0,0
3065,2025-03,1,25,0,0
3065,2025-04,2,81,0,0
3065,2025-05,2,39,0,0
3065,2025-06,1,32,0,0
3065,2025-07,1,27,0,1
3065,2025-08,3,76,0,0
3065,2025-09,2,53,0,0
3065,2025-10,2,42,0,0
3065,2025-11,1,22,0,0
3065,2025-12,0,0,0,0
3066,2025-06,1,40,0,0
3066,2025-07,3,78,0,0
3066,2025-08,1,25,1,0
3066,2025-09,1,22,1,0
3066,2025-10,1,24,0,0
3066,2025-11,1,42,0,0
3066,2025-12,2,51,1,0
3067,2025-06,3,110,0,0
3067,2025-07,2,64,0,0
3067,2025-08,2,48,0,0
3067,2025-09,4,88,0,0
3067,2025-10,1,29,0,0
3067,2025-11,3,123,0,0
3067,2025-12,1,32,0,1
3068,2025-09,0,0,0,0
3068,2025-10,0,0,0,0
3068,2025-11,0,0,0,0
3068,2025-12,1,25,0,0
3069,2024-09,4,86,0,1
3069,2024-10,7,174,0,0
44,2025-11,0,0,0,0
3069,2024-11,3,62,0,0
3069,2024-12,5,202,0,0
3069,2025-01,5,177,0,0
3069,2025-02,4,154,0,0
3069,2025-03,8,193,0,0
3069,2025-04,5,164,0,0
3069,2025-05,3,66,0,1
3069,2025-06,5,102,0,2
3069,2025-07,2,83,0,0
3069,2025-08,3,117,0,0
3069,2025-09,6,221,0,1
3069,2025-10,4,137,0,1
3069,2025-11,4,146,0,0
3069,2025-12,9,189,0,0
3070,2025-07,8,149,0,0
3070,2025-08,5,124,0,0
3070,2025-09,5,126,0,0
3070,2025-10,4,115,0,1
3070,2025-11,5,110,0,1
3070,2025-12,6,251,0,0
3071,2025-10,5,136,2,0
3071,2025-11,3,84,1,0
3071,2025-12,1,24,1,0
3072,2025-09,1,,1,0
3072,2025-10,2,64,0,0
3072,2025-11,4,86,3,1
3072,2025-12,2,79,0,0
3073,2025-07,3,120,0,0
3073,2025-08,2,71,1,0
3073,2025-09,0,0,0,0
3073,2025-10,1,18,1,0
3073,2025-11,0,0,0,0
3073,2025-12,0,0,0,0
3074,2024-12,1,27,0,0
3074,2025-01,5,161,0,0
3074,2025-02,1,34,0,0
3074,2025-03,2,58,0,0
3074,2025-04,2,74,0,0
3074,2025-05,0,0,0,0
3074,2025-06,1,39,0,0
3074,2025-07,1,30,0,0
3074,2025-08,0,0,0,0
3075,2025-06,2,82,0,0
3075,2025-07,0,0,0,0
3075,2025-08,1,26,0,0
3075,2025-09,0,0,0,0
3075,2025-10,0,0,0,0
3075,2025-11,0,0,0,0
3075,2025-12,0,0,0,0
3076,2025-09,2,49,0,1
3076,2025-10,1,20,0,0
3076,2025-11,1,40,0,1
3076,2025-12,5,196,0,0
3077,2025-02,4,155,1,0
3077,2025-03,1,20,1,0
3077,2025-04,1,38,0,0
3077,2025-05,2,68,0,0
3077,2025-06,1,36,0,1
3077,2025-07,2,77,1,0
3077,2025-08,3,67,0,1
3077,2025-09,1,33,1,0
3077,2025-10,1,22,0,1
3077,2025-11,2,46,0,0
3077,2025-12,2,59,1,2
3078,2024-07,3,55,1,0
3078,2024-08,3,69,0,0
3078,2024-09,5,187,1,1
3078,2024-10,1,34,0,0
3078,2024-11,1,21,0,2
3079,2025-05,3,115,0,0
3080,2025-03,3,63,0,0
3080,2025-04,0,0,0,0
3080,2025-05,3,82,2,0
3080,2025-06,3,109,2,1
3080,2025-07,7,282,4,0
3080,2025-08,3,118,0,0
3080,2025-09,4,157,1,0
3080,2025-10,4,79,2,0
3080,2025-11,5,188,0,0
3080,2025-12,2,77,0,0
3081,2024-10,9,210,0,0
3081,2024-11,14,463,0,0
3081,2024-12,5,130,0,0
3081,2025-01,5,183,0,1
3081,2025-02,4,140,0,0
3081,2025-03,7,164,0,0
3081,2025-04,6,201,0,0
3081,2025-05,8,297,0,0
3081,2025-06,14,384,0,0
3081,2025-07,10,399,0,0
3081,2025-08,9,321,0,0
3081,2025-09,8,246,0,0
3081,2025-10,8,289,0,1
3081,2025-11,9,216,0,0
3081,2025-12,5,193,0,1
3082,2024-08,7,192,0,0
3082,2024-09,5,97,0,0
3082,2024-10,4,105,0,0
3082,2024-11,5,150,0,0
3082,2024-12,6,139,0,0
3082,2025-01,3,91,0,0
3082,2025-02,2,58,0,0
3082,2025-03,3,95,0,0
3082,2025-04,5,159,0,0
3082,2025-05,0,0,0,0
3082,2025-06,1,27,0,0
3082,2025-07,2,46,0,0
3083,2025-07,13,243,0,0
3083,2025-08,18,469,0,0
210,2025-07,1,30,0,0
3083,2025-09,14,303,0,0
3083,2025-10,8,145,0,0
3083,2025-11,11,419,0,0
3083,2025-12,11,272,0,0
3084,2024-09,1,32,0,0
3084,2024-10,3,74,0,0
3084,2024-11,2,73,0,0
3084,2024-12,1,22,0,0
3085,2024-08,4,87,0,1
3085,2024-09,5,108,0,0
3085,2024-10,4,151,0,0
3085,2024-11,3,109,0,1
3085,2024-12,5,177,0,0
3085,2025-01,4,134,0,0
3085,2025-02,2,46,0,0
3085,2025-03,5,109,0,0
3085,2025-04,2,84,0,1
3085,2025-05,0,0,0,0
3086,2024-11,3,95,0,0
3086,2024-12,7,218,1,0
3086,2025-01,11,322,2,0
3086,2025-02,2,75,0,0
3086,2025-03,8,183,7,0
3086,2025-04,2,37,1,0
3086,2025-05,4,113,0,0
3086,2025-06,7,204,4,0
3086,2025-07,4,92,0,0
3086,2025-08,7,195,3,0
3086,2025-09,4,133,0,0
3086,2025-10,2,50,0,0
3086,2025-11,7,229,2,0
3086,2025-12,2,62,1,0
3087,2024-07,0,0,0,0
3087,2024-08,1,29,0,0
3087,2024-09,0,0,0,0
3087,2024-10,1,31,0,0
3087,2024-11,0,0,0,0
3087,2024-12,1,40,0,0
3087,2025-01,2,40,0,1
3087,2025-02,1,41,0,0
3087,2025-03,0,0,0,1
3087,2025-04,1,40,0,0
3087,2025-05,0,0,0,0
3087,2025-06,1,31,0,1
3087,2025-07,1,22,0,1
3087,2025-08,0,0,0,0
3087,2025-09,0,0,0,0
3087,2025-10,0,0,0,0
3087,2025-11,1,24,0,1
3087,2025-12,0,0,0,0
3088,2024-09,7,252,4,0
3088,2024-10,2,79,1,0
3088,2024-11,2,40,0,0
813,2025-09,1,23,1,0
3088,2024-12,2,79,1,0
3088,2025-01,0,0,0,0
3088,2025-02,0,0,0,0
3088,2025-03,1,31,1,1
3088,2025-04,1,31,0,0
3088,2025-05,1,35,1,1
3088,2025-06,1,27,0,0
3088,2025-07,1,31,1,2
3088,2025-08,0,0,0,1
3089,2025-02,0,0,0,0
3089,2025-03,2,44,2,0
3089,2025-04,5,155,4,0
3089,2025-05,5,135,0,0
3089,2025-06,4,93,0,0
3089,2025-07,3,54,7,0
3089,2025-08,1,24,0,1
3089,2025-09,0,0,0,0
3089,2025-10,3,67,2,0
3089,2025-11,0,0,0,0
3089,2025-12,1,41,0,0
3090,2024-08,4,99,0,1
3090,2024-09,5,136,0,0
3090,2024-10,7,201,0,0
3090,2024-11,2,,0,0
3090,2024-12,3,98,0,0
3090,2025-01,1,19,0,0
3090,2025-02,6,230,0,0
3090,2025-03,2,62,0,0
3090,2025-04,3,90,0,0
3090,2025-05,3,118,0,0
2861,2025-09,11,241,0,0
3090,2025-06,2,65,0,0
3090,2025-07,3,87,0,1
3091,2025-02,2,79,0,0
3091,2025-03,2,57,0,0
3091,2025-04,3,79,2,0
3091,2025-05,3,66,0,1
3091,2025-06,1,40,0,0
3091,2025-07,2,68,0,0
3091,2025-08,5,121,1,0
3091,2025-09,2,74,2,0
3091,2025-10,0,0,0,0
3091,2025-11,3,59,0,0
3091,2025-12,1,29,0,0
3092,2025-05,2,76,0,0
3092,2025-06,5,207,2,0
3092,2025-07,1,39,0,0
3092,2025-08,1,27,1,0
3092,2025-09,2,69,0,0
3092,2025-10,0,0,0,1
3092,2025-11,4,168,2,0
3092,2025-12,1,41,1,0
3093,2025-08,4,156,0,0
3093,2025-09,4,96,0,0
3093,2025-10,1,29,0,0
3093,2025-11,6,155,0,0
3093,2025-12,4,78,0,0
3094,2024-07,11,420,0,1
3094,2024-08,14,423,0,0
3094,2024-09,11,336,0,0
3094,2024-10,9,197,0,0
3094,2024-11,6,235,0,0
3094,2024-12,6,180,0,0
3094,2025-01,5,138,0,1
3094,2025-02,8,252,0,0
3094,2025-03,5,154,0,1
3094,2025-04,8,163,0,0
3094,2025-05,13,395,0,1
3094,2025-06,5,152,0,0
3094,2025-07,8,145,0,0
3094,2025-08,13,420,0,0
3094,2025-09,10,351,0,0
3094,2025-10,2,77,0,1
3094,2025-11,6,175,0,1
3094,2025-12,3,85,0,0
3095,2025-03,1,19,0,0
3095,2025-04,4,143,0,0
3095,2025-05,2,66,0,0
3095,2025-06,0,0,0,0
3095,2025-07,1,27,0,0
3095,2025-08,3,82,0,0
3095,2025-09,6,181,0,0
3095,2025-10,2,69,0,0
3095,2025-11,3,,0,0
3095,2025-12,1,28,0,0
3096,2025-08,5,169,4,0
3096,2025-09,5,145,1,0
3096,2025-10,4,83,0,0
3096,2025-11,8,335,4,0
3096,2025-12,5,204,1,0
3097,2024-10,0,0,0,0
3097,2024-11,1,22,0,0
3097,2024-12,0,0,0,1
3097,2025-01,2,52,0,0
3097,2025-02,1,20,0,0
3097,2025-03,1,33,0,0
3097,2025-04,2,81,0,1
3097,2025-05,1,26,0,2
3097,2025-06,0,0,0,0
3097,2025-07,0,0,0,1
3098,2024-09,25,990,0,0
3098,2024-10,20,520,0,0
3098,2024-11,19,479,0,0
3098,2024-12,22,735,0,1
3098,2025-01,18,747,0,0
3098,2025-02,17,620,0,2
3098,2025-03,20,531,0,0
3098,2025-04,18,425,0,0
3098,2025-05,20,382,0,1
3098,2025-06,22,874,0,1
3098,2025-07,28,812,0,1
3098,2025-08,8,171,0,1
3099,2024-11,7,277,3,1
3099,2024-12,13,447,1,1
3099,2025-01,9,190,6,0
3099,2025-02,7,194,2,0
3099,2025-03,13,485,7,0
3099,2025-04,7,213,1,0
3099,2025-05,12,233,1,2
3099,2025-06,12,251,2,0
3099,2025-07,3,108,0,0
3099,2025-08,11,392,2,1
3099,2025-09,2,43,0,0
3099,2025-10,11,339,0,0
3099,2025-11,9,178,3,0
3099,2025-12,9,310,1,0
3100,2025-07,3,110,1,0
3100,2025-08,12,228,11,0
3100,2025-09,7,230,1,0
3100,2025-10,4,115,1,0
3100,2025-11,5,105,2,0
3100,2025-12,4,111,2,1
3101,2024-12,5,147,0,0
3101,2025-01,8,198,0,0
3101,2025-02,3,65,0,0
3101,2025-03,4,147,0,0
3101,2025-04,2,83,0,0
3101,2025-05,2,39,0,0
3102,2024-12,7,208,0,0
3102,2025-01,10,398,0,0
3102,2025-02,9,356,0,0
3102,2025-03,5,206,0,0
3102,2025-04,5,127,0,0
3102,2025-05,7,128,0,0
3102,2025-06,5,115,0,1
3103,2024-11,2,65,0,0
3103,2024-12,4,90,0,0
3103,2025-01,4,119,0,0
3103,2025-02,5,98,0,0
3103,2025-03,6,199,0,0
3103,2025-04,7,156,0,0
3103,2025-05,4,130,0,0
3103,2025-06,1,32,0,0
3103,2025-07,2,60,0,0
3103,2025-08,4,101,0,0
3103,2025-09,2,61,0,1
3103,2025-10,1,36,0,0
3104,2024-07,2,76,0,1
3104,2024-08,3,68,1,0
3104,2024-09,2,52,0,0
3104,2024-10,2,74,0,0
3104,2024-11,2,65,1,1
3104,2024-12,0,0,0,0
3104,2025-01,0,0,0,0
3104,2025-02,3,57,2,0
3104,2025-03,0,0,0,1
3105,2025-04,2,67,0,0
3105,2025-05,3,116,0,0
3105,2025-06,4,97,0,0
3105,2025-07,2,38,0,0
3105,2025-08,2,57,0,1
3105,2025-09,2,63,0,0
3105,2025-10,2,39,0,0
3105,2025-11,1,27,0,0
3106,2024-12,1,35,0,0
3106,2025-01,0,0,0,0
3106,2025-02,1,25,0,0
3106,2025-03,1,32,0,0
3106,2025-04,0,0,0,0
3106,2025-05,0,0,0,0
3106,2025-06,0,0,0,0
3106,2025-07,0,0,0,0
3106,2025-08,1,41,0,0
3106,2025-09,2,78,0,0
3106,2025-10,0,0,0,0
3106,2025-11,1,19,0,0
3107,2025-07,4,120,2,0
3107,2025-08,7,208,2,0
3107,2025-09,4,94,1,0
3107,2025-10,12,297,1,0
3107,2025-11,3,61,0,0
3107,2025-12,2,46,1,0
3108,2025-03,5,161,0,0
1573,2025-10,5,170,2,0
3108,2025-04,4,142,0,0
3108,2025-05,2,79,0,0
3108,2025-06,4,153,0,0
3108,2025-07,3,122,0,0
3108,2025-08,5,177,0,0
3108,2025-09,2,58,0,0
3108,2025-10,3,70,0,1
3108,2025-11,5,112,0,0
3108,2025-12,4,165,0,0
3109,2024-08,1,27,1,0
3109,2024-09,5,129,1,0
3109,2024-10,8,175,2,0
3109,2024-11,1,23,1,0
3109,2024-12,1,32,0,0
3109,2025-01,2,77,0,0
3109,2025-02,5,138,1,0
3109,2025-03,0,0,0,0
3109,2025-04,0,0,0,0
3109,2025-05,2,64,0,0
3109,2025-06,2,76,1,0
3109,2025-07,1,42,0,0
3110,2024-07,6,185,0,0
3110,2024-08,6,149,0,0
3110,2024-09,6,232,0,0
3110,2024-10,7,163,0,0
3110,2024-11,8,254,0,0
3110,2024-12,4,102,0,0
3110,2025-01,7,274,0,1
3110,2025-02,1,29,0,0
3110,2025-03,4,101,0,0
3110,2025-04,5,135,0,0
3110,2025-05,5,127,0,0
3110,2025-06,3,115,0,1
3110,2025-07,5,140,0,1
3110,2025-08,9,272,0,0
3110,2025-09,3,73,0,1
3110,2025-10,5,165,0,0
3110,2025-11,3,75,0,0
3110,2025-12,1,41,0,0
3111,2025-09,1,24,0,0
3111,2025-10,2,83,0,0
3111,2025-11,2,62,0,0
3111,2025-12,2,66,0,0
3112,2025-09,3,86,0,0
3112,2025-10,8,220,0,0
3112,2025-11,8,150,0,1
3112,2025-12,12,286,0,0
3113,2025-03,2,44,0,0
3113,2025-04,5,178,0,1
3113,2025-05,4,128,0,0
3113,2025-06,2,72,0,1
3113,2025-07,1,30,0,0
3113,2025-08,1,22,0,0
3113,2025-09,2,70,0,0
3113,2025-10,2,83,0,0
3113,2025-11,0,0,0,0
3113,2025-12,0,0,0,0
3114,2025-09,4,119,1,1
3114,2025-10,3,108,1,1
3114,2025-11,1,37,0,0
3114,2025-12,5,167,2,0
3115,2025-04,2,41,0,0
3115,2025-05,0,0,0,0
3115,2025-06,7,,0,1
3115,2025-07,5,149,0,0
3115,2025-08,4,149,0,1
3115,2025-09,1,34,0,1
3115,2025-10,2,71,0,0
3115,2025-11,4,130,0,0
3115,2025-12,1,33,0,0
3116,2025-06,7,278,2,0
3116,2025-07,3,73,0,0
3116,2025-08,6,205,0,0
3116,2025-09,5,146,1,0
3116,2025-10,4,91,0,0
3116,2025-11,4,75,1,1
3116,2025-12,5,183,2,0
3117,2025-04,5,169,0,0
3117,2025-05,3,126,1,0
3117,2025-06,4,118,0,0
3117,2025-07,3,111,0,0
3117,2025-08,0,0,0,0
3117,2025-09,5,184,3,0
3117,2025-10,4,110,2,0
3117,2025-11,2,53,2,0
3117,2025-12,2,59,0,1
3118,2025-07,1,30,1,0
3118,2025-08,0,0,0,0
3118,2025-09,1,37,0,0
3118,2025-10,1,25,0,1
3118,2025-11,2,39,0,0
3118,2025-12,0,0,0,0
3119,2024-09,7,247,4,0
3119,2024-10,7,191,1,1
3119,2024-11,12,362,5,0
3119,2024-12,9,340,0,0
3119,2025-01,10,284,2,0
3119,2025-02,5,151,3,0
3119,2025-03,6,121,3,0
3119,2025-04,10,244,1,0
3119,2025-05,9,331,2,0
3119,2025-06,8,186,5,0
3119,2025-07,10,398,3,0
3119,2025-08,6,126,3,0
3119,2025-09,5,146,2,1
1504,2025-03,0,0,0,0
3119,2025-10,7,214,6,0
3119,2025-11,11,442,3,1
3119,2025-12,6,157,3,1
3120,2025-04,4,101,0,0
3120,2025-05,8,291,0,0
3120,2025-06,7,171,0,0
3120,2025-07,8,205,0,1
3120,2025-08,4,106,0,0
3120,2025-09,8,194,0,0
3120,2025-10,7,232,0,0
3120,2025-11,3,60,0,1
3120,2025-12,5,163,0,0
3121,2025-08,2,36,0,0
3121,2025-09,3,106,0,0
3121,2025-10,4,125,0,0
3121,2025-11,1,21,0,0
3121,2025-12,3,60,0,0
3122,2025-05,3,77,0,0
3122,2025-06,6,144,0,0
3122,2025-07,9,334,0,0
3122,2025-08,3,125,0,0
3122,2025-09,4,156,0,0
3122,2025-10,3,66,0,0
3122,2025-11,1,19,0,0
3123,2024-09,2,54,0,0
3123,2024-10,2,,0,0
3123,2024-11,6,113,0,0
3123,2024-12,4,104,0,0
3123,2025-01,7,222,0,0
3123,2025-02,4,104,0,0
3123,2025-03,5,95,0,0
3123,2025-04,3,110,0,0
3123,2025-05,8,151,0,0
3123,2025-06,7,288,0,1
3123,2025-07,4,95,0,0
3123,2025-08,3,96,0,0
3123,2025-09,7,170,0,0
3123,2025-10,2,47,0,0
3123,2025-11,3,90,0,1
3123,2025-12,4,110,0,0
3124,2025-10,0,0,0,0
3124,2025-11,1,30,0,0
3124,2025-12,1,19,0,0
3125,2025-06,10,322,0,0
3125,2025-07,14,280,0,0
3125,2025-08,8,266,0,0
3125,2025-09,8,315,0,0
3125,2025-10,16,540,0,0
3125,2025-11,10,317,0,0
3125,2025-12,10,280,0,0
3126,2025-06,4,127,1,0
3126,2025-07,1,28,0,0
3126,2025-08,3,124,0,0
3126,2025-09,2,75,0,1
3126,2025-10,5,193,1,0
3127,2024-10,10,278,0,0
3127,2024-11,11,394,0,0
3127,2024-12,7,290,0,0
3127,2025-01,12,494,0,0
3127,2025-02,3,77,0,0
3127,2025-03,9,358,0,0
3127,2025-04,12,226,0,0
3127,2025-05,14,416,0,0
3127,2025-06,13,296,0,0
3127,2025-07,15,347,0,0
3127,2025-08,14,430,0,0
3127,2025-09,6,152,0,0
3128,2025-06,5,176,0,0
3128,2025-07,9,357,0,0
3128,2025-08,5,160,0,1
3128,2025-09,4,152,0,0
3128,2025-10,4,105,0,0
3128,2025-11,7,148,0,2
3129,2025-09,6,151,1,0
3129,2025-10,2,70,0,0
3129,2025-11,1,36,0,0
3129,2025-12,2,36,0,0
3130,2025-07,3,95,0,0
3130,2025-08,3,78,0,0
3130,2025-09,1,25,0,0
3130,2025-10,3,56,0,0
3130,2025-11,4,157,0,0
3130,2025-12,2,41,0,0
3131,2025-05,1,41,2,0
3131,2025-06,6,154,0,0
3131,2025-07,2,62,0,0
3131,2025-08,0,0,0,0
3131,2025-09,4,87,2,0
3131,2025-10,6,226,2,0
3131,2025-11,7,245,1,0
3131,2025-12,5,113,1,0
3132,2025-10,12,414,0,0
3132,2025-11,10,397,0,0
3132,2025-12,12,419,0,0
3133,2024-10,3,90,4,0
3133,2024-11,1,20,0,0
3133,2024-12,0,0,0,0
3133,2025-01,0,0,0,0
3133,2025-02,4,111,1,0
3133,2025-03,0,0,0,0
3133,2025-04,0,0,0,0
3133,2025-05,2,50,1,0
3133,2025-06,2,78,0,0
3133,2025-07,0,0,0,1
3134,2025-02,2,69,0,0
3134,2025-03,0,0,0,0
3134,2025-04,0,0,0,0
3134,2025-05,0,0,0,0
3134,2025-06,0,0,0,0
3135,2025-04,2,77,2,0
3135,2025-05,0,0,0,0
3135,2025-06,2,57,2,0
3135,2025-07,0,0,0,0
3135,2025-08,1,30,1,0
3135,2025-09,0,0,0,0
3135,2025-10,0,0,0,0
3135,2025-11,1,37,1,0
3135,2025-12,2,42,2,0
3136,2025-02,3,87,0,0
3136,2025-03,0,0,0,0
3136,2025-04,3,87,0,0
3136,2025-05,3,54,0,0
3136,2025-06,4,120,0,0
3136,2025-07,4,148,0,0
3136,2025-08,3,90,0,0
3136,2025-09,4,100,0,0
3136,2025-10,1,33,0,0
3136,2025-11,3,112,0,0
3136,2025-12,0,0,0,1
3137,2024-08,10,398,0,0
3137,2024-09,7,172,0,0
3137,2024-10,8,191,0,0
3137,2024-11,8,262,0,0
3137,2024-12,5,195,0,0
3137,2025-01,5,100,0,0
3137,2025-02,13,495,0,0
3137,2025-03,5,177,0,0
3137,2025-04,6,239,0,0
3137,2025-05,8,305,0,0
3137,2025-06,10,351,0,1
3137,2025-07,4,142,0,0
3137,2025-08,7,181,0,0
3137,2025-09,10,386,0,0
3137,2025-10,5,172,0,0
3138,2025-07,2,51,0,1
3138,2025-08,1,23,0,0
3138,2025-09,1,34,0,0
3139,2025-01,16,670,0,0
3139,2025-02,22,827,0,0
3139,2025-03,16,530,0,0
3139,2025-04,17,493,0,1
3139,2025-05,15,317,0,0
3139,2025-06,23,856,0,0
3139,2025-07,20,524,0,1
3139,2025-08,11,364,0,0
3139,2025-09,16,607,0,0
3139,2025-10,26,844,0,0
3139,2025-11,11,254,0,1
3139,2025-12,21,521,0,0
3140,2024-10,2,80,0,0
3140,2024-11,6,163,0,0
3141,2025-06,11,449,4,0
3141,2025-07,6,175,3,0
3141,2025-08,5,133,2,0
3141,2025-09,5,116,2,0
3141,2025-10,9,221,3,0
3141,2025-11,2,44,0,0
3141,2025-12,3,106,2,0
3142,2025-04,3,67,0,1
3142,2025-05,6,211,0,0
3142,2025-06,10,238,0,0
3142,2025-07,6,185,0,0
3142,2025-08,6,139,0,0
3142,2025-09,7,185,0,0
3142,2025-10,6,141,0,0
3142,2025-11,4,121,0,1
3142,2025-12,4,79,0,0
3143,2025-04,9,175,3,0
3143,2025-05,7,199,4,1
3143,2025-06,4,93,2,0
3143,2025-07,5,188,1,0
3143,2025-08,5,174,1,0
3143,2025-09,3,76,1,0
3143,2025-10,5,97,2,1
3143,2025-11,4,165,2,0
3143,2025-12,0,0,0,0
3144,2025-06,6,147,2,0
3144,2025-07,11,224,1,0
3144,2025-08,4,72,1,0
3144,2025-09,8,260,2,0
3144,2025-10,9,214,2,0
3144,2025-11,5,128,1,0
3144,2025-12,6,250,0,0
3145,2024-12,5,141,0,0
3145,2025-01,2,39,0,0
3145,2025-02,4,163,1,0
3145,2025-03,3,126,1,0
3145,2025-04,0,0,0,0
3145,2025-05,6,162,6,0
3145,2025-06,6,138,1,0
3146,2025-06,3,90,0,1
3147,2025-09,0,0,0,0
3147,2025-10,3,101,3,0
3148,2024-10,0,0,0,0
3148,2024-11,4,136,0,0
3148,2024-12,3,111,2,0
3148,2025-01,1,38,0,0
3148,2025-02,0,0,0,1
3148,2025-03,2,62,1,1
3148,2025-04,1,41,0,0
3148,2025-05,3,55,0,0
3148,2025-06,2,81,3,0
3148,2025-07,3,92,3,1
3148,2025-08,0,0,0,2
3148,2025-09,5,195,5,0
3149,2025-07,1,34,0,0
3149,2025-08,6,120,0,0
3149,2025-09,6,117,3,0
3149,2025-10,5,162,2,0
3149,2025-11,6,236,0,0
3149,2025-12,4,82,2,0
3150,2025-05,1,27,1,0
3150,2025-06,1,22,0,0
3150,2025-07,2,38,0,0
3150,2025-08,0,0,0,0
3150,2025-09,1,26,0,0
3150,2025-10,4,155,0,0
3150,2025-11,0,0,0,0
3150,2025-12,0,0,0,0
3151,2025-01,10,270,0,0
3151,2025-02,6,248,0,0
3151,2025-03,8,271,0,0
3151,2025-04,6,223,0,0
3151,2025-05,11,364,0,0
3151,2025-06,10,419,0,1
3151,2025-07,7,277,0,0
3151,2025-08,12,225,0,0
3151,2025-09,7,193,0,0
3151,2025-10,5,199,0,0
3151,2025-11,7,190,0,0
3151,2025-12,9,323,0,0
3152,2025-08,5,142,0,0
3152,2025-09,4,149,0,0
3152,2025-10,9,343,1,0
3152,2025-11,5,182,2,0
3152,2025-12,8,296,2,0
3153,2025-04,3,65,1,0
3153,2025-05,8,312,3,0
3153,2025-06,3,119,3,0
3153,2025-07,4,105,0,0
3153,2025-08,10,385,5,0
3153,2025-09,8,159,5,0
3153,2025-10,4,151,3,0
3153,2025-11,7,145,4,0
3153,2025-12,1,22,0,0
3154,2025-05,8,264,0,0
3154,2025-06,14,279,0,1
3155,2024-08,4,108,0,0
3155,2024-09,4,117,0,0
3155,2024-10,9,164,0,0
3155,2024-11,3,125,0,0
3155,2024-12,5,126,0,0
3155,2025-01,7,230,3,0
3155,2025-02,0,0,0,0
3155,2025-03,8,270,3,0
3155,2025-04,2,63,1,0
3155,2025-05,5,191,1,0
3155,2025-06,2,64,0,0
3155,2025-07,4,153,2,0
3155,2025-08,3,81,0,0
3155,2025-09,9,308,1,0
3155,2025-10,4,153,1,0
3155,2025-11,2,68,0,0
3155,2025-12,7,233,2,1
3156,2025-01,1,35,0,0
3156,2025-02,0,0,0,0
3156,2025-03,0,0,0,0
3156,2025-04,0,0,0,0
3157,2024-07,8,231,8,0
3157,2024-08,10,267,1,0
3157,2024-09,13,437,5,1
3157,2024-10,12,,4,0
3157,2024-11,10,236,1,0
3157,2024-12,11,308,2,0
3157,2025-01,18,560,4,0
3157,2025-02,10,364,2,0
3157,2025-03,11,355,0,0
3157,2025-04,8,226,1,0
3157,2025-05,10,238,4,0
3157,2025-06,5,123,3,0
3157,2025-07,11,410,0,0
3157,2025-08,11,414,4,0
3157,2025-09,10,260,0,0
3157,2025-10,8,169,2,0
3157,2025-11,14,578,4,1
3158,2025-07,8,183,0,0
3158,2025-08,10,243,2,0
3158,2025-09,7,137,1,0
3158,2025-10,3,69,1,0
3158,2025-11,9,246,4,0
3158,2025-12,7,267,0,0
3159,2025-08,2,,0,0
3159,2025-09,0,0,0,0
3159,2025-10,1,32,0,0
3160,2025-05,7,254,0,1
3160,2025-06,7,286,0,0
3160,2025-07,5,208,0,0
3160,2025-08,5,111,0,0
3160,2025-09,2,46,0,0
3160,2025-10,2,72,0,0
3160,2025-11,8,178,0,0
3160,2025-12,4,,0,0
3161,2025-03,5,137,2,0
3161,2025-04,8,162,1,0
3161,2025-05,4,95,1,0
3161,2025-06,6,165,1,0
3161,2025-07,6,156,0,0
3161,2025-08,5,126,0,0
3161,2025-09,2,67,1,0
3161,2025-10,5,192,1,0
3161,2025-11,6,145,2,1
3161,2025-12,9,270,2,0
3162,2025-03,2,65,0,0
3162,2025-04,8,297,0,0
3162,2025-05,5,121,0,0
3162,2025-06,1,30,0,0
3162,2025-07,9,179,0,0
3162,2025-08,2,72,0,0
3162,2025-09,6,127,0,0
3162,2025-10,7,265,0,0
3162,2025-11,2,50,0,0
3162,2025-12,6,132,0,0
3163,2025-09,4,136,0,0
3163,2025-10,1,18,0,0
3163,2025-11,3,71,0,0
3163,2025-12,2,49,0,0
3164,2024-12,4,125,1,0
3164,2025-01,2,51,1,0
3164,2025-02,5,204,1,0
3164,2025-03,1,39,0,0
3164,2025-04,3,62,0,0
3165,2025-01,2,37,0,0
3165,2025-02,4,96,0,1
3165,2025-03,1,23,0,0
3165,2025-04,4,102,0,1
3165,2025-05,2,47,0,0
3165,2025-06,1,20,0,0
3165,2025-07,2,67,0,0
3165,2025-08,3,86,0,1
3165,2025-09,3,69,0,0
3165,2025-10,0,0,0,0
3165,2025-11,1,25,0,0
3165,2025-12,0,0,0,1
3166,2025-01,13,243,0,1
3166,2025-02,16,445,0,0
3166,2025-03,17,594,0,2
3166,2025-04,17,685,0,2
3166,2025-05,16,666,0,1
3166,2025-06,12,448,0,0
3166,2025-07,12,369,0,0
3166,2025-08,9,378,0,0
3166,2025-09,19,588,0,0
3166,2025-10,10,279,0,0
3166,2025-11,15,535,0,0
3166,2025-12,14,,0,0
3167,2025-04,8,227,0,0
3167,2025-05,8,150,0,0
3167,2025-06,8,316,0,0
3167,2025-07,6,189,0,1
1444,2025-07,16,353,0,0
3167,2025-08,11,354,0,0
3167,2025-09,7,154,0,1
3167,2025-10,6,206,0,0
3168,2025-02,2,67,0,0
3168,2025-03,4,124,0,0
3168,2025-04,3,80,0,0
3168,2025-05,6,198,0,0
3168,2025-06,1,31,0,0
3168,2025-07,4,97,0,0
3168,2025-08,8,250,0,0
3168,2025-09,6,112,0,1
3168,2025-10,3,112,0,0
3168,2025-11,7,160,0,0
3168,2025-12,7,143,0,0
3169,2025-09,0,0,0,1
3170,2025-04,6,214,0,0
3170,2025-05,4,123,0,0
3170,2025-06,4,134,2,0
3170,2025-07,2,38,1,0
3170,2025-08,4,108,0,0
3170,2025-09,3,123,1,0
3170,2025-10,6,197,4,0
3170,2025-11,6,138,3,0
3170,2025-12,2,46,0,0
3171,2025-03,3,107,0,0
3171,2025-04,1,41,0,1
3172,2025-02,7,180,1,0
3172,2025-03,10,208,3,0
3172,2025-04,11,384,2,0
3173,2025-07,15,604,4,2
3173,2025-08,11,237,3,0
3173,2025-09,10,335,2,0
3173,2025-10,14,354,4,0
3173,2025-11,15,621,3,0
3173,2025-12,10,401,2,0
3174,2024-10,1,40,0,0
3174,2024-11,0,0,0,0
3174,2024-12,0,0,0,0
3175,2025-02,5,93,3,0
3175,2025-03,6,187,2,0
3175,2025-04,4,166,1,0
3175,2025-05,5,105,1,0
3175,2025-06,7,190,3,0
3175,2025-07,5,135,0,0
3175,2025-08,5,154,2,1
3175,2025-09,4,81,2,0
3175,2025-10,6,220,1,0
3175,2025-11,5,176,1,0
3175,2025-12,7,272,2,0
3176,2024-12,1,18,0,0
3177,2025-09,3,79,1,0
3177,2025-10,8,284,2,0
3177,2025-11,1,39,1,2
3177,2025-12,4,90,1,0
3178,2024-08,1,20,0,1
3178,2024-09,1,34,0,0
3178,2024-10,4,118,0,0
3178,2024-11,4,110,0,0
3178,2024-12,2,55,0,0
3178,2025-01,2,56,0,0
3178,2025-02,0,0,0,0
3178,2025-03,1,24,0,1
3178,2025-04,0,0,0,0
3178,2025-05,1,21,0,0
3178,2025-06,3,105,0,0
3178,2025-07,1,24,0,2
3179,2025-08,7,153,1,0
3179,2025-09,9,369,1,1
3179,2025-10,11,455,4,0
3179,2025-11,12,417,3,0
3179,2025-12,10,383,4,0
3180,2025-03,0,0,0,0
3181,2025-04,0,0,0,0
3181,2025-05,1,29,0,0
3181,2025-06,3,99,1,0
3181,2025-07,1,32,0,0
3181,2025-08,2,56,0,0
3181,2025-09,1,19,0,0
3181,2025-10,0,0,0,0
3181,2025-11,4,79,1,0
3181,2025-12,1,41,0,1
3182,2025-04,0,0,0,0
3182,2025-05,0,0,0,1
3182,2025-06,3,86,0,0
3182,2025-07,2,66,0,0
3182,2025-08,0,0,0,0
3182,2025-09,1,31,0,0
3182,2025-10,1,24,0,0
3182,2025-11,1,20,0,0
3182,2025-12,0,0,0,0
3183,2025-09,1,26,0,0
3183,2025-10,8,174,1,0
3183,2025-11,4,132,3,2
3183,2025-12,1,22,0,0
3184,2025-02,1,20,1,0
3184,2025-03,2,55,1,0
3184,2025-04,1,19,0,0
3185,2024-12,5,131,0,0
3185,2025-01,3,77,0,0
3186,2024-08,1,34,0,2
3186,2024-09,3,126,0,0
3186,2024-10,5,151,3,0
3186,2024-11,0,0,0,0
3186,2024-12,1,28,0,1
3187,2024-12,5,143,2,1
3187,2025-01,7,212,2,0
3187,2025-02,4,116,3,0
3187,2025-03,5,159,4,0
3187,2025-04,4,93,2,0
3187,2025-05,5,194,4,1
3187,2025-06,3,125,0,0
3187,2025-07,3,124,0,1
3187,2025-08,3,86,3,1
3187,2025-09,3,54,3,1
3187,2025-10,3,75,0,2
3187,2025-11,3,98,3,1
3188,2025-10,7,149,1,0
3188,2025-11,4,109,0,0
3188,2025-12,1,39,0,0
3189,2025-06,2,54,3,0
3189,2025-07,3,122,2,1
3189,2025-08,4,81,1,0
3189,2025-09,5,138,1,0
3189,2025-10,8,161,2,1
3189,2025-11,5,107,1,0
3189,2025-12,3,77,4,0
3190,2025-07,15,,0,0
3190,2025-08,8,277,0,0
3190,2025-09,14,586,0,0
3190,2025-10,17,332,0,2
3190,2025-11,12,400,0,0
3190,2025-12,17,680,0,0
3191,2024-10,2,73,0,0
3191,2024-11,3,111,1,0
3191,2024-12,3,61,0,0
3191,2025-01,3,59,2,0
3191,2025-02,0,0,0,0
3191,2025-03,2,64,0,0
3191,2025-04,2,64,0,0
3191,2025-05,1,27,1,0
3191,2025-06,1,20,1,0
3191,2025-07,2,41,2,0
3191,2025-08,1,35,3,0
3191,2025-09,0,0,0,0
3192,2024-10,0,0,0,0
3193,2024-11,0,0,0,0
3194,2025-04,7,128,2,0
3194,2025-05,3,67,0,0
3194,2025-06,6,117,0,0
3194,2025-07,7,246,1,0
3194,2025-08,2,43,0,0
3194,2025-09,5,155,3,0
3194,2025-10,5,144,1,0
3194,2025-11,5,151,1,0
3194,2025-12,6,160,8,0
3195,2025-10,1,34,1,0
3195,2025-11,4,110,1,0
3195,2025-12,0,0,0,0
3196,2025-01,1,37,0,0
3197,2024-08,2,50,1,1
3197,2024-09,3,96,1,1
3197,2024-10,2,72,1,0
3197,2024-11,3,56,0,0
3197,2024-12,3,114,1,0
3197,2025-01,4,90,4,1
3197,2025-02,5,130,3,0
3197,2025-03,6,194,3,0
3198,2025-07,6,162,0,0
3198,2025-08,11,375,0,1
3198,2025-09,5,173,0,0
3198,2025-10,12,,0,0
3198,2025-11,8,256,0,0
3198,2025-12,7,182,0,0
3199,2025-01,1,42,0,0
3199,2025-02,4,86,0,0
3199,2025-03,0,0,0,0
3199,2025-04,1,23,0,0
3199,2025-05,2,67,0,0
3199,2025-06,4,117,0,0
3199,2025-07,2,83,0,0
3200,2025-10,3,123,0,0
3200,2025-11,9,191,0,0
3200,2025-12,6,123,0,0
3201,2025-08,6,155,0,0
3201,2025-09,1,41,0,0
3201,2025-10,2,54,0,0
3201,2025-11,1,26,0,0
3201,2025-12,1,18,0,0
3202,2024-09,10,347,2,0
3202,2024-10,12,218,1,1
3202,2024-11,21,638,6,0
3202,2024-12,12,433,4,0
3202,2025-01,7,206,1,0
3202,2025-02,9,241,2,0
3202,2025-03,7,164,2,0
3202,2025-04,10,408,1,0
3202,2025-05,13,467,2,0
3202,2025-06,17,341,5,0
3202,2025-07,8,221,5,0
3202,2025-08,13,416,3,0
3202,2025-09,10,376,0,0
3202,2025-10,6,192,1,1
3202,2025-11,17,472,6,0
3202,2025-12,8,289,5,0
3203,2025-08,4,117,0,0
3203,2025-09,11,239,0,0
3203,2025-10,14,416,0,0
3203,2025-11,13,292,0,0
3203,2025-12,13,251,0,0
3204,2024-09,4,73,0,0
3204,2024-10,8,323,0,0
3204,2024-11,3,71,0,0
3204,2024-12,4,141,0,0
3204,2025-01,1,27,0,0
3204,2025-02,2,76,0,0
3204,2025-03,1,33,0,0
3204,2025-04,2,81,0,0
3204,2025-05,1,18,0,0
3204,2025-06,3,117,0,0
3204,2025-07,1,26,0,0
3204,2025-08,0,0,0,0
3205,2024-08,0,0,0,0
3205,2024-09,1,19,0,0
3205,2024-10,1,32,0,1
3206,2025-06,1,40,0,1
3206,2025-07,5,,0,0
3206,2025-08,4,153,0,0
3206,2025-09,1,35,0,0
3206,2025-10,0,0,0,0
3206,2025-11,1,37,0,0
3187,2025-11,3,98,3,1
3206,2025-12,1,31,0,1
3207,2025-09,1,26,0,0
3207,2025-10,1,35,0,0
3207,2025-11,4,121,0,0
3207,2025-12,3,69,0,0
3208,2024-07,1,22,0,0
3208,2024-08,3,108,0,0
3208,2024-09,3,64,0,0
3208,2024-10,4,126,0,0
3208,2024-11,1,33,0,0
3208,2024-12,1,35,0,0
3208,2025-01,1,39,0,0
3208,2025-02,0,0,0,0
3208,2025-03,1,40,0,0
3208,2025-04,0,0,0,0
3208,2025-05,0,0,0,1
3209,2024-11,0,0,0,0
3209,2024-12,1,38,0,0
3209,2025-01,4,102,0,0
3209,2025-02,4,138,0,0
3209,2025-03,3,,0,0
3209,2025-04,4,84,0,0
3209,2025-05,2,59,0,0
3209,2025-06,0,0,0,0
3209,2025-07,3,100,0,0
3209,2025-08,0,0,0,0
3209,2025-09,0,0,0,1
3210,2025-05,4,126,1,0
3210,2025-06,0,0,0,0
3210,2025-07,4,95,1,0
3210,2025-08,1,19,0,1
3210,2025-09,0,0,0,0
3210,2025-10,2,72,1,0
3210,2025-11,1,27,1,0
3210,2025-12,0,0,0,1
3211,2024-09,9,169,0,0
3211,2024-10,4,110,0,0
3211,2024-11,11,379,0,0
3211,2024-12,8,238,0,0
3211,2025-01,10,244,0,0
3211,2025-02,8,280,0,0
3211,2025-03,10,251,0,0
3211,2025-04,11,319,0,0
3211,2025-05,13,331,0,0
3211,2025-06,11,,0,0
3211,2025-07,11,418,0,0
3211,2025-08,16,313,0,0
3211,2025-09,3,79,0,0
3211,2025-10,2,50,0,0
3211,2025-11,10,290,0,0
3211,2025-12,10,377,0,0
3212,2025-09,5,161,0,0
3212,2025-10,1,36,0,0
3212,2025-11,2,60,0,0
3212,2025-12,1,24,0,0
3213,2025-10,2,45,0,0
3213,2025-11,1,33,2,0
3213,2025-12,0,0,0,0
3214,2024-08,8,185,1,0
3214,2024-09,5,123,1,0
3214,2024-10,5,92,1,0
3214,2024-11,5,187,3,0
3214,2024-12,3,98,1,0
3214,2025-01,9,195,1,0
3214,2025-02,10,220,5,0
3214,2025-03,4,,0,0
3214,2025-04,5,173,0,0
3214,2025-05,6,115,4,0
3214,2025-06,7,182,1,0
3214,2025-07,4,104,3,0
3214,2025-08,7,152,0,0
3214,2025-09,4,130,1,0
3214,2025-10,7,258,0,0
3214,2025-11,7,267,1,0
3215,2025-02,7,239,0,0
3215,2025-03,12,327,0,0
3215,2025-04,5,126,0,0
3215,2025-05,10,269,0,0
3215,2025-06,14,257,0,0
3215,2025-07,11,205,0,0
3215,2025-08,11,238,0,1
3215,2025-09,8,243,0,1
3215,2025-10,8,,0,1
3215,2025-11,14,325,0,0
3215,2025-12,14,443,0,0
3216,2025-08,2,42,0,1
3216,2025-09,0,0,0,0
3216,2025-10,1,23,0,1
3216,2025-11,5,181,0,0
3216,2025-12,5,205,0,0
3217,2024-10,1,27,0,0
3218,2025-09,1,31,0,0
3218,2025-10,3,62,0,0
3218,2025-11,0,0,0,1
3218,2025-12,4,88,0,0
3219,2025-08,2,70,0,0
3219,2025-09,3,83,0,0
3219,2025-10,3,113,2,0
3220,2024-08,5,186,0,0
3220,2024-09,3,125,0,0
3220,2024-10,4,138,0,0
3220,2024-11,2,36,0,0
3220,2024-12,3,,0,0
3220,2025-01,1,19,0,1
3221,2025-06,2,64,1,0
3221,2025-07,3,65,0,0
3221,2025-08,2,67,0,0
3221,2025-09,3,98,1,0
3221,2025-10,4,139,1,0
3221,2025-11,1,21,1,0
3222,2024-08,1,18,0,0
3223,2025-04,18,748,0,0
3223,2025-05,21,860,0,0
3223,2025-06,19,625,0,0
3223,2025-07,28,834,0,0
3223,2025-08,19,411,0,0
3223,2025-09,25,963,0,0
3223,2025-10,19,555,0,0
3223,2025-11,24,657,0,0
3223,2025-12,18,549,0,0
3224,2025-05,14,584,7,0
3224,2025-06,16,521,5,0
3224,2025-07,11,200,2,0
3224,2025-08,8,232,2,0
3224,2025-09,11,461,1,0
3224,2025-10,15,424,8,0
3224,2025-11,15,381,4,0
3224,2025-12,13,517,1,0
3225,2024-08,4,140,0,1
3225,2024-09,4,160,6,0
3225,2024-10,2,75,2,0
1464,2025-05,6,223,2,0
3225,2024-11,3,71,2,0
3225,2024-12,0,0,0,0
3225,2025-01,3,83,2,0
3225,2025-02,2,62,3,0
3225,2025-03,2,42,1,0
3225,2025-04,1,20,0,1
3226,2025-06,1,24,0,1
3226,2025-07,3,82,0,0
3227,2025-06,5,109,0,0
3227,2025-07,5,129,0,0
3227,2025-08,6,216,0,0
3227,2025-09,6,196,0,0
3227,2025-10,9,332,0,0
3227,2025-11,8,149,0,0
3227,2025-12,9,219,0,0
3228,2025-05,3,110,0,0
3228,2025-06,3,85,0,0
3228,2025-07,1,36,0,0
3228,2025-08,2,72,0,0
3228,2025-09,1,24,0,0
3228,2025-10,5,166,0,0
3228,2025-11,0,0,0,0
3228,2025-12,1,24,0,0
3229,2024-09,3,125,3,0
3229,2024-10,6,209,2,0
3229,2024-11,9,258,4,1
3229,2024-12,9,324,4,0
3229,2025-01,5,137,1,0
3463,2024-11,5,92,0,0
3229,2025-02,3,88,0,1
3229,2025-03,4,112,2,0
3229,2025-04,6,123,3,1
3229,2025-05,4,92,0,2
3229,2025-06,2,45,0,0
3230,2025-06,11,380,0,0
3230,2025-07,15,294,0,0
3230,2025-08,21,704,0,0
3230,2025-09,16,558,0,0
3230,2025-10,12,473,0,1
3230,2025-11,8,157,0,1
3230,2025-12,8,180,0,1
3231,2025-05,6,169,2,0
2192,2025-12,0,0,0,0
3231,2025-06,4,84,1,0
3231,2025-07,8,334,6,0
3231,2025-08,6,246,3,0
3231,2025-09,3,121,0,0
3231,2025-10,3,95,1,0
3231,2025-11,5,91,0,0
3231,2025-12,2,42,0,0
3232,2024-10,0,0,0,1
3233,2024-12,4,103,1,0
3233,2025-01,4,153,2,0
3233,2025-02,1,37,1,1
3233,2025-03,4,108,4,0
3233,2025-04,1,34,0,1
3234,2025-03,5,114,0,0
3234,2025-04,3,97,0,0
3234,2025-05,1,27,0,1
3234,2025-06,2,37,0,1
3234,2025-07,6,221,0,0
3234,2025-08,3,85,0,0
3234,2025-09,3,103,0,0
3234,2025-10,1,23,0,1
3234,2025-11,6,128,0,1
3234,2025-12,3,62,0,0
3235,2025-04,3,82,0,0
3235,2025-05,11,452,0,1
3235,2025-06,2,62,0,1
3235,2025-07,2,59,0,0
3235,2025-08,0,0,0,0
3235,2025-09,3,97,0,0
3235,2025-10,4,121,0,0
3235,2025-11,1,30,0,0
3235,2025-12,0,0,0,1
3236,2025-06,3,85,0,0
3236,2025-07,5,176,0,0
3236,2025-08,2,,0,0
3236,2025-09,1,41,0,0
3237,2025-08,3,90,0,0
3237,2025-09,0,0,0,0
3237,2025-10,3,55,0,0
3237,2025-11,6,168,0,0
3237,2025-12,1,39,0,0
3238,2025-07,3,64,1,0
3238,2025-08,2,77,0,0
3238,2025-09,2,59,1,0
3238,2025-10,2,67,0,0
3238,2025-11,0,0,0,0
3238,2025-12,1,21,0,0
3239,2025-08,1,24,0,0
3239,2025-09,6,222,1,0
3239,2025-10,5,114,3,0
3239,2025-11,1,25,0,0
3239,2025-12,4,100,2,0
3240,2025-07,2,43,0,0
3240,2025-08,2,47,2,0
3240,2025-09,1,36,1,0
3240,2025-10,2,47,0,0
3240,2025-11,2,71,0,0
3240,2025-12,2,70,0,0
3241,2024-12,13,423,0,0
3241,2025-01,8,233,0,0
3241,2025-02,12,354,0,0
3241,2025-03,11,261,0,0
3241,2025-04,6,186,0,0
3241,2025-05,8,176,0,0
3241,2025-06,6,237,0,0
3241,2025-07,11,261,0,1
3241,2025-08,9,291,0,0
3241,2025-09,7,290,0,0
3241,2025-10,6,213,0,0
3241,2025-11,5,137,0,0
3241,2025-12,6,161,0,0
3242,2025-05,4,168,0,1
3242,2025-06,6,213,0,0
3242,2025-07,4,94,0,0
3242,2025-08,3,114,0,0
3242,2025-09,3,91,0,0
3242,2025-10,7,270,0,0
3242,2025-11,6,,0,0
3242,2025-12,3,67,0,0
3243,2025-01,5,92,0,0
3243,2025-02,3,59,0,0
3243,2025-03,2,70,0,0
3243,2025-04,4,131,0,0
3243,2025-05,5,137,0,0
3243,2025-06,6,204,0,0
3243,2025-07,5,101,0,0
3243,2025-08,3,89,0,0
3243,2025-09,3,75,0,0
3243,2025-10,8,193,0,0
3243,2025-11,5,208,0,0
3243,2025-12,1,25,0,0
3244,2025-03,3,68,0,0
3244,2025-04,5,100,0,1
3244,2025-05,6,162,0,1
3244,2025-06,5,143,0,1
3244,2025-07,4,116,0,0
3244,2025-08,2,66,0,0
3244,2025-09,4,73,0,0
3244,2025-10,5,104,0,0
3244,2025-11,3,100,0,0
3244,2025-12,2,62,0,0
3245,2025-03,1,35,0,0
3245,2025-04,2,84,0,0
3245,2025-05,2,74,0,0
3246,2025-01,6,225,1,0
3246,2025-02,4,111,1,0
3246,2025-03,2,68,1,0
3246,2025-04,5,178,0,0
3246,2025-05,4,147,2,0
3246,2025-06,5,,1,0
3246,2025-07,4,112,1,0
3246,2025-08,5,180,4,0
3246,2025-09,8,284,4,1
3246,2025-10,1,19,1,0
3246,2025-11,6,136,4,0
3246,2025-12,6,234,6,0
3247,2025-09,3,67,0,0
3247,2025-10,1,31,0,0
3247,2025-11,2,73,0,0
3247,2025-12,1,28,0,0
3248,2025-04,2,69,1,0
3248,2025-05,4,75,5,0
3248,2025-06,3,82,2,1
3248,2025-07,6,163,2,0
3248,2025-08,2,50,0,0
3248,2025-09,4,167,2,1
3248,2025-10,6,174,1,0
3248,2025-11,3,117,1,1
3248,2025-12,3,108,0,0
3249,2025-02,3,100,1,0
3249,2025-03,5,186,2,0
3249,2025-04,4,152,0,0
3249,2025-05,5,117,2,0
3249,2025-06,2,58,0,0
3249,2025-07,4,,0,0
3250,2025-02,5,158,0,0
3250,2025-03,6,222,0,0
3250,2025-04,6,242,0,0
3250,2025-05,7,152,0,0
3250,2025-06,11,369,0,0
3251,2025-04,2,61,0,0
3251,2025-05,5,201,0,0
3251,2025-06,1,18,0,0
3251,2025-07,4,96,0,0
3251,2025-08,2,71,0,0
3251,2025-09,1,36,0,0
3251,2025-10,3,98,0,0
3251,2025-11,0,0,0,0
3251,2025-12,1,23,0,0
3252,2025-01,12,292,11,0
3252,2025-02,7,212,1,0
3252,2025-03,11,444,4,0
3252,2025-04,11,255,8,0
3252,2025-05,6,127,1,0
3252,2025-06,11,305,6,0
3252,2025-07,6,248,7,0
3252,2025-08,6,231,4,0
3252,2025-09,7,266,3,0
3252,2025-10,10,314,5,0
3252,2025-11,11,398,2,1
3252,2025-12,2,57,0,1
3253,2025-07,1,21,0,0
3253,2025-08,1,41,1,0
3253,2025-09,2,83,0,0
3253,2025-10,1,42,0,0
3253,2025-11,0,0,0,0
3253,2025-12,1,22,0,0
3254,2025-10,0,0,0,0
3255,2025-01,10,309,0,0
3255,2025-02,7,282,0,0
3255,2025-03,11,321,0,0
3255,2025-04,7,144,0,0
3255,2025-05,7,,0,0
3255,2025-06,11,422,0,0
3255,2025-07,1,21,0,0
3255,2025-08,4,138,0,0
3255,2025-09,10,308,0,0
3255,2025-10,7,283,0,1
3255,2025-11,7,230,0,0
3255,2025-12,3,73,0,0
3256,2025-02,10,412,0,0
3256,2025-03,7,183,0,0
3256,2025-04,10,195,0,0
3256,2025-05,8,273,0,0
3256,2025-06,11,412,0,0
3256,2025-07,12,351,0,1
3256,2025-08,8,166,0,0
3256,2025-09,12,440,0,0
3256,2025-10,11,451,0,1
3256,2025-11,10,314,0,1
3256,2025-12,7,169,0,0
3257,2025-06,0,0,0,0
3257,2025-07,2,59,4,0
3257,2025-08,1,39,0,0
3257,2025-09,0,0,0,0
3257,2025-10,0,0,0,0
3257,2025-11,0,0,0,0
3257,2025-12,0,0,0,0
3258,2025-01,11,368,0,0
3258,2025-02,11,366,0,0
3258,2025-03,7,209,0,0
3259,2025-02,5,134,0,0
3259,2025-03,3,104,0,0
3259,2025-04,4,151,0,0
3259,2025-05,2,68,0,0
3259,2025-06,4,116,0,0
3259,2025-07,7,155,0,0
3259,2025-08,6,218,0,1
3260,2025-03,2,37,0,0
3260,2025-04,1,42,0,0
3260,2025-05,5,122,0,0
3260,2025-06,1,29,0,1
3260,2025-07,2,40,0,2
3260,2025-08,0,0,0,0
3260,2025-09,2,79,0,0
3260,2025-10,2,47,0,0
3260,2025-11,2,65,0,0
3260,2025-12,0,0,0,1
3261,2025-07,0,0,0,0
3261,2025-08,0,0,0,0
3261,2025-09,3,60,0,0
3261,2025-10,0,0,0,0
3262,2025-04,2,75,0,0
3262,2025-05,0,0,0,0
3262,2025-06,1,23,0,0
3262,2025-07,2,64,1,0
3262,2025-08,2,,0,0
3262,2025-09,4,100,4,0
3262,2025-10,0,0,0,0
3262,2025-11,3,70,1,0
3262,2025-12,0,0,0,0
3263,2024-11,2,52,0,0
3263,2024-12,6,180,0,0
3263,2025-01,4,72,2,0
3263,2025-02,2,41,0,0
3263,2025-03,3,120,1,0
3263,2025-04,4,93,0,0
3263,2025-05,3,68,1,0
3263,2025-06,0,0,0,0
3263,2025-07,1,21,0,0
3263,2025-08,1,40,1,0
3263,2025-09,1,21,1,0
3263,2025-10,2,72,0,0
3263,2025-11,1,31,1,0
3263,2025-12,1,29,2,0
3264,2025-09,2,84,0,0
3264,2025-10,5,143,0,1
3265,2025-06,1,31,0,0
3265,2025-07,0,0,0,0
3266,2024-11,11,290,2,0
3266,2024-12,15,415,2,0
3266,2025-01,11,325,5,0
3266,2025-02,9,318,3,0
3266,2025-03,14,425,5,0
3266,2025-04,8,172,1,0
3266,2025-05,12,287,2,0
3266,2025-06,10,197,2,0
3266,2025-07,3,76,1,0
3266,2025-08,3,58,1,1
3266,2025-09,7,234,2,1
3266,2025-10,8,235,4,0
3267,2024-10,5,127,0,0
3267,2024-11,7,187,0,0
3267,2024-12,6,122,0,0
3267,2025-01,3,108,0,0
3267,2025-02,5,145,0,0
3267,2025-03,4,155,0,0
3267,2025-04,7,235,0,0
3267,2025-05,6,237,0,0
3267,2025-06,2,65,0,0
3267,2025-07,1,40,0,0
3267,2025-08,7,214,0,0
3267,2025-09,3,84,0,0
3267,2025-10,5,119,0,0
3267,2025-11,3,79,0,1
3267,2025-12,6,174,0,1
3268,2025-04,3,62,1,0
3268,2025-05,7,144,2,0
3268,2025-06,6,160,1,0
3268,2025-07,6,133,2,0
3268,2025-08,4,128,1,0
3268,2025-09,6,135,2,0
3268,2025-10,6,131,1,0
3268,2025-11,8,226,2,0
3268,2025-12,5,108,2,0
3269,2025-05,2,40,0,0
3269,2025-06,1,33,0,0
3269,2025-07,1,27,0,0
3269,2025-08,4,80,0,0
3269,2025-09,0,0,0,0
3269,2025-10,3,110,0,0
3269,2025-11,0,0,0,0
3269,2025-12,0,0,0,0
3270,2025-05,2,66,0,0
3270,2025-06,2,83,2,0
3271,2024-09,10,312,0,0
3271,2024-10,11,216,0,0
3271,2024-11,9,230,0,0
3271,2024-12,8,311,0,0
3271,2025-01,7,127,0,0
3271,2025-02,8,286,0,0
3271,2025-03,10,189,0,0
3271,2025-04,12,366,0,0
3271,2025-05,10,342,0,0
3271,2025-06,9,197,0,0
3271,2025-07,5,193,0,0
3271,2025-08,8,148,0,0
3271,2025-09,3,114,0,0
3271,2025-10,15,562,0,0
3271,2025-11,14,554,0,0
3271,2025-12,9,315,0,0
3272,2024-12,11,342,5,0
3272,2025-01,11,201,3,0
3272,2025-02,13,520,6,1
3272,2025-03,9,219,0,1
3272,2025-04,13,536,3,0
3272,2025-05,8,152,4,0
3272,2025-06,15,573,5,0
3272,2025-07,11,262,10,0
3272,2025-08,6,227,2,0
3272,2025-09,12,383,4,0
3272,2025-10,6,160,1,0
3272,2025-11,9,196,4,0
3272,2025-12,5,101,0,0
3273,2025-04,5,132,0,0
3273,2025-05,4,106,0,0
3273,2025-06,10,292,0,0
3273,2025-07,3,58,0,0
3273,2025-08,4,156,0,0
3273,2025-09,6,158,0,0
3273,2025-10,8,155,0,0
3273,2025-11,6,221,0,0
3273,2025-12,4,87,0,0
3274,2025-05,2,51,0,0
3274,2025-06,4,83,0,0
3274,2025-07,3,91,0,0
3274,2025-08,3,79,0,0
3274,2025-09,5,199,0,0
3274,2025-10,2,43,0,0
3274,2025-11,1,23,0,0
3274,2025-12,1,18,0,0
3275,2024-10,1,27,0,0
3275,2024-11,3,88,0,0
3275,2024-12,2,54,0,1
3275,2025-01,2,43,0,1
3275,2025-02,4,108,0,0
3275,2025-03,1,33,0,0
3275,2025-04,1,31,0,0
3275,2025-05,1,21,0,1
3275,2025-06,1,23,0,0
3275,2025-07,1,20,0,0
3275,2025-08,1,19,0,1
3275,2025-09,1,38,0,0
3275,2025-10,1,35,0,0
3275,2025-11,1,22,0,0
3275,2025-12,1,39,0,0
3276,2025-06,11,284,0,0
3276,2025-07,6,128,0,1
3276,2025-08,16,421,0,1
3276,2025-09,7,142,0,0
3276,2025-10,6,225,0,1
3276,2025-11,9,223,0,0
3276,2025-12,10,360,0,1
3277,2024-08,8,277,3,0
3278,2025-04,1,32,1,0
3278,2025-05,8,180,0,0
3278,2025-06,7,232,0,0
3278,2025-07,4,143,1,0
3278,2025-08,4,152,0,0
3278,2025-09,1,20,0,1
3279,2025-10,6,169,0,0
3279,2025-11,4,,0,0
3279,2025-12,3,124,0,0
3280,2025-10,0,0,0,0
3280,2025-11,3,95,0,0
3280,2025-12,5,206,0,0
3281,2024-12,7,254,0,0
3281,2025-01,18,399,0,0
3282,2025-10,2,42,0,0
3282,2025-11,1,29,0,0
3282,2025-12,0,0,0,0
3283,2025-04,5,157,1,1
3283,2025-05,2,39,2,0
3283,2025-06,0,0,0,0
3283,2025-07,1,19,0,0
3283,2025-08,1,35,0,0
3283,2025-09,2,46,3,0
3283,2025-10,3,97,1,0
3283,2025-11,0,0,0,0
3283,2025-12,0,0,0,0
3284,2024-11,1,41,1,0
3284,2024-12,6,114,3,0
3284,2025-01,8,284,3,0
3284,2025-02,2,59,0,0
3284,2025-03,10,209,1,0
3284,2025-04,2,42,1,0
3284,2025-05,7,221,2,0
3284,2025-06,7,264,3,0
3284,2025-07,5,141,1,0
3284,2025-08,6,131,0,0
3284,2025-09,1,25,0,0
3284,2025-10,7,159,4,0
3284,2025-11,3,108,0,0
3284,2025-12,6,112,2,0
3285,2024-11,4,100,0,0
3285,2024-12,6,113,0,0
3285,2025-01,10,270,0,0
3286,2025-08,9,297,0,0
3286,2025-09,3,117,0,0
3286,2025-10,6,176,0,0
3286,2025-11,3,109,0,0
3286,2025-12,3,114,0,0
3287,2024-11,2,38,0,0
3287,2024-12,4,136,0,0
3287,2025-01,3,91,0,0
3287,2025-02,1,38,0,0
3287,2025-03,2,71,0,0
3287,2025-04,1,23,0,0
3287,2025-05,2,48,0,0
3287,2025-06,2,72,0,0
3287,2025-07,1,,0,0
3287,2025-08,2,60,0,0
3287,2025-09,2,82,0,0
3287,2025-10,1,23,0,0
3288,2025-09,3,79,3,0
3288,2025-10,0,0,0,0
3288,2025-11,5,189,4,0
3288,2025-12,1,35,1,0
3289,2025-10,0,0,0,0
3289,2025-11,1,25,0,0
3289,2025-12,0,0,0,0
3290,2025-01,2,53,0,0
3290,2025-02,1,37,0,0
3290,2025-03,1,38,0,0
3290,2025-04,0,0,0,1
3290,2025-05,1,35,0,1
3290,2025-06,0,0,0,0
3290,2025-07,1,36,0,0
3290,2025-08,1,40,0,0
3290,2025-09,2,76,0,0
3290,2025-10,0,0,0,0
3290,2025-11,1,32,0,0
3290,2025-12,0,0,0,0
3291,2024-10,2,79,0,0
3291,2024-11,4,166,0,0
3291,2024-12,4,155,0,0
3291,2025-01,3,94,0,0
3292,2025-10,6,185,1,0
3292,2025-11,3,88,1,0
3292,2025-12,1,34,0,0
3293,2025-09,15,590,0,1
3293,2025-10,18,372,0,0
3293,2025-11,12,488,0,0
3293,2025-12,10,235,0,0
3294,2025-02,0,0,0,0
3295,2024-07,8,183,5,1
3295,2024-08,12,380,7,0
3295,2024-09,7,,2,0
3295,2024-10,7,141,4,0
3295,2024-11,12,345,5,0
3295,2024-12,10,342,5,0
3295,2025-01,8,246,1,2
3295,2025-02,11,354,3,0
3295,2025-03,11,300,4,0
3295,2025-04,8,181,4,0
3295,2025-05,8,185,8,0
3295,2025-06,11,228,4,0
3295,2025-07,9,372,3,2
3295,2025-08,2,83,0,0
3295,2025-09,13,309,4,0
3295,2025-10,12,367,7,0
3295,2025-11,14,423,7,0
3295,2025-12,7,268,2,0
3296,2025-03,1,38,0,0
3297,2025-03,1,29,0,0
3297,2025-04,1,20,0,0
3298,2025-05,10,313,2,0
3298,2025-06,8,239,2,0
3298,2025-07,8,269,2,0
3298,2025-08,4,105,0,0
3298,2025-09,15,541,1,0
3298,2025-10,8,170,1,0
3298,2025-11,4,135,1,0
3298,2025-12,10,284,2,0
3299,2025-10,1,37,0,0
3299,2025-11,7,259,0,0
3299,2025-12,5,103,0,0
3300,2024-08,4,149,2,0
3300,2024-09,6,216,2,0
3300,2024-10,2,58,0,0
3300,2024-11,2,67,1,0
3300,2024-12,6,188,6,0
3300,2025-01,4,146,1,0
3300,2025-02,6,228,3,0
3300,2025-03,5,126,2,0
3300,2025-04,3,78,1,0
3301,2025-02,3,68,1,0
3301,2025-03,2,76,1,0
3301,2025-04,3,86,0,0
3301,2025-05,7,143,0,0
3301,2025-06,4,,1,0
3301,2025-07,5,205,2,0
3301,2025-08,14,333,5,1
3301,2025-09,4,118,0,0
3301,2025-10,4,98,0,0
3301,2025-11,5,202,0,1
3301,2025-12,7,177,1,1
3302,2025-10,10,356,0,0
3302,2025-11,13,504,7,0
3302,2025-12,13,512,4,0
3303,2025-09,6,,0,0
3303,2025-10,2,78,0,0
3303,2025-11,3,72,1,0
3303,2025-12,2,76,1,0
3304,2025-02,12,495,5,0
3304,2025-03,8,262,6,0
3304,2025-04,10,419,6,0
3304,2025-05,3,84,0,0
3304,2025-06,9,350,6,0
3304,2025-07,6,152,1,0
3304,2025-08,7,156,3,0
3304,2025-09,9,216,3,0
3304,2025-10,6,238,1,0
3304,2025-11,8,150,4,0
3304,2025-12,7,281,3,1
3305,2025-01,4,132,1,0
3305,2025-02,8,226,3,0
3305,2025-03,2,82,1,0
3305,2025-04,1,36,1,0
3305,2025-05,1,24,0,0
3305,2025-06,5,204,2,0
3305,2025-07,4,136,1,0
3305,2025-08,0,0,0,0
3305,2025-09,2,38,1,0
3305,2025-10,2,45,2,0
3305,2025-11,1,21,0,0
3305,2025-12,0,0,0,0
3306,2025-07,0,0,0,0
3306,2025-08,2,58,0,0
3306,2025-09,2,37,2,0
3306,2025-10,5,183,1,0
3306,2025-11,2,40,0,0
3306,2025-12,1,19,0,1
3307,2025-10,2,72,0,0
3307,2025-11,1,41,0,1
3308,2025-08,8,226,3,0
3308,2025-09,5,187,6,0
3308,2025-10,1,30,0,0
3308,2025-11,5,103,3,0
3308,2025-12,5,107,6,0
3309,2025-05,2,51,1,0
3309,2025-06,1,21,0,0
3309,2025-07,1,20,0,0
3309,2025-08,1,31,0,0
3310,2025-06,9,334,1,0
3310,2025-07,2,47,1,0
3310,2025-08,7,151,4,0
3310,2025-09,5,95,3,0
3310,2025-10,6,204,3,0
3310,2025-11,13,463,7,0
3310,2025-12,6,128,3,0
3311,2025-10,3,68,0,0
3311,2025-11,2,74,0,0
3311,2025-12,5,95,0,0
3312,2024-08,10,276,0,0
3312,2024-09,9,183,0,0
3312,2024-10,19,530,0,0
3312,2024-11,6,248,0,0
3312,2024-12,16,290,0,0
3312,2025-01,9,365,0,0
3312,2025-02,13,268,0,0
3312,2025-03,11,247,0,0
3312,2025-04,2,44,0,0
3312,2025-05,11,203,0,0
3312,2025-06,9,329,0,0
3312,2025-07,8,308,0,0
3312,2025-08,6,228,0,0
3312,2025-09,9,255,0,0
3312,2025-10,12,413,0,0
3312,2025-11,7,225,0,0
2091,2024-12,5,197,0,0
3312,2025-12,11,221,0,0
3313,2024-12,2,46,0,0
3313,2025-01,1,37,0,0
3313,2025-02,0,0,0,1
3314,2025-07,8,323,0,0
3314,2025-08,8,181,0,0
3314,2025-09,5,97,0,0
3314,2025-10,9,163,0,0
3314,2025-11,4,88,0,1
3314,2025-12,5,132,0,1
3315,2024-10,0,0,0,0
3315,2024-11,0,0,0,0
3316,2024-07,12,236,5,0
3316,2024-08,15,449,9,0
3316,2024-09,14,427,14,0
3316,2024-10,15,405,9,0
3316,2024-11,7,223,3,0
3316,2024-12,22,527,6,0
3316,2025-01,11,302,3,0
3316,2025-02,16,521,11,0
3316,2025-03,15,421,10,0
3316,2025-04,14,459,8,0
3316,2025-05,9,294,4,0
3316,2025-06,6,211,3,0
3316,2025-07,4,79,2,0
3316,2025-08,16,563,9,0
3316,2025-09,7,173,4,0
3316,2025-10,11,423,6,0
3316,2025-11,6,197,3,0
3316,2025-12,11,272,5,0
3317,2025-07,5,179,3,0
3317,2025-08,3,104,2,0
3317,2025-09,4,106,2,0
3317,2025-10,7,141,1,0
3317,2025-11,4,87,0,0
3317,2025-12,5,125,3,0
3318,2025-05,7,180,3,1
3318,2025-06,1,40,0,0
3319,2025-07,0,0,0,0
3319,2025-08,1,35,0,0
3320,2024-12,2,60,0,0
3320,2025-01,3,108,0,0
3320,2025-02,2,37,0,0
3320,2025-03,1,20,0,0
3321,2025-05,3,95,0,0
3321,2025-06,1,27,0,0
3321,2025-07,5,181,0,0
3321,2025-08,4,114,0,0
3321,2025-09,3,87,0,0
3321,2025-10,7,203,0,0
3321,2025-11,7,193,0,0
3321,2025-12,4,105,0,1
3322,2024-10,0,0,0,2
3323,2025-03,13,470,0,0
3323,2025-04,11,294,0,0
3323,2025-05,9,205,0,1
3323,2025-06,8,273,0,0
3323,2025-07,12,450,0,0
3323,2025-08,10,263,0,0
3323,2025-09,4,131,0,0
3323,2025-10,10,310,0,1
3323,2025-11,11,396,0,0
3324,2024-10,1,34,0,0
3324,2024-11,2,66,1,1
3324,2024-12,0,0,0,1
3324,2025-01,2,44,1,0
3324,2025-02,1,19,0,0
3324,2025-03,2,71,2,2
3324,2025-04,0,0,0,0
3324,2025-05,2,50,1,2
3324,2025-06,1,38,0,0
3324,2025-07,0,0,0,0
3324,2025-08,1,28,0,0
3324,2025-09,0,0,0,0
3325,2024-09,1,31,0,0
3325,2024-10,0,0,0,0
3325,2024-11,2,49,0,0
3326,2024-10,0,0,0,0
3326,2024-11,1,33,0,0
3326,2024-12,0,0,0,0
3326,2025-01,1,34,1,0
3327,2024-11,2,48,1,0
3327,2024-12,4,75,1,0
3327,2025-01,3,74,3,0
3327,2025-02,1,25,0,0
3327,2025-03,3,125,2,0
3327,2025-04,2,52,2,0
3327,2025-05,1,29,0,0
3328,2025-07,3,54,2,0
3329,2025-06,4,129,4,0
3329,2025-07,2,53,2,0
3329,2025-08,6,114,3,0
3329,2025-09,3,86,1,0
3329,2025-10,6,234,1,0
3329,2025-11,5,171,3,0
3329,2025-12,5,209,4,0
3330,2024-11,5,121,0,0
3330,2024-12,4,118,0,0
3330,2025-01,6,240,0,0
3330,2025-02,6,152,0,0
3330,2025-03,5,118,0,0
3330,2025-04,5,107,0,0
3330,2025-05,7,189,0,0
3330,2025-06,4,129,0,0
3330,2025-07,1,42,0,0
3330,2025-08,7,285,0,0
3330,2025-09,9,249,0,0
3330,2025-10,5,194,0,0
3330,2025-11,1,25,0,0
3330,2025-12,1,20,0,0
3331,2025-09,0,0,0,0
3331,2025-10,3,70,0,0
3331,2025-11,1,20,0,0
3331,2025-12,0,0,0,0
3332,2025-08,1,40,0,0
3332,2025-09,1,38,0,0
3332,2025-10,0,0,0,0
3332,2025-11,0,0,0,0
3333,2025-08,3,61,1,0
3333,2025-09,1,29,0,0
2630,2025-02,1,24,0,0
3333,2025-10,2,72,1,0
3333,2025-11,4,130,2,0
3333,2025-12,2,71,1,0
3334,2025-09,3,109,0,0
3334,2025-10,2,72,0,0
3334,2025-11,5,204,1,0
3334,2025-12,7,226,2,0
3335,2025-10,3,84,0,0
3335,2025-11,8,279,0,0
3335,2025-12,10,192,0,0
3336,2025-04,4,115,1,0
3336,2025-05,5,112,0,0
3336,2025-06,8,257,3,0
3336,2025-07,6,157,0,0
3336,2025-08,8,264,1,0
3336,2025-09,2,41,0,0
3336,2025-10,4,103,0,0
3336,2025-11,4,149,1,0
3336,2025-12,1,29,0,0
3337,2025-02,1,37,0,0
3337,2025-03,2,66,0,0
3337,2025-04,2,66,0,0
3337,2025-05,3,55,1,0
3337,2025-06,6,176,0,0
3337,2025-07,2,36,0,0
3337,2025-08,1,33,0,0
3337,2025-09,4,95,3,0
3337,2025-10,2,79,2,0
3337,2025-11,1,40,0,0
3337,2025-12,2,41,1,0
3338,2025-09,1,30,0,0
3338,2025-10,4,162,0,1
3338,2025-11,2,71,0,0
3338,2025-12,0,0,0,0
3339,2025-02,1,34,0,0
3339,2025-03,4,136,0,0
3339,2025-04,5,193,0,0
3339,2025-05,1,41,0,0
3339,2025-06,5,182,0,0
3339,2025-07,1,26,0,0
3339,2025-08,4,155,0,0
3339,2025-09,3,93,0,0
3339,2025-10,2,77,0,0
3339,2025-11,3,84,0,0
3339,2025-12,3,69,0,0
3340,2025-08,6,110,1,0
3340,2025-09,6,240,0,0
3341,2024-09,4,121,5,0
3342,2024-07,1,19,0,0
3342,2024-08,5,206,0,0
3342,2024-09,1,34,0,0
3342,2024-10,0,0,0,0
3342,2024-11,4,155,0,0
3342,2024-12,5,192,0,0
3342,2025-01,2,75,0,0
3342,2025-02,2,55,0,0
3342,2025-03,1,32,0,0
3342,2025-04,0,,0,0
3342,2025-05,2,80,0,0
3342,2025-06,0,0,0,0
3342,2025-07,1,23,0,0
3342,2025-08,1,35,0,0
3342,2025-09,0,0,0,0
3342,2025-10,0,0,0,0
3342,2025-11,1,34,0,0
3342,2025-12,0,0,0,0
3343,2024-09,2,76,0,0
3343,2024-10,2,73,0,0
3343,2024-11,0,0,0,0
3343,2024-12,1,19,0,0
3343,2025-01,2,83,1,0
3343,2025-02,0,0,0,0
3343,2025-03,1,38,0,0
3343,2025-04,0,0,0,0
3343,2025-05,0,0,0,0
3343,2025-06,1,40,0,1
3343,2025-07,0,0,0,1
3343,2025-08,1,35,0,0
3343,2025-09,1,36,0,1
3344,2025-02,1,31,0,0
3344,2025-03,0,0,0,0
3345,2025-05,5,163,0,0
3345,2025-06,2,72,0,0
3345,2025-07,7,279,0,0
3345,2025-08,7,251,0,0
3345,2025-09,6,,0,1
3345,2025-10,1,19,0,0
3345,2025-11,7,249,0,0
3345,2025-12,5,129,0,0
3346,2024-11,2,61,0,0
3346,2024-12,1,25,0,0
3346,2025-01,0,0,0,0
3346,2025-02,2,46,0,0
3346,2025-03,2,65,0,0
3346,2025-04,0,0,0,0
3346,2025-05,0,0,0,0
3346,2025-06,0,0,0,0
3346,2025-07,1,36,0,0
3346,2025-08,0,0,0,0
3346,2025-09,0,0,0,0
3346,2025-10,0,0,0,0
3347,2025-02,5,108,0,0
3347,2025-03,7,246,0,0
3347,2025-04,7,193,0,0
3347,2025-05,5,124,0,0
3347,2025-06,5,111,0,1
3347,2025-07,7,252,0,1
3347,2025-08,8,317,0,1
3347,2025-09,3,97,0,1
3347,2025-10,8,173,0,0
3347,2025-11,6,244,0,0
3348,2025-08,2,79,0,0
2715,2025-05,11,263,0,0
3348,2025-09,2,62,0,0
3348,2025-10,2,72,0,1
3348,2025-11,2,50,0,0
3348,2025-12,1,37,0,0
3349,2025-06,5,91,2,0
3349,2025-07,2,57,1,0
3350,2025-06,9,366,0,0
3350,2025-07,8,290,0,0
3350,2025-08,19,526,0,0
3350,2025-09,12,479,0,0
3350,2025-10,13,323,0,0
3350,2025-11,19,671,0,0
3350,2025-12,19,741,0,0
3351,2025-03,4,134,0,0
3351,2025-04,3,81,0,1
3351,2025-05,3,85,0,0
3351,2025-06,4,105,0,0
3351,2025-07,2,79,0,0
3351,2025-08,1,34,0,0
3351,2025-09,2,83,0,0
3351,2025-10,3,77,0,0
3351,2025-11,4,141,0,0
3351,2025-12,1,34,0,0
3352,2025-02,9,214,0,0
3352,2025-03,11,266,0,0
3352,2025-04,8,250,0,0
3352,2025-05,10,419,0,0
3352,2025-06,7,154,0,0
3352,2025-07,9,240,0,0
3352,2025-08,11,360,0,0
3352,2025-09,16,412,0,0
3352,2025-10,9,352,0,0
3352,2025-11,12,493,0,0
3352,2025-12,7,225,0,0
3353,2024-11,2,57,0,0
3353,2024-12,4,137,1,0
3353,2025-01,4,157,0,0
3353,2025-02,0,0,0,0
3353,2025-03,5,134,2,0
3353,2025-04,3,87,2,0
3353,2025-05,0,0,0,0
3353,2025-06,2,50,1,0
3353,2025-07,1,29,1,0
3353,2025-08,0,0,0,0
3353,2025-09,0,0,0,0
3353,2025-10,0,0,0,0
3354,2024-10,4,143,1,0
3354,2024-11,4,118,1,0
3354,2024-12,3,124,0,0
3354,2025-01,3,77,1,0
3354,2025-02,3,108,0,1
3354,2025-03,4,84,2,0
3354,2025-04,2,80,0,0
3354,2025-05,2,46,1,0
3354,2025-06,3,108,0,0
3354,2025-07,3,101,0,0
3354,2025-08,4,160,1,0
3354,2025-09,8,229,1,1
3354,2025-10,5,180,3,0
3354,2025-11,3,66,0,1
3354,2025-12,2,54,0,1
3355,2025-06,3,82,0,0
3355,2025-07,3,89,0,0
3355,2025-08,4,132,0,0
3355,2025-09,2,71,0,0
3355,2025-10,0,0,0,0
3355,2025-11,1,40,0,0
3355,2025-12,2,74,0,0
3356,2024-10,4,157,0,1
3356,2024-11,1,37,0,0
3356,2024-12,4,78,0,0
3356,2025-01,1,35,0,0
3356,2025-02,4,129,0,1
3356,2025-03,3,61,0,0
3356,2025-04,1,35,0,0
3356,2025-05,1,40,0,0
3356,2025-06,0,0,0,0
3357,2025-06,4,131,0,0
3357,2025-07,2,39,0,0
3357,2025-08,3,73,0,0
3357,2025-09,3,116,0,0
3357,2025-10,3,84,0,0
3357,2025-11,0,0,0,0
3357,2025-12,1,28,0,1
3358,2025-06,0,0,0,0
3358,2025-07,3,92,0,0
3358,2025-08,2,40,0,0
3358,2025-09,2,71,0,0
3358,2025-10,1,25,0,0
3358,2025-11,0,0,0,0
3358,2025-12,3,123,0,0
3359,2025-02,1,37,1,0
3359,2025-03,1,28,1,1
3360,2025-10,3,71,3,0
3360,2025-11,6,247,4,1
3361,2025-03,2,39,0,0
3361,2025-04,7,174,0,0
3361,2025-05,4,126,0,0
3361,2025-06,4,161,0,0
3361,2025-07,3,104,0,0
3361,2025-08,4,91,0,1
3361,2025-09,5,184,0,0
3361,2025-10,4,156,0,0
3361,2025-11,1,24,0,0
3361,2025-12,6,128,0,0
3362,2025-07,6,144,0,0
3362,2025-08,9,229,2,0
3362,2025-09,7,249,2,1
3362,2025-10,9,358,0,0
3362,2025-11,10,181,5,0
3362,2025-12,11,251,1,0
3363,2025-10,4,82,0,0
3363,2025-11,3,103,0,0
3363,2025-12,3,76,0,0
3364,2025-04,3,84,1,0
3364,2025-05,6,156,2,1
3364,2025-06,15,441,11,1
3365,2025-03,7,126,0,0
3365,2025-04,9,265,0,0
3365,2025-05,8,256,0,1
3365,2025-06,3,77,0,0
2330,2025-08,11,246,5,0
3365,2025-07,4,96,0,0
3365,2025-08,6,218,0,0
3365,2025-09,7,264,0,0
3365,2025-10,5,158,0,0
3365,2025-11,4,104,0,0
3365,2025-12,4,111,0,0
3366,2024-10,1,34,0,0
3366,2024-11,2,70,0,0
3366,2024-12,0,0,0,0
1539,2025-07,7,263,3,0
3366,2025-01,1,25,0,0
3366,2025-02,1,40,1,0
3366,2025-03,1,38,0,1
3366,2025-04,2,60,1,0
3366,2025-05,1,36,0,0
3366,2025-06,4,156,0,0
3366,2025-07,2,38,1,0
3366,2025-08,1,42,1,0
3366,2025-09,0,0,0,0
3366,2025-10,0,0,0,0
3366,2025-11,1,26,2,0
3366,2025-12,0,0,0,1
3367,2025-03,8,191,0,0
3367,2025-04,6,167,0,0
3367,2025-05,7,156,0,0
3367,2025-06,10,243,0,0
3367,2025-07,10,270,0,0
3367,2025-08,9,296,0,0
3367,2025-09,8,232,0,1
3367,2025-10,4,106,0,1
3367,2025-11,4,140,0,0
3367,2025-12,5,93,0,0
3368,2025-05,1,20,0,0
3368,2025-06,1,31,0,0
3368,2025-07,2,76,0,0
3368,2025-08,2,54,0,0
3368,2025-09,0,0,0,0
3368,2025-10,1,28,0,0
3368,2025-11,1,34,0,0
3368,2025-12,1,21,0,0
3369,2024-08,1,34,1,0
3369,2024-09,3,125,2,0
3369,2024-10,3,61,1,0
3369,2024-11,3,81,1,0
3370,2024-10,2,49,0,0
3370,2024-11,1,22,0,0
3370,2024-12,0,0,0,0
3370,2025-01,1,35,2,0
3370,2025-02,2,42,0,0
3370,2025-03,0,0,0,0
3370,2025-04,1,34,0,0
3370,2025-05,1,25,0,0
3370,2025-06,1,39,0,0
3370,2025-07,1,31,0,0
3370,2025-08,1,36,0,0
3371,2025-01,9,306,0,0
3371,2025-02,9,371,0,0
3371,2025-03,8,276,0,0
3371,2025-04,7,220,0,0
3371,2025-05,8,322,0,1
3371,2025-06,7,237,0,0
3371,2025-07,11,364,0,0
3371,2025-08,6,,0,0
3371,2025-09,9,263,0,0
3371,2025-10,6,161,0,0
3371,2025-11,5,106,0,0
3371,2025-12,8,281,0,0
3372,2025-08,2,70,0,0
3372,2025-09,1,19,1,0
3372,2025-10,0,0,0,1
3373,2024-10,1,,0,1
3373,2024-11,4,82,0,0
3373,2024-12,2,67,0,0
3373,2025-01,3,120,0,2
3373,2025-02,2,40,0,2
3373,2025-03,4,128,0,0
3374,2025-08,3,91,0,0
3374,2025-09,5,192,0,0
3374,2025-10,9,206,0,0
3374,2025-11,7,174,0,0
3374,2025-12,4,144,0,0
3375,2025-01,1,26,0,0
3375,2025-02,3,109,0,0
3375,2025-03,2,79,0,0
3375,2025-04,2,44,2,0
3375,2025-05,0,0,0,0
3375,2025-06,2,43,0,0
3375,2025-07,1,37,0,0
3375,2025-08,1,31,0,0
3375,2025-09,2,43,0,0
3375,2025-10,2,38,0,0
3375,2025-11,2,83,0,0
3375,2025-12,0,0,0,0
3376,2024-09,2,80,2,0
3376,2024-10,9,298,4,0
3376,2024-11,7,217,8,0
3376,2024-12,9,315,4,1
3376,2025-01,5,175,3,0
3376,2025-02,9,306,3,0
3376,2025-03,7,253,6,0
3376,2025-04,5,193,4,1
3376,2025-05,7,206,2,0
3376,2025-06,4,140,3,0
3376,2025-07,6,182,1,0
3376,2025-08,7,,3,0
3376,2025-09,3,119,4,0
3376,2025-10,6,140,2,2
3376,2025-11,7,282,2,3
3376,2025-12,7,222,6,1
3377,2025-02,7,162,1,0
3377,2025-03,3,90,0,0
3377,2025-04,3,64,2,0
3377,2025-05,6,170,2,0
3377,2025-06,6,162,1,1
3377,2025-07,5,102,1,0
3377,2025-08,4,132,0,0
3377,2025-09,4,153,4,0
3377,2025-10,7,129,2,0
3377,2025-11,8,313,1,0
3377,2025-12,11,207,6,0
3378,2024-07,0,0,0,0
3378,2024-08,0,0,0,0
3378,2024-09,1,25,0,0
3378,2024-10,0,0,0,0
3378,2024-11,1,37,1,0
3379,2024-09,13,456,0,0
3380,2025-08,3,112,0,0
3380,2025-09,2,73,1,0
3380,2025-10,3,68,0,0
3380,2025-11,4,96,1,0
3380,2025-12,1,23,0,0
3381,2025-09,11,403,0,0
3381,2025-10,8,193,0,0
3381,2025-11,10,242,0,1
3381,2025-12,7,294,0,0
3382,2024-09,3,102,0,0
3382,2024-10,5,129,0,0
3382,2024-11,1,27,0,0
3383,2025-07,2,75,0,1
3383,2025-08,0,0,0,0
3383,2025-09,4,127,0,0
3383,2025-10,1,28,0,0
3383,2025-11,1,32,0,0
3383,2025-12,1,20,0,0
3384,2025-01,1,18,1,0
3385,2025-10,2,40,0,0
3385,2025-11,1,41,0,0
3385,2025-12,4,73,0,0
3386,2024-10,6,200,0,0
3386,2024-11,5,167,0,0
3386,2024-12,6,204,1,0
3386,2025-01,10,252,0,0
3386,2025-02,6,246,1,0
3386,2025-03,9,298,3,0
3386,2025-04,9,242,3,0
3386,2025-05,7,208,2,0
3386,2025-06,12,391,1,1
3386,2025-07,6,214,1,0
3386,2025-08,6,213,2,0
3386,2025-09,2,74,0,0
3387,2025-04,0,0,0,0
3388,2025-05,2,53,0,0
3388,2025-06,2,76,1,0
3388,2025-07,3,110,2,0
3388,2025-08,1,34,0,0
3389,2024-11,5,94,0,0
3389,2024-12,5,164,0,0
3389,2025-01,11,458,0,0
3389,2025-02,5,,0,0
3389,2025-03,8,174,0,0
3389,2025-04,10,263,0,0
3389,2025-05,7,127,0,0
3389,2025-06,6,144,0,0
3389,2025-07,9,376,0,0
3389,2025-08,3,79,0,0
3389,2025-09,6,172,0,0
3389,2025-10,6,247,0,0
3390,2025-04,4,86,0,0
3390,2025-05,4,106,0,0
3390,2025-06,5,96,0,0
3390,2025-07,3,118,0,0
3390,2025-08,6,153,0,0
3390,2025-09,3,123,0,0
3390,2025-10,4,75,0,0
3390,2025-11,4,156,0,0
3390,2025-12,7,218,0,0
3391,2024-09,1,18,0,0
3391,2024-10,1,30,0,0
3391,2024-11,0,0,0,0
3391,2024-12,2,74,0,0
3391,2025-01,0,0,0,0
3392,2024-09,1,27,0,0
3392,2024-10,0,0,0,0
3392,2024-11,0,0,0,0
3392,2024-12,0,0,0,0
3392,2025-01,0,0,0,0
3392,2025-02,0,0,0,0
3392,2025-03,1,25,0,1
3392,2025-04,1,42,1,0
3392,2025-05,0,0,0,0
3392,2025-06,0,0,0,0
3392,2025-07,0,,0,1
3392,2025-08,0,0,0,0
3393,2025-09,2,69,0,0
3393,2025-10,3,95,0,0
3393,2025-11,7,249,0,0
3393,2025-12,4,164,0,1
3394,2025-06,1,39,0,0
3394,2025-07,3,113,0,0
3394,2025-08,1,23,0,0
3394,2025-09,5,111,0,0
3394,2025-10,5,205,0,0
3394,2025-11,1,27,0,0
3394,2025-12,4,147,0,0
3395,2025-02,5,179,1,0
3395,2025-03,6,188,2,1
3395,2025-04,7,202,2,0
3395,2025-05,8,222,2,0
3395,2025-06,9,203,3,3
3395,2025-07,5,152,2,0
3395,2025-08,3,68,1,0
3395,2025-09,3,117,1,0
3395,2025-10,7,244,5,1
3395,2025-11,2,39,0,0
3395,2025-12,4,149,0,2
3396,2025-07,4,116,0,0
3396,2025-08,2,49,0,0
3396,2025-09,0,0,0,1
3397,2024-10,2,57,0,0
3397,2024-11,1,41,0,0
3397,2024-12,2,44,0,1
3397,2025-01,3,92,0,0
3397,2025-02,3,111,0,0
3397,2025-03,2,39,3,0
3397,2025-04,3,119,0,0
3397,2025-05,0,0,0,1
3397,2025-06,0,0,0,1
3397,2025-07,1,24,1,1
3397,2025-08,0,0,0,0
3397,2025-09,1,35,0,1
3398,2025-03,2,50,0,0
3398,2025-04,5,149,0,0
3398,2025-05,2,78,0,0
3398,2025-06,4,86,0,0
3398,2025-07,3,68,3,0
3398,2025-08,3,56,2,0
3398,2025-09,5,196,2,0
3398,2025-10,4,161,1,0
3398,2025-11,1,41,0,0
3398,2025-12,5,92,2,0
3399,2025-02,0,0,0,0
3399,2025-03,5,106,0,0
3399,2025-04,3,110,0,0
3399,2025-05,5,146,0,0
3399,2025-06,2,83,0,1
3400,2024-07,0,0,0,0
3400,2024-08,5,124,0,0
3400,2024-09,6,141,1,0
3400,2024-10,4,74,2,0
3400,2024-11,0,0,0,0
3400,2024-12,2,52,0,1
3400,2025-01,0,0,0,0
3400,2025-02,0,0,0,0
3401,2024-12,1,29,1,0
3401,2025-01,5,185,0,0
3401,2025-02,1,42,0,1
3401,2025-03,3,118,0,0
3401,2025-04,1,28,0,0
3401,2025-05,0,0,0,0
3401,2025-06,2,43,0,1
3401,2025-07,4,109,0,0
3401,2025-08,1,31,0,0
3401,2025-09,2,38,0,0
3401,2025-10,1,21,1,0
3401,2025-11,3,74,0,0
3402,2025-08,3,118,0,0
3403,2024-12,9,250,0,0
3403,2025-01,6,233,0,0
3403,2025-02,6,222,0,1
3403,2025-03,11,437,0,0
3403,2025-04,12,432,0,0
3403,2025-05,10,395,0,0
3403,2025-06,7,234,0,0
3403,2025-07,3,88,0,3
3403,2025-08,10,403,0,0
3403,2025-09,7,171,0,0
3403,2025-10,7,166,0,1
3403,2025-11,8,276,0,0
3403,2025-12,5,108,0,0
3404,2025-06,3,85,0,0
3404,2025-07,3,94,0,0
3404,2025-08,1,33,0,0
3404,2025-09,2,84,0,0
3404,2025-10,3,72,0,0
3404,2025-11,1,24,0,0
3404,2025-12,3,84,0,0
3405,2024-12,2,51,0,0
3405,2025-01,1,27,1,0
3405,2025-02,2,38,2,0
3405,2025-03,0,0,0,0
3405,2025-04,5,121,0,0
3405,2025-05,2,38,1,0
3405,2025-06,4,153,1,0
3405,2025-07,1,39,1,0
3405,2025-08,0,0,0,0
3405,2025-09,0,0,0,0
3405,2025-10,0,0,0,0
3405,2025-11,2,84,0,0
3405,2025-12,2,61,1,0
3406,2025-03,1,42,0,0
3406,2025-04,0,0,0,0
3407,2025-01,2,58,0,0
3407,2025-02,2,66,0,0
3407,2025-03,1,33,0,0
3407,2025-04,2,79,0,0
3407,2025-05,1,26,0,0
3408,2025-09,0,0,0,0
3408,2025-10,1,28,0,0
3408,2025-11,0,0,0,0
3409,2025-07,2,64,0,0
3409,2025-08,1,28,0,1
3409,2025-09,3,107,2,0
3409,2025-10,4,147,1,0
3409,2025-11,1,35,0,0
3410,2024-11,6,185,0,0
3410,2024-12,6,251,0,0
3410,2025-01,8,263,0,0
3410,2025-02,4,137,0,0
3410,2025-03,8,168,0,0
3410,2025-04,5,127,0,0
3410,2025-05,3,119,0,0
3410,2025-06,5,103,0,0
3410,2025-07,9,233,0,0
3410,2025-08,6,154,0,0
3410,2025-09,1,42,0,0
3410,2025-10,9,238,0,0
3411,2024-11,8,240,0,1
3411,2024-12,14,516,0,0
3411,2025-01,11,379,0,0
3411,2025-02,5,100,0,0
3411,2025-03,8,242,0,0
3411,2025-04,6,162,0,0
3411,2025-05,4,133,0,0
3411,2025-06,3,74,0,1
3411,2025-07,9,326,0,0
3411,2025-08,6,135,0,2
3411,2025-09,3,97,0,0
3411,2025-10,7,192,0,1
3411,2025-11,5,104,0,3
3411,2025-12,6,209,0,2
3412,2025-03,0,,0,1
3412,2025-04,2,59,0,0
3412,2025-05,2,80,0,0
3412,2025-06,0,0,0,0
3412,2025-07,2,72,0,0
3412,2025-08,1,25,0,0
3412,2025-09,1,36,0,0
3412,2025-10,0,,0,0
3412,2025-11,0,0,0,0
3412,2025-12,0,0,0,1
3413,2025-09,16,592,0,0
3413,2025-10,8,298,0,0
3413,2025-11,11,213,0,0
3413,2025-12,11,361,0,0
3414,2025-04,2,77,2,0
3414,2025-05,6,152,2,0
3414,2025-06,1,35,0,0
3414,2025-07,7,214,2,0
3414,2025-08,8,326,4,0
3414,2025-09,5,150,3,0
3414,2025-10,3,110,1,0
3414,2025-11,5,125,0,0
3414,2025-12,4,96,2,0
3415,2025-04,4,79,0,0
3415,2025-05,8,160,0,1
3415,2025-06,8,315,0,0
3415,2025-07,11,456,0,0
3416,2024-12,0,0,0,0
3416,2025-01,1,32,0,0
3416,2025-02,0,0,0,0
3417,2024-12,6,190,0,0
3417,2025-01,5,134,0,1
3417,2025-02,2,36,0,1
3417,2025-03,3,66,0,0
3417,2025-04,5,101,0,0
3417,2025-05,5,199,0,0
3417,2025-06,5,183,0,3
3417,2025-07,5,170,0,0
3417,2025-08,5,123,0,0
3417,2025-09,1,34,0,1
3417,2025-10,1,34,0,0
3417,2025-11,4,114,0,0
3417,2025-12,4,164,0,1
3418,2025-01,0,0,0,0
3418,2025-02,1,34,0,0
3418,2025-03,0,0,0,0
3418,2025-04,0,0,0,0
3418,2025-05,0,0,0,0
3418,2025-06,0,0,0,0
3418,2025-07,0,0,0,1
3419,2024-07,3,90,0,0
3419,2024-08,1,35,0,0
3419,2024-09,4,94,0,0
3419,2024-10,0,0,0,0
3420,2024-08,3,75,1,0
3420,2024-09,6,230,1,0
3420,2024-10,4,134,1,0
3420,2024-11,8,265,1,0
3420,2024-12,5,,1,0
3420,2025-01,2,72,0,0
3420,2025-02,6,171,2,0
3420,2025-03,3,104,1,1
3420,2025-04,5,151,1,1
3420,2025-05,8,326,2,2
3420,2025-06,5,110,0,0
3420,2025-07,7,288,2,1
3421,2025-02,4,158,0,0
3421,2025-03,5,102,4,0
3421,2025-04,4,123,2,0
3421,2025-05,2,48,0,0
3421,2025-06,6,208,0,1
3421,2025-07,5,174,0,1
3421,2025-08,7,184,3,0
3421,2025-09,3,59,0,0
3421,2025-10,2,77,1,0
3421,2025-11,7,144,3,0
3421,2025-12,9,251,1,0
3422,2024-07,4,133,2,0
3422,2024-08,5,177,2,0
3422,2024-09,11,341,1,0
3422,2024-10,5,196,1,0
3422,2024-11,5,206,1,0
3422,2024-12,8,208,1,0
3422,2025-01,2,,0,0
3422,2025-02,4,155,2,0
3422,2025-03,5,104,1,0
3422,2025-04,5,184,2,0
3422,2025-05,3,60,3,0
3422,2025-06,4,150,1,0
3422,2025-07,1,33,0,0
3422,2025-08,3,89,0,0
3422,2025-09,1,25,1,0
3422,2025-10,4,106,1,0
3422,2025-11,3,92,0,0
3422,2025-12,0,0,0,0
3423,2024-07,3,80,0,0
3423,2024-08,2,37,0,0
3423,2024-09,2,63,0,0
3423,2024-10,6,215,0,0
3423,2024-11,1,,0,0
3423,2024-12,3,83,0,0
3423,2025-01,4,111,0,0
3423,2025-02,1,29,0,0
3423,2025-03,4,156,0,0
3423,2025-04,4,122,0,1
3423,2025-05,2,49,0,0
3423,2025-06,2,81,0,0
3423,2025-07,0,0,0,0
3423,2025-08,4,127,0,0
3423,2025-09,4,109,0,0
3423,2025-10,5,197,0,1
3423,2025-11,3,88,0,0
3423,2025-12,0,0,0,0
3424,2024-12,4,96,0,0
3424,2025-01,9,363,0,0
3424,2025-02,7,242,0,0
3424,2025-03,6,190,0,0
3424,2025-04,2,61,0,0
3424,2025-05,2,55,0,0
3424,2025-06,4,86,0,0
3424,2025-07,3,108,0,0
3424,2025-08,2,37,0,0
3424,2025-09,2,70,0,0
3424,2025-10,2,46,0,0
3424,2025-11,8,162,0,0
3424,2025-12,2,60,0,0
3425,2025-06,9,249,3,0
2139,2025-08,1,27,0,1
3425,2025-07,16,565,2,0
3425,2025-08,12,372,3,1
3425,2025-09,11,440,1,0
3425,2025-10,14,456,5,0
3425,2025-11,16,650,3,0
3425,2025-12,15,497,4,0
3426,2025-03,2,66,0,0
3426,2025-04,3,119,1,0
3426,2025-05,3,123,3,0
3426,2025-06,6,124,4,3
3426,2025-07,8,209,3,1
3426,2025-08,3,102,0,0
3426,2025-09,4,111,4,0
3426,2025-10,5,190,2,1
3426,2025-11,4,114,1,0
3426,2025-12,3,71,2,1
3427,2025-05,2,64,0,0
3427,2025-06,1,40,1,0
3427,2025-07,4,146,4,0
3427,2025-08,1,31,0,0
3427,2025-09,2,55,1,0
3427,2025-10,3,112,2,0
3427,2025-11,4,81,0,0
3427,2025-12,0,0,0,0
3428,2025-01,15,285,3,0
3428,2025-02,3,73,3,0
3428,2025-03,14,414,1,0
3428,2025-04,11,301,0,0
3428,2025-05,11,297,4,0
3428,2025-06,15,413,4,0
3428,2025-07,13,235,2,1
3428,2025-08,11,224,6,0
3428,2025-09,10,231,4,0
3428,2025-10,10,374,5,0
3428,2025-11,12,287,4,0
3428,2025-12,6,237,2,2
3429,2025-06,3,123,0,0
3429,2025-07,4,115,0,0
3429,2025-08,2,40,0,0
3429,2025-09,3,70,0,0
3429,2025-10,1,23,0,0
3429,2025-11,1,41,0,0
3429,2025-12,1,32,0,0
3430,2024-09,8,247,0,1
3430,2024-10,12,296,0,0
3430,2024-11,12,421,0,0
3430,2024-12,9,204,0,1
3430,2025-01,12,304,0,1
3430,2025-02,6,206,0,0
3430,2025-03,7,232,0,1
3430,2025-04,9,190,0,0
3430,2025-05,6,177,0,1
3430,2025-06,8,207,0,0
3430,2025-07,5,105,0,0
3430,2025-08,7,168,0,0
3430,2025-09,5,150,0,2
3430,2025-10,7,254,0,0
3430,2025-11,6,123,0,0
3430,2025-12,6,234,0,0
3431,2024-10,0,0,0,0
3431,2024-11,3,122,1,1
3431,2024-12,1,39,1,0
3431,2025-01,2,60,0,0
3431,2025-02,2,39,1,0
3431,2025-03,1,28,0,0
3431,2025-04,0,0,0,0
3431,2025-05,2,67,1,0
3431,2025-06,0,0,0,0
3431,2025-07,0,0,0,0
3431,2025-08,1,21,0,0
3432,2024-12,6,109,2,0
3432,2025-01,9,366,0,0
3432,2025-02,12,363,1,0
3432,2025-03,4,74,0,0
3432,2025-04,5,162,0,1
3432,2025-05,6,123,1,0
3432,2025-06,4,153,0,0
3432,2025-07,7,262,2,0
3432,2025-08,7,182,2,0
3432,2025-09,8,315,5,0
3432,2025-10,8,225,2,0
3432,2025-11,3,119,0,0
3433,2025-01,0,0,0,0
3433,2025-02,3,59,0,0
3433,2025-03,2,71,0,1
3433,2025-04,1,23,0,0
3434,2024-08,2,67,0,0
3434,2024-09,11,299,0,0
3434,2024-10,1,34,0,0
3434,2024-11,8,308,0,0
3434,2024-12,4,154,0,0
3434,2025-01,6,211,0,0
3434,2025-02,5,110,0,0
3434,2025-03,8,260,0,0
3434,2025-04,6,116,0,0
3434,2025-05,6,197,0,0
3434,2025-06,3,62,0,0
3434,2025-07,7,147,0,0
3434,2025-08,3,113,0,0
3434,2025-09,7,170,0,0
3434,2025-10,7,268,0,0
3434,2025-11,7,133,0,0
3434,2025-12,10,348,0,0
3435,2024-07,4,103,0,0
3435,2024-08,4,110,0,0
3435,2024-09,6,186,0,0
3435,2024-10,5,131,0,0
3435,2024-11,4,100,0,1
3435,2024-12,8,157,0,0
3435,2025-01,5,177,0,0
3435,2025-02,4,164,0,0
3435,2025-03,3,102,0,0
3435,2025-04,4,75,0,0
3435,2025-05,6,172,0,0
3436,2025-10,3,76,0,0
3436,2025-11,1,20,0,0
3436,2025-12,2,39,2,0
3437,2025-05,0,0,0,0
3437,2025-06,1,41,1,0
3437,2025-07,0,0,0,0
3438,2024-11,4,96,0,0
3438,2024-12,7,151,0,0
3438,2025-01,4,109,0,0
3438,2025-02,1,41,0,0
3438,2025-03,2,39,0,0
3438,2025-04,2,72,0,1
3438,2025-05,0,0,0,0
3438,2025-06,0,0,0,0
3438,2025-07,0,0,0,0
3438,2025-08,1,34,0,2
3438,2025-09,0,0,0,2
3438,2025-10,2,76,0,2
3439,2025-02,4,98,1,0
3439,2025-03,4,153,4,0
3439,2025-04,4,127,1,0
3439,2025-05,3,69,0,0
3440,2024-08,10,394,0,0
3440,2024-09,3,80,0,0
3440,2024-10,9,306,0,0
3440,2024-11,9,262,0,0
3440,2024-12,6,137,0,0
3440,2025-01,7,130,0,0
3440,2025-02,4,130,0,0
3440,2025-03,4,141,0,0
3440,2025-04,10,213,0,0
3441,2024-10,2,55,0,0
3441,2024-11,5,99,0,0
3441,2024-12,2,59,0,0
3441,2025-01,3,88,0,0
3441,2025-02,2,83,0,0
3441,2025-03,1,38,0,0
3441,2025-04,0,0,0,0
2992,2024-10,9,329,0,0
3441,2025-05,1,31,0,1
3441,2025-06,2,77,0,2
3441,2025-07,9,358,0,0
3441,2025-08,1,23,0,0
3442,2025-10,1,29,0,0
3443,2024-07,1,42,0,0
3443,2024-08,2,73,0,0
3443,2024-09,4,79,0,0
3443,2024-10,0,0,0,1
3161,2025-05,4,95,1,0
3443,2024-11,2,57,0,0
3443,2024-12,2,79,0,0
3443,2025-01,2,44,0,0
3443,2025-02,1,21,0,2
3444,2024-10,1,24,2,0
3444,2024-11,1,21,2,0
3444,2024-12,2,48,1,0
3445,2025-08,5,127,0,0
3445,2025-09,6,186,0,0
3445,2025-10,2,43,0,0
3445,2025-11,5,196,1,0
3445,2025-12,2,61,3,0
3446,2025-05,2,54,0,1
3446,2025-06,3,58,0,0
3446,2025-07,2,38,0,0
3446,2025-08,7,236,0,0
3446,2025-09,4,154,0,0
3446,2025-10,5,198,0,0
3446,2025-11,7,,0,0
3446,2025-12,5,94,0,0
3447,2024-07,7,150,0,0
3447,2024-08,6,111,0,0
3447,2024-09,2,50,0,0
3447,2024-10,9,367,0,0
3447,2024-11,11,395,0,1
3447,2024-12,5,150,0,0
3447,2025-01,3,81,0,0
3447,2025-02,6,224,0,0
3447,2025-03,5,123,0,0
3448,2024-12,1,18,0,0
3448,2025-01,0,0,0,1
3448,2025-02,1,20,0,0
3448,2025-03,2,77,0,0
3448,2025-04,0,0,0,0
3448,2025-05,1,34,0,0
3448,2025-06,2,44,0,0
3448,2025-07,0,0,0,0
3448,2025-08,0,0,0,0
3448,2025-09,2,67,0,1
3448,2025-10,1,35,0,0
3448,2025-11,0,0,0,0
3449,2025-02,17,592,0,0
3449,2025-03,9,229,0,0
3449,2025-04,17,518,0,0
3449,2025-05,12,437,0,0
3449,2025-06,15,361,0,0
3449,2025-07,6,169,0,0
3449,2025-08,18,406,0,1
3449,2025-09,16,397,0,0
3449,2025-10,14,402,0,0
3449,2025-11,19,624,0,0
3449,2025-12,12,250,0,0
3450,2025-02,1,19,0,1
3450,2025-03,0,0,0,0
3450,2025-04,3,117,0,0
3450,2025-05,5,158,0,0
3451,2024-07,3,93,1,0
3451,2024-08,1,24,0,0
3451,2024-09,3,120,2,0
3451,2024-10,7,,1,0
1868,2025-05,1,37,1,0
3451,2024-11,6,195,0,0
3451,2024-12,2,78,0,0
3451,2025-01,3,63,0,1
3451,2025-02,5,152,0,0
3451,2025-03,3,80,1,0
3451,2025-04,8,292,1,0
3451,2025-05,2,70,1,0
3451,2025-06,6,214,1,0
3451,2025-07,4,90,2,0
3451,2025-08,2,69,0,0
3451,2025-09,2,40,0,0
3451,2025-10,3,54,0,0
3451,2025-11,5,139,0,0
3451,2025-12,4,113,2,0
3452,2025-09,2,,0,0
3452,2025-10,3,60,0,0
3452,2025-11,8,331,0,0
3452,2025-12,3,70,0,0
3453,2024-11,2,56,0,0
3453,2024-12,0,0,0,0
3453,2025-01,3,69,0,0
3454,2025-07,6,131,0,0
3454,2025-08,7,144,0,0
3454,2025-09,12,483,0,0
3454,2025-10,9,171,0,0
3454,2025-11,12,397,0,0
3454,2025-12,9,234,0,0
3455,2025-10,7,246,0,0
3455,2025-11,4,,0,0
3455,2025-12,4,127,0,0
3456,2025-05,2,77,0,0
3456,2025-06,5,162,1,0
3456,2025-07,2,52,0,0
3456,2025-08,2,38,0,0
3456,2025-09,1,,0,0
3456,2025-10,2,55,0,0
3456,2025-11,0,0,0,0
3456,2025-12,0,0,0,0
3457,2025-01,4,101,0,0
3457,2025-02,2,46,0,0
3457,2025-03,3,85,0,0
3457,2025-04,0,0,0,1
3457,2025-05,1,31,0,1
3457,2025-06,2,66,0,0
3457,2025-07,2,40,0,0
3457,2025-08,2,43,0,0
3457,2025-09,1,35,0,0
3457,2025-10,0,0,0,0
3457,2025-11,0,0,0,0
3457,2025-12,2,49,0,0
3458,2025-02,9,196,0,0
3458,2025-03,12,270,0,0
3458,2025-04,8,249,0,0
3458,2025-05,10,416,0,0
3458,2025-06,8,223,0,0
3458,2025-07,10,358,0,0
3458,2025-08,9,,0,0
3458,2025-09,15,592,0,0
3458,2025-10,12,420,0,0
3458,2025-11,11,377,0,0
3458,2025-12,9,164,0,0
3459,2025-05,4,138,2,0
3459,2025-06,7,144,6,0
3459,2025-07,7,167,3,0
3459,2025-08,3,111,0,0
3459,2025-09,6,151,6,0
3459,2025-10,4,157,2,0
3459,2025-11,4,109,2,0
3459,2025-12,5,168,4,1
3460,2025-09,2,71,0,0
3460,2025-10,5,106,0,0
3460,2025-11,3,94,0,0
3460,2025-12,3,88,0,0
3461,2025-02,2,60,1,0
3461,2025-03,2,64,0,0
3461,2025-04,0,0,0,0
3461,2025-05,0,0,0,0
3461,2025-06,1,22,1,0
3461,2025-07,1,21,0,0
3461,2025-08,0,0,0,0
3461,2025-09,0,0,0,0
3461,2025-10,1,23,0,0
3461,2025-11,0,0,0,0
3461,2025-12,1,26,0,0
3462,2024-12,2,61,0,0
3462,2025-01,4,164,0,0
3462,2025-02,4,136,0,0
3462,2025-03,1,25,0,0
3463,2024-07,4,116,2,0
3463,2024-08,8,275,3,0
3463,2024-09,6,220,2,0
3463,2024-10,4,152,1,0
3463,2024-11,5,92,0,0
3464,2024-12,3,106,0,0
3464,2025-01,1,29,0,0
3464,2025-02,1,29,0,0
3464,2025-03,0,0,0,1
3464,2025-04,3,56,0,0
3464,2025-05,0,,0,0
3464,2025-06,0,0,0,0
3464,2025-07,0,0,0,0
3464,2025-08,0,0,0,0
3464,2025-09,0,0,0,0
3464,2025-10,0,0,0,0
3464,2025-11,0,0,0,0
3464,2025-12,1,20,0,1
3465,2025-05,14,,0,1
3465,2025-06,18,653,0,0
3465,2025-07,18,414,0,0
3465,2025-08,18,636,0,0
3465,2025-09,14,324,0,0
3465,2025-10,24,945,0,0
3465,2025-11,16,671,0,0
3465,2025-12,19,362,0,0
3466,2025-06,2,69,0,0
3466,2025-07,0,0,0,0
3466,2025-08,2,53,1,0
3466,2025-09,2,46,1,0
3466,2025-10,0,0,0,0
3466,2025-11,0,0,0,0
3466,2025-12,0,0,0,0
3467,2025-08,6,251,1,1
3467,2025-09,4,86,0,0
3467,2025-10,4,125,1,0
3467,2025-11,5,155,1,0
3467,2025-12,1,21,0,0
3468,2024-07,8,177,0,0
3468,2024-08,10,369,0,0
3468,2024-09,3,73,0,0
3468,2024-10,3,83,0,0
3468,2024-11,7,216,0,0
3468,2024-12,7,266,0,0
3468,2025-01,5,151,0,0
3468,2025-02,2,57,0,1
3468,2025-03,7,233,0,1
3468,2025-04,4,149,0,0
3468,2025-05,6,251,0,0
3468,2025-06,3,119,0,0
3468,2025-07,7,,0,1
3468,2025-08,6,197,0,1
3468,2025-09,4,146,0,0
3468,2025-10,6,197,0,0
3468,2025-11,4,81,0,1
3469,2024-11,4,163,0,0
3469,2024-12,12,341,0,0
3469,2025-01,12,429,0,0
3469,2025-02,9,188,0,0
3469,2025-03,14,446,0,0
3469,2025-04,9,193,0,0
3469,2025-05,14,326,0,0
3470,2024-11,3,111,1,0
3470,2024-12,0,0,0,1
3470,2025-01,1,29,0,1
3471,2025-09,5,101,0,0
3472,2025-05,1,26,0,0
3473,2025-01,2,40,0,0
3473,2025-02,6,219,0,0
3473,2025-03,8,153,0,0
3473,2025-04,4,156,0,0
3473,2025-05,4,120,0,0
3473,2025-06,4,135,0,0
3473,2025-07,4,143,0,0
3473,2025-08,6,144,0,0
3473,2025-09,6,214,0,0
3473,2025-10,5,192,0,1
3473,2025-11,10,406,0,0
3473,2025-12,6,156,0,0
3474,2025-06,2,46,2,0
3474,2025-07,4,162,2,0
3474,2025-08,6,198,1,1
3474,2025-09,6,170,4,1
3475,2024-08,3,103,0,0
3475,2024-09,1,40,0,0
3476,2024-12,3,107,0,0
3476,2025-01,8,230,0,0
3476,2025-02,7,270,0,1
3476,2025-03,9,229,0,0
3476,2025-04,6,168,0,0
3476,2025-05,4,117,0,0
3476,2025-06,6,143,0,0
3476,2025-07,6,192,0,0
3476,2025-08,8,335,0,0
3476,2025-09,5,133,0,0
3476,2025-10,1,40,0,0
3476,2025-11,5,149,0,0
3476,2025-12,4,,0,0
3477,2025-05,7,129,3,0
3477,2025-06,4,146,2,0
3477,2025-07,1,23,0,0
3477,2025-08,3,123,1,0
3477,2025-09,1,39,0,0
3477,2025-10,2,78,1,0
3477,2025-11,2,57,0,0
3477,2025-12,2,47,0,0
3478,2025-01,5,191,2,0
3478,2025-02,18,435,10,0
3478,2025-03,13,535,7,0
3478,2025-04,10,293,2,0
3478,2025-05,9,347,6,0
3478,2025-06,6,211,9,0
3478,2025-07,12,244,6,0
3478,2025-08,9,176,6,0
2683,2025-12,2,68,0,0
3478,2025-09,10,180,8,1
3478,2025-10,9,255,6,1
3478,2025-11,10,227,6,0
3478,2025-12,12,387,6,0
3479,2025-10,7,155,0,0
3479,2025-11,4,84,0,0
3479,2025-12,5,99,0,0
3480,2025-10,2,71,0,0
3480,2025-11,3,60,0,0
3480,2025-12,3,90,0,0
3481,2024-10,3,65,0,0
3481,2024-11,7,195,0,0
3481,2024-12,3,70,0,0
3481,2025-01,1,39,0,1
3482,2025-02,7,260,1,0
3482,2025-03,6,225,1,0
3482,2025-04,9,266,0,0
3482,2025-05,6,248,0,0
3482,2025-06,9,164,3,1
3482,2025-07,8,276,4,0
3482,2025-08,13,374,2,1
3482,2025-09,8,236,3,0
3482,2025-10,10,195,1,1
3482,2025-11,9,176,3,0
3483,2025-02,12,251,4,0
3483,2025-03,16,361,6,0
3483,2025-04,15,408,5,0
3483,2025-05,16,542,6,0
3483,2025-06,16,409,10,0
3483,2025-07,13,306,7,0
3483,2025-08,16,614,2,0
3483,2025-09,16,434,12,0
3483,2025-10,11,396,5,0
3483,2025-11,14,572,6,0
3483,2025-12,14,474,7,0
3484,2025-05,4,159,0,1
3484,2025-06,8,148,0,0
3484,2025-07,14,317,0,0
3484,2025-08,3,84,0,0
3484,2025-09,3,118,0,0
3484,2025-10,12,335,0,0
3484,2025-11,9,244,0,0
3484,2025-12,15,602,0,1
3485,2025-01,1,40,0,0
3485,2025-02,3,110,0,1
3485,2025-03,2,79,0,0
3485,2025-04,1,34,0,0
3485,2025-05,0,0,0,0
3485,2025-06,2,60,0,0
3485,2025-07,0,0,0,0
3485,2025-08,1,19,0,0
3485,2025-09,1,40,0,0
3485,2025-10,1,22,0,0
3485,2025-11,1,19,0,0
3485,2025-12,0,0,0,0
3486,2025-01,4,98,0,0
3486,2025-02,2,47,0,1
3487,2025-10,10,305,4,0
3487,2025-11,11,271,3,0
3487,2025-12,6,163,4,0
3488,2025-02,3,115,0,0
3488,2025-03,5,117,0,0
3488,2025-04,9,235,0,0
3488,2025-05,9,213,0,0
3488,2025-06,7,219,0,0
3488,2025-07,5,99,0,1
3488,2025-08,7,240,0,0
3488,2025-09,6,198,0,0
3488,2025-10,12,401,0,0
3488,2025-11,3,,0,0
3488,2025-12,1,,0,0
3489,2025-07,3,77,0,0
3489,2025-08,2,72,2,0
3489,2025-09,10,305,2,0
3489,2025-10,4,133,4,0
3489,2025-11,3,62,1,0
3489,2025-12,3,97,0,0
3490,2024-12,4,135,2,1
3490,2025-01,2,55,1,0
3490,2025-02,7,213,2,0
3490,2025-03,2,75,1,0
3490,2025-04,2,72,0,0
3490,2025-05,3,124,1,1
3490,2025-06,1,37,0,0
3490,2025-07,1,24,2,0
3490,2025-08,0,0,0,0
3490,2025-09,2,63,0,0
3490,2025-10,0,0,0,0
3490,2025-11,1,27,1,0
3491,2024-10,2,78,0,0
3491,2024-11,3,87,1,2
3491,2024-12,2,72,1,0
3491,2025-01,1,28,0,0
3491,2025-02,1,34,0,0
3492,2024-12,12,267,4,0
3492,2025-01,2,55,0,0
3492,2025-02,6,,1,0
3492,2025-03,4,141,2,0
3492,2025-04,1,35,0,0
3492,2025-05,2,40,1,0
3492,2025-06,6,191,0,0
3492,2025-07,8,213,3,0
3492,2025-08,6,212,2,0
3492,2025-09,2,64,0,0
3492,2025-10,6,204,2,0
3492,2025-11,4,159,0,0
3492,2025-12,4,154,1,0
3493,2024-09,0,0,0,0
3493,2024-10,2,68,2,0
3493,2024-11,1,30,0,0
3493,2024-12,1,39,2,0
3493,2025-01,0,0,0,0
3493,2025-02,0,0,0,0
3493,2025-03,0,0,0,0
3493,2025-04,1,25,0,0
3493,2025-05,1,40,0,0
3493,2025-06,0,0,0,0
3493,2025-07,0,0,0,0
3493,2025-08,1,31,1,0
3494,2025-01,2,64,1,1
3494,2025-02,3,75,1,0
3494,2025-03,2,47,0,0
3494,2025-04,0,0,0,1
3494,2025-05,3,110,0,0
3495,2025-08,3,80,0,0
3495,2025-09,3,87,0,0
3495,2025-10,5,137,1,0
3495,2025-11,1,39,1,0
3495,2025-12,2,54,2,0
3496,2025-01,9,272,1,0
3496,2025-02,10,318,4,1
3496,2025-03,5,171,2,0
3496,2025-04,6,238,1,1
3496,2025-05,12,429,1,1
3496,2025-06,9,250,4,1
3496,2025-07,10,338,4,0
3496,2025-08,10,397,6,0
3496,2025-09,4,157,0,0
3496,2025-10,11,412,2,0
3496,2025-11,10,389,2,0
3496,2025-12,12,418,2,1
3497,2025-08,2,64,0,0
3497,2025-09,5,109,0,0
3497,2025-10,3,86,0,0
3497,2025-11,11,287,0,0
3497,2025-12,4,93,0,0
3498,2025-04,2,81,2,0
3498,2025-05,7,155,8,0
3498,2025-06,9,245,5,1
3498,2025-07,4,113,3,0
3498,2025-08,3,87,3,0
3498,2025-09,3,56,4,0
3498,2025-10,7,215,4,0
3498,2025-11,4,109,3,0
3498,2025-12,8,232,2,0
3499,2024-09,1,21,0,0
3499,2024-10,3,58,0,0
3499,2024-11,3,107,0,0
3499,2024-12,3,64,0,0
3499,2025-01,2,61,0,0
3499,2025-02,2,49,0,0
3499,2025-03,8,149,0,0
3500,2024-08,0,0,0,0
3500,2024-09,0,0,0,0
3500,2024-10,2,46,0,0
3500,2024-11,4,122,0,0
3500,2024-12,1,40,0,0
3500,2025-01,0,0,0,1
3500,2025-02,1,20,0,0
3500,2025-03,2,63,0,0
3500,2025-04,0,0,0,1
3500,2025-05,0,0,0,0
3500,2025-06,0,0,0,1
3500,2025-07,0,0,0,0
3501,2024-12,4,151,1,0
3501,2025-01,4,162,0,0
3501,2025-02,10,309,1,0
3501,2025-03,8,302,1,1
3501,2025-04,3,92,1,1
3501,2025-05,7,280,1,0
3501,2025-06,9,340,4,0
3501,2025-07,5,151,1,0
3501,2025-08,5,104,2,0
3501,2025-09,7,209,3,0
3501,2025-10,5,90,0,0
3501,2025-11,1,26,0,0
3501,2025-12,8,249,4,0
3502,2025-03,6,162,2,0
3502,2025-04,5,101,5,0
3502,2025-05,11,437,3,0
3502,2025-06,7,128,2,0
3502,2025-07,4,86,0,0
3502,2025-08,8,270,1,0
3502,2025-09,3,97,0,0
3502,2025-10,9,357,2,0
3502,2025-11,11,245,5,0
3502,2025-12,6,115,0,0
3503,2025-05,8,162,3,1
3503,2025-06,10,363,3,0
3503,2025-07,7,204,2,1
3503,2025-08,8,232,2,0
3503,2025-09,11,441,3,0
3503,2025-10,9,281,3,0
3503,2025-11,12,483,3,0
3503,2025-12,8,332,2,0
3504,2024-12,2,53,0,0
3504,2025-01,7,245,7,0
3504,2025-02,2,76,1,0
3505,2024-11,5,104,0,0
3505,2024-12,4,114,3,0
3505,2025-01,5,205,0,0
3505,2025-02,7,,3,0
3505,2025-03,11,255,2,0
3505,2025-04,9,219,0,0
3505,2025-05,6,221,1,0
3505,2025-06,6,217,1,0
3505,2025-07,4,137,1,0
3505,2025-08,4,125,0,0
3505,2025-09,2,56,1,0
3505,2025-10,7,158,1,0
3505,2025-11,3,120,1,0
3505,2025-12,9,324,2,0
3506,2025-08,3,66,5,0
3506,2025-09,4,114,0,0
3506,2025-10,7,177,2,0
3506,2025-11,5,105,7,1
3506,2025-12,5,193,1,0
3507,2024-07,13,244,0,0
3507,2024-08,3,97,0,0
3507,2024-09,13,313,0,0
3507,2024-10,7,271,0,0
3507,2024-11,10,355,0,0
3507,2024-12,12,220,0,0
3507,2025-01,11,356,0,0
3507,2025-02,10,318,0,0
3507,2025-03,10,359,0,0
3507,2025-04,12,373,0,1
3507,2025-05,7,283,0,0
3507,2025-06,15,464,0,0
3507,2025-07,10,317,0,0
3507,2025-08,11,397,0,0
3507,2025-09,14,553,0,0
3507,2025-10,12,477,0,0
3507,2025-11,11,452,0,0
3507,2025-12,2,71,0,0
3508,2025-08,1,26,0,0
3508,2025-09,2,54,0,0
3509,2025-07,33,1222,0,0
3509,2025-08,37,1508,0,0
3509,2025-09,34,1185,0,0
3509,2025-10,30,1002,0,1
3509,2025-11,38,1554,0,0
3509,2025-12,31,993,0,0
3510,2024-07,1,24,0,0
3510,2024-08,0,0,0,1
3510,2024-09,0,0,0,0
3510,2024-10,1,40,1,0
3510,2024-11,1,23,1,0
3511,2025-05,3,124,0,0
3511,2025-06,1,20,1,0
3511,2025-07,1,23,0,0
3511,2025-08,0,0,0,0
3511,2025-09,3,100,1,0
3511,2025-10,5,121,5,0
3511,2025-11,3,96,4,0
3511,2025-12,6,241,1,0
3512,2024-07,1,33,0,0
3512,2024-08,1,32,0,0
3512,2024-09,2,76,0,0
3512,2024-10,1,21,0,0
3512,2024-11,0,0,0,0
3512,2024-12,2,39,1,0
3512,2025-01,2,53,1,0
3512,2025-02,1,32,0,1
3512,2025-03,1,27,1,0
3512,2025-04,2,70,0,0
3512,2025-05,0,0,0,0
3512,2025-06,0,0,0,0
3512,2025-07,0,0,0,0
3512,2025-08,1,19,0,0
3512,2025-09,2,71,0,1
3512,2025-10,1,26,0,0
3512,2025-11,1,35,0,0
3512,2025-12,1,36,0,0
3513,2025-03,10,198,5,0
3513,2025-04,15,309,2,0
3513,2025-05,8,294,0,0
3513,2025-06,8,304,1,0
3513,2025-07,13,456,1,0
3513,2025-08,6,133,2,0
3513,2025-09,6,226,2,0
3513,2025-10,10,313,3,0
3513,2025-11,9,275,0,0
3513,2025-12,8,328,2,0
3514,2025-03,2,81,0,0
3514,2025-04,1,30,0,1
3514,2025-05,3,105,2,0
3514,2025-06,2,63,0,0
3515,2024-08,26,769,8,1
3515,2024-09,27,768,4,0
3515,2024-10,28,738,4,0
3515,2024-11,30,680,8,0
3515,2024-12,25,506,2,0
3515,2025-01,28,932,7,0
3515,2025-02,24,908,6,0
3515,2025-03,22,690,10,0
3515,2025-04,14,363,1,0
3515,2025-05,23,559,11,0
3515,2025-06,23,874,5,1
3515,2025-07,21,541,6,1
3515,2025-08,20,409,4,0
3515,2025-09,17,610,5,0
3515,2025-10,19,650,7,0
3515,2025-11,28,1029,6,0
3515,2025-12,19,508,5,1
3516,2024-09,6,210,0,0
3516,2024-10,4,133,0,0
3516,2024-11,7,245,0,0
3516,2024-12,4,107,0,0
3516,2025-01,3,111,0,1
3517,2025-05,3,86,0,0
3517,2025-06,4,118,0,0
3517,2025-07,1,22,0,0
3517,2025-08,4,112,0,1
3517,2025-09,2,77,0,0
3517,2025-10,2,36,0,0
3517,2025-11,2,76,0,2
3517,2025-12,1,24,0,0
3518,2025-07,4,84,0,0
3518,2025-08,3,120,0,0
3518,2025-09,1,22,0,0
3518,2025-10,4,107,0,0
3518,2025-11,3,79,0,0
3518,2025-12,1,29,0,0
3519,2025-06,2,46,1,0
3519,2025-07,3,121,1,0
3519,2025-08,9,321,2,0
3519,2025-09,6,250,4,0
3519,2025-10,11,312,5,1
3519,2025-11,6,163,4,0
3519,2025-12,9,302,4,1
3520,2025-01,5,103,0,0
3520,2025-02,11,199,0,0
3520,2025-03,6,113,0,0
3520,2025-04,2,54,0,0
3520,2025-05,8,163,0,0
3520,2025-06,6,194,0,0
3520,2025-07,5,127,0,0
3520,2025-08,4,90,0,0
3520,2025-09,9,326,0,0
3520,2025-10,4,79,0,0
3520,2025-11,4,115,0,0
3520,2025-12,5,97,0,0
3521,2025-10,4,86,0,0
3521,2025-11,2,81,0,0
3521,2025-12,4,87,0,1
3522,2025-05,1,37,0,0
3522,2025-06,0,0,0,0
3522,2025-07,0,0,0,0
3522,2025-08,1,35,0,0
3522,2025-09,0,0,0,0
3522,2025-10,0,0,0,0
3522,2025-11,1,28,0,1
3522,2025-12,0,0,0,0
3523,2025-03,4,135,3,0
3523,2025-04,2,66,0,1
3523,2025-05,1,39,0,0
3523,2025-06,2,60,0,1
3523,2025-07,2,61,0,0
3523,2025-08,2,47,0,1
3523,2025-09,1,28,1,0
3523,2025-10,3,91,0,0
3523,2025-11,3,84,3,0
3523,2025-12,0,0,0,1
3524,2025-02,1,32,0,0
3524,2025-03,0,0,0,0
3524,2025-04,2,74,0,0
3524,2025-05,1,37,1,0
3524,2025-06,2,71,1,0
3524,2025-07,0,0,0,0
3524,2025-08,1,19,0,0
3524,2025-09,0,0,0,1
3525,2024-08,3,113,0,0
3525,2024-09,10,254,0,0
3525,2024-10,4,146,0,0
3525,2024-11,17,547,0,0
3525,2024-12,12,247,0,0
3525,2025-01,11,378,0,0
3525,2025-02,7,197,0,0
3525,2025-03,4,74,0,1
3525,2025-04,10,228,0,0
3525,2025-05,6,185,0,0
3525,2025-06,5,138,0,0
3525,2025-07,7,186,0,0
3525,2025-08,10,350,0,0
3525,2025-09,6,126,0,0
3525,2025-10,8,243,0,0
3525,2025-11,7,127,0,0
3525,2025-12,3,113,0,0
3526,2025-08,1,38,0,0
3526,2025-09,2,48,0,0
3526,2025-10,3,96,2,0
3526,2025-11,1,42,0,0
3526,2025-12,2,82,0,0
3527,2025-06,5,117,0,0
3527,2025-07,4,94,0,0
3527,2025-08,5,135,0,0
3527,2025-09,5,180,0,0
3527,2025-10,8,305,0,0
3527,2025-11,9,341,0,0
3527,2025-12,2,71,0,2
3528,2025-08,11,397,0,1
3528,2025-09,13,333,0,1
3528,2025-10,14,552,0,1
3528,2025-11,13,405,0,0
3528,2025-12,14,303,0,0
3529,2024-10,1,22,1,0
3529,2024-11,6,131,3,1
3529,2024-12,4,123,1,2
3529,2025-01,8,214,2,2
3529,2025-02,5,192,4,0
3529,2025-03,6,117,4,0
3530,2024-08,2,51,0,0
3530,2024-09,4,154,0,0
3530,2024-10,2,83,0,0
3530,2024-11,3,98,0,0
3530,2024-12,2,70,0,0
3530,2025-01,2,56,0,0
3530,2025-02,0,0,0,1
3531,2025-09,11,422,0,0
3531,2025-10,7,278,0,0
3531,2025-11,7,290,0,0
3531,2025-12,9,376,0,0
3532,2024-12,5,117,0,0
3532,2025-01,7,273,0,1
3533,2025-07,0,0,0,0
3533,2025-08,1,28,0,0
3534,2024-07,3,124,0,0
3534,2024-08,8,313,0,0
3534,2024-09,10,330,0,0
3534,2024-10,8,309,0,0
3534,2024-11,6,244,0,0
3534,2024-12,4,95,0,0
3534,2025-01,14,516,0,0
3534,2025-02,4,100,0,0
3534,2025-03,8,239,0,0
3534,2025-04,9,239,0,1
3534,2025-05,4,145,0,0
3534,2025-06,4,140,0,0
3534,2025-07,5,179,0,1
3534,2025-08,5,110,0,1
3534,2025-09,8,314,0,1
3534,2025-10,5,146,0,0
3534,2025-11,7,250,0,3
3534,2025-12,9,273,0,0
3535,2024-10,10,369,1,0
3535,2024-11,6,206,2,0
3535,2024-12,7,179,0,1
3536,2025-03,1,36,0,1
3536,2025-04,0,0,0,0
3537,2025-02,4,144,2,0
3537,2025-03,6,232,2,0
3537,2025-04,2,49,1,0
3537,2025-05,5,189,3,0
3537,2025-06,4,149,1,0
3537,2025-07,7,216,2,0
3537,2025-08,6,247,3,0
3537,2025-09,2,57,2,0
3537,2025-10,5,183,1,0
3537,2025-11,7,197,3,0
3537,2025-12,6,220,1,0
3538,2025-07,0,0,0,0
3538,2025-08,3,77,3,0
3538,2025-09,3,110,2,0
3538,2025-10,1,20,0,0
3539,2025-05,3,59,0,0
3539,2025-06,2,71,0,0
3539,2025-07,2,65,0,0
3539,2025-08,1,36,0,0
3539,2025-09,1,25,0,0
3539,2025-10,0,0,0,0
3539,2025-11,1,36,0,0
3539,2025-12,1,26,0,0
3540,2025-09,2,42,0,0
3540,2025-10,2,81,0,0
3540,2025-11,4,153,0,0
3540,2025-12,3,117,0,0
3541,2024-11,3,95,0,0
3541,2024-12,6,,0,0
3541,2025-01,1,,0,1
3541,2025-02,4,161,0,0
3541,2025-03,2,71,0,1
3541,2025-04,1,27,0,0
3541,2025-05,5,101,0,0
3541,2025-06,4,168,0,0
3541,2025-07,4,87,0,1
3541,2025-08,4,142,0,0
3541,2025-09,2,65,0,0
3541,2025-10,6,206,0,0
3541,2025-11,5,164,0,1
3541,2025-12,4,90,0,1
3542,2024-10,6,221,0,0
3542,2024-11,5,170,0,0
3542,2024-12,11,300,3,0
3542,2025-01,4,79,2,0
3542,2025-02,5,122,2,0
3542,2025-03,9,267,3,0
3542,2025-04,4,87,1,0
3542,2025-05,5,91,1,0
3542,2025-06,2,68,3,0
3542,2025-07,3,76,0,1
3542,2025-08,7,281,0,0
3542,2025-09,5,135,1,0
3542,2025-10,4,139,0,0
3542,2025-11,8,,1,0
3542,2025-12,4,84,1,0
3543,2025-06,13,330,0,1
3544,2025-04,2,38,0,0
3544,2025-05,2,67,0,0
3544,2025-06,4,106,0,0
3544,2025-07,7,214,0,0
3544,2025-08,13,458,0,0
3544,2025-09,6,193,0,0
3544,2025-10,4,150,0,0
3544,2025-11,5,104,0,0
3544,2025-12,4,116,0,0
3545,2025-03,0,0,0,0
3545,2025-04,1,22,0,0
3545,2025-05,0,0,0,0
3545,2025-06,0,0,0,0
3545,2025-07,3,121,3,0
3545,2025-08,1,23,1,0
3545,2025-09,0,0,0,0
3545,2025-10,3,99,1,0
3545,2025-11,0,0,0,0
3545,2025-12,0,0,0,0
3546,2025-10,10,392,0,0
3546,2025-11,16,336,0,0
3546,2025-12,12,406,0,0
3547,2025-03,18,618,5,1
3547,2025-04,10,272,3,0
3547,2025-05,11,401,5,0
3547,2025-06,15,443,5,0
3547,2025-07,12,343,2,0
3547,2025-08,12,340,1,0
3547,2025-09,17,513,7,0
3547,2025-10,17,703,4,0
3547,2025-11,14,428,4,0
3547,2025-12,15,404,5,0
3548,2025-04,6,235,3,0
3548,2025-05,3,95,0,0
3548,2025-06,3,90,0,0
3548,2025-07,3,76,1,0
3548,2025-08,4,160,3,0
3548,2025-09,5,112,1,0
3548,2025-10,3,124,0,0
3548,2025-11,3,92,0,0
3548,2025-12,1,36,0,0
3549,2025-05,7,243,0,1
3549,2025-06,8,334,0,0
3549,2025-07,7,234,0,0
3549,2025-08,7,264,0,0
3549,2025-09,7,258,0,0
3549,2025-10,6,157,0,0
3549,2025-11,3,114,0,0
3549,2025-12,5,102,0,0
3550,2025-05,9,347,2,0
3550,2025-06,10,215,0,0
3550,2025-07,7,265,0,0
2715,2024-12,2,58,0,0
3550,2025-08,5,207,3,0
3550,2025-09,9,370,1,0
3550,2025-10,9,206,2,0
3550,2025-11,6,208,0,1
3550,2025-12,9,306,3,0
3551,2025-05,4,88,1,0
3551,2025-06,7,131,1,0
3551,2025-07,5,156,0,0
3551,2025-08,6,242,2,0
3551,2025-09,3,63,1,0
3551,2025-10,12,289,2,0
3551,2025-11,11,223,5,0
3551,2025-12,4,113,2,0
3552,2024-12,1,39,0,0
3552,2025-01,1,42,1,0
3552,2025-02,2,80,0,0
3552,2025-03,2,81,2,0
3552,2025-04,1,32,0,1
3552,2025-05,1,27,2,0
3552,2025-06,1,35,2,0
3552,2025-07,1,30,1,0
3552,2025-08,2,61,3,0
3552,2025-09,1,27,0,0
3552,2025-10,1,34,0,0
3552,2025-11,1,25,0,0
3553,2025-08,1,28,0,1
3553,2025-09,1,,0,0
3553,2025-10,2,52,0,0
3553,2025-11,3,82,0,0
3553,2025-12,5,152,1,0
3554,2025-08,6,184,1,0
3554,2025-09,4,121,0,0
3554,2025-10,7,275,2,0
3554,2025-11,1,26,0,0
3554,2025-12,0,0,0,0
3555,2025-01,3,125,1,0
3555,2025-02,2,49,1,0
3555,2025-03,0,0,0,0
3555,2025-04,5,145,4,0
3555,2025-05,2,68,0,0
3555,2025-06,1,35,1,0
3555,2025-07,1,24,0,1
3556,2025-05,4,161,0,0
3556,2025-06,3,76,0,0
3556,2025-07,0,0,0,0
3556,2025-08,2,38,0,0
3556,2025-09,2,40,0,0
3556,2025-10,1,26,0,0
3556,2025-11,1,36,0,0
3556,2025-12,2,72,0,0
3557,2025-07,2,77,2,0
3557,2025-08,1,19,0,0
3557,2025-09,1,22,2,0
3557,2025-10,1,30,1,1
3558,2025-09,1,30,0,0
3558,2025-10,2,68,1,1
3558,2025-11,2,76,2,0
3558,2025-12,0,0,0,0
3559,2024-12,8,260,0,0
3559,2025-01,11,380,0,0
3559,2025-02,9,285,0,1
3559,2025-03,12,475,0,3
3559,2025-04,9,297,0,1
3559,2025-05,11,286,0,0
3559,2025-06,5,199,0,0
3559,2025-07,7,284,0,0
3559,2025-08,9,265,0,1
3560,2025-03,4,120,2,1
3560,2025-04,4,102,0,1
3560,2025-05,1,37,0,0
3560,2025-06,3,84,0,0
3560,2025-07,2,65,0,0
3560,2025-08,2,41,0,0
3560,2025-09,2,44,1,0
3560,2025-10,0,0,0,0
3560,2025-11,2,62,1,0
3560,2025-12,1,23,0,0
3561,2025-07,2,58,1,0
3561,2025-08,5,105,2,0
3561,2025-09,4,95,3,0
3561,2025-10,6,224,1,0
3561,2025-11,4,79,4,0
3561,2025-12,6,164,4,0
3562,2024-11,4,130,3,0
3562,2024-12,8,171,2,0
3562,2025-01,3,105,1,0
3562,2025-02,3,116,1,0
3562,2025-03,5,115,1,0
3562,2025-04,4,158,2,0
3562,2025-05,2,67,0,0
3562,2025-06,3,114,0,0
3562,2025-07,3,,0,0
3562,2025-08,4,117,0,0
3562,2025-09,3,61,2,0
3562,2025-10,7,260,5,0
3562,2025-11,2,76,1,0
3562,2025-12,5,163,0,0
3563,2024-10,3,81,0,0
3563,2024-11,5,134,0,0
3563,2024-12,3,79,0,0
3563,2025-01,1,41,0,0
3563,2025-02,1,31,0,0
3563,2025-03,2,64,0,0
3563,2025-04,6,138,0,0
3563,2025-05,3,56,0,1
3563,2025-06,2,79,0,1
3563,2025-07,1,37,0,0
3563,2025-08,1,18,0,0
3563,2025-09,0,0,0,0
3563,2025-10,0,,0,0
3563,2025-11,1,31,0,0
3563,2025-12,0,0,0,0
3564,2025-03,4,133,1,0
3564,2025-04,1,42,0,0
3564,2025-05,3,90,1,0
3564,2025-06,3,98,1,0
3564,2025-07,1,37,0,0
3564,2025-08,0,0,0,0
3564,2025-09,1,23,0,0
3564,2025-10,4,154,0,0
3564,2025-11,0,0,0,0
3564,2025-12,1,30,0,0
3565,2025-07,3,65,0,0
3565,2025-08,2,68,2,0
3565,2025-09,4,115,1,0
3565,2025-10,6,236,2,0
3565,2025-11,6,154,0,0
3565,2025-12,1,34,0,0
3566,2024-07,1,22,0,0
3566,2024-08,2,81,0,0
3566,2024-09,1,22,0,0
3566,2024-10,1,35,0,0
3566,2024-11,4,143,0,0
3566,2024-12,3,111,0,0
3566,2025-01,1,36,1,0
3567,2025-02,1,39,0,0
3567,2025-03,4,117,2,0
3567,2025-04,4,119,1,0
3567,2025-05,3,99,1,0
3567,2025-06,1,23,0,0
3567,2025-07,2,78,2,0
3567,2025-08,2,70,0,0
3567,2025-09,1,32,0,0
3567,2025-10,5,147,3,0
3567,2025-11,1,26,0,0
3567,2025-12,0,0,0,1
3568,2025-06,1,39,0,0
3568,2025-07,2,79,2,0
3568,2025-08,1,21,1,0
3568,2025-09,0,0,0,0
3568,2025-10,1,25,0,0
3568,2025-11,0,0,0,0
3568,2025-12,0,0,0,0
3569,2025-01,5,144,0,0
3569,2025-02,1,18,0,0
3570,2025-07,4,138,0,0
3570,2025-08,3,112,0,1
3570,2025-09,2,84,0,2
3570,2025-10,6,178,0,0
3570,2025-11,4,167,0,0
3570,2025-12,2,40,0,0
3571,2025-06,3,104,0,0
3571,2025-07,3,78,1,0
3571,2025-08,3,95,0,0
3571,2025-09,3,54,0,0
3571,2025-10,0,0,0,0
3571,2025-11,0,0,0,0
3571,2025-12,0,0,0,0
3572,2024-12,13,243,3,0
3572,2025-01,8,153,3,0
3572,2025-02,16,417,5,0
3572,2025-03,16,652,4,0
3572,2025-04,18,438,11,0
3572,2025-05,7,164,2,0
3572,2025-06,12,469,0,0
3572,2025-07,10,367,5,0
3572,2025-08,13,358,9,0
3572,2025-09,15,410,5,1
3572,2025-10,15,561,2,0
3572,2025-11,9,258,2,1
3573,2024-10,2,67,1,0
3573,2024-11,5,135,3,0
3573,2024-12,4,104,0,0
3573,2025-01,4,121,4,0
3573,2025-02,4,116,1,1
3573,2025-03,6,234,4,0
3573,2025-04,5,,3,0
3573,2025-05,11,379,2,0
3573,2025-06,7,265,2,0
3573,2025-07,6,115,3,0
3573,2025-08,9,184,3,1
3573,2025-09,7,136,2,0
3574,2025-04,3,123,0,0
3574,2025-05,3,85,1,0
3574,2025-06,3,79,2,0
1781,2025-08,1,20,0,0
3574,2025-07,1,34,0,0
3574,2025-08,3,96,0,0
3574,2025-09,1,35,0,0
3574,2025-10,2,40,0,0
3574,2025-11,2,45,0,0
3574,2025-12,3,94,1,0
3575,2025-09,4,78,4,0
3575,2025-10,10,338,6,0
3575,2025-11,8,192,5,0
3575,2025-12,5,199,6,0
3576,2025-03,1,29,0,0
3576,2025-04,5,114,2,0
3576,2025-05,0,0,0,0
3577,2025-03,5,105,0,0
3577,2025-04,2,77,0,0
3577,2025-05,3,75,0,0
3577,2025-06,2,70,0,0
3577,2025-07,2,67,0,0
3577,2025-08,2,66,0,0
3577,2025-09,2,47,0,0
3577,2025-10,3,56,0,0
3577,2025-11,3,103,0,0
3577,2025-12,3,80,0,0
3578,2025-08,1,20,2,0
3578,2025-09,3,116,4,0
3578,2025-10,2,48,1,1
3578,2025-11,3,119,0,0
3578,2025-12,2,67,0,1
3579,2024-09,5,142,0,0
3579,2024-10,4,136,0,0
827,2025-01,5,206,2,0
3579,2024-11,8,277,0,0
3579,2024-12,14,444,0,0
3579,2025-01,8,162,0,0
3579,2025-02,8,331,0,0
3579,2025-03,7,198,0,0
3579,2025-04,3,102,0,1
3579,2025-05,4,107,0,0
3579,2025-06,6,190,0,0
3579,2025-07,3,103,0,0
3579,2025-08,6,239,0,0
3579,2025-09,6,213,0,0
3579,2025-10,8,233,0,0
3579,2025-11,8,235,0,0
3579,2025-12,5,202,0,0
3580,2024-09,1,20,0,1
3580,2024-10,3,115,0,0
3580,2024-11,3,104,0,0
3580,2024-12,2,57,0,0
3580,2025-01,2,54,0,1
3580,2025-02,3,110,0,0
3580,2025-03,0,0,0,0
3580,2025-04,1,26,0,0
3580,2025-05,3,55,0,1
3580,2025-06,1,25,0,0
3580,2025-07,1,35,0,1
3580,2025-08,0,0,0,0
3580,2025-09,0,0,0,0
3580,2025-10,1,31,0,1
3580,2025-11,2,64,0,1
3580,2025-12,1,30,0,0
3581,2025-04,0,0,0,0
3581,2025-05,3,65,0,0
3581,2025-06,2,69,0,0
3581,2025-07,2,46,1,0
3581,2025-08,0,0,0,0
3581,2025-09,0,0,0,0
3581,2025-10,1,38,0,0
3581,2025-11,0,0,0,0
3581,2025-12,1,33,0,0
3582,2024-10,5,196,0,0
3582,2024-11,8,176,0,0
3582,2024-12,4,90,0,0
3582,2025-01,3,121,0,0
3582,2025-02,6,249,0,0
3582,2025-03,3,69,1,0
3582,2025-04,6,129,3,0
3582,2025-05,4,82,0,1
3582,2025-06,6,200,1,0
3582,2025-07,9,203,1,0
3582,2025-08,3,90,0,0
3582,2025-09,7,178,0,1
3582,2025-10,7,132,1,1
3582,2025-11,3,111,0,1
3582,2025-12,7,135,3,1
3583,2025-03,6,151,0,0
3583,2025-04,6,162,0,1
3583,2025-05,4,99,0,0
3583,2025-06,4,121,0,0
3583,2025-07,4,88,0,0
3583,2025-08,6,,0,0
3583,2025-09,6,124,0,0
3583,2025-10,3,98,0,0
3583,2025-11,4,110,0,1
3583,2025-12,6,167,0,0
3584,2025-07,1,30,0,0
3584,2025-08,0,0,0,0
3584,2025-09,3,64,0,0
3584,2025-10,1,25,0,0
3584,2025-11,1,40,0,0
3584,2025-12,0,0,0,0
3585,2025-09,0,0,0,0
3585,2025-10,2,83,0,1
3585,2025-11,4,92,0,0
3585,2025-12,1,29,0,0
3586,2025-07,1,35,0,0
3586,2025-08,1,33,1,0
3586,2025-09,4,110,3,0
3586,2025-10,1,23,0,0
3586,2025-11,1,21,0,0
3587,2024-10,1,22,0,0
3588,2024-12,2,73,1,0
3588,2025-01,5,195,1,0
3589,2024-08,3,77,0,0
3589,2024-09,8,238,0,0
3589,2024-10,7,273,0,0
3589,2024-11,5,165,0,0
3589,2024-12,1,33,0,1
3590,2024-11,3,122,0,0
3590,2024-12,1,22,0,0
3591,2024-07,0,0,0,0
3591,2024-08,3,68,0,0
3591,2024-09,1,27,0,0
3592,2024-08,8,274,3,0
3592,2024-09,4,140,2,0
3592,2024-10,4,144,1,0
3592,2024-11,6,209,0,0
3592,2024-12,6,224,3,0
3592,2025-01,7,192,2,0
3592,2025-02,7,274,6,0
3592,2025-03,13,484,9,0
3592,2025-04,5,93,6,0
3592,2025-05,3,58,1,0
3592,2025-06,5,135,3,0
3592,2025-07,7,150,1,0
3592,2025-08,5,138,3,0
3592,2025-09,7,241,5,0
3592,2025-10,7,163,2,0
3592,2025-11,6,149,4,0
3592,2025-12,8,311,3,0
3593,2024-11,0,0,0,0
3593,2024-12,0,0,0,0
3594,2024-12,5,109,0,0
3594,2025-01,7,268,0,0
3594,2025-02,5,136,0,0
3594,2025-03,4,149,0,0
3594,2025-04,5,162,0,0
3594,2025-05,7,279,0,0
3594,2025-06,6,203,0,0
3594,2025-07,7,188,0,0
3594,2025-08,7,163,0,0
3594,2025-09,4,100,0,0
3594,2025-10,4,159,0,0
3594,2025-11,4,75,0,0
3594,2025-12,2,59,0,0
3595,2025-04,4,113,1,0
3595,2025-05,1,27,1,0
3595,2025-06,6,183,2,0
3595,2025-07,1,22,0,0
3596,2025-07,0,0,0,0
3596,2025-08,5,147,0,0
3596,2025-09,6,153,0,0
3596,2025-10,2,39,0,0
3596,2025-11,6,166,0,0
3596,2025-12,7,197,0,0
3597,2025-02,2,43,0,0
3597,2025-03,4,148,0,0
3597,2025-04,3,125,0,0
3597,2025-05,1,30,0,1
3597,2025-06,0,0,0,0
3597,2025-07,0,0,0,0
3598,2024-08,2,46,1,0
3598,2024-09,2,41,0,0
3598,2024-10,3,96,2,0
3598,2024-11,1,28,0,0
3599,2025-03,1,28,0,1
3599,2025-04,2,48,1,1
3599,2025-05,0,0,0,0
3599,2025-06,5,180,4,0
3599,2025-07,3,107,1,0
3599,2025-08,3,64,1,0
3599,2025-09,1,34,0,0
3599,2025-10,0,0,0,0
3599,2025-11,1,26,0,0
3599,2025-12,1,20,0,1
3600,2025-06,4,149,0,0
3600,2025-07,5,94,0,0
3600,2025-08,1,,0,0
3600,2025-09,8,283,0,0
3600,2025-10,1,36,0,0
3600,2025-11,10,405,0,0
3600,2025-12,2,56,0,0
3601,2025-10,5,157,0,0
3601,2025-11,3,72,1,0
3601,2025-12,6,126,5,0
3602,2024-12,2,,1,0
3602,2025-01,4,153,0,0
3602,2025-02,15,351,2,1
3602,2025-03,4,163,0,0
3602,2025-04,4,85,1,0
3602,2025-05,6,133,2,0
3602,2025-06,5,210,0,0
3602,2025-07,3,87,1,0
3602,2025-08,6,170,1,0
3602,2025-09,8,178,1,0
3602,2025-10,1,31,0,0
3602,2025-11,3,122,0,0
3602,2025-12,3,90,0,0
3603,2025-02,4,95,2,0
3603,2025-03,9,279,3,0
3603,2025-04,6,198,2,0
3604,2025-02,2,,1,0
3604,2025-03,2,82,1,0
3604,2025-04,1,27,1,0
3604,2025-05,1,21,2,0
3604,2025-06,1,36,0,0
3604,2025-07,1,25,0,0
3604,2025-08,3,89,0,0
3604,2025-09,2,80,0,0
3604,2025-10,0,0,0,0
3604,2025-11,2,84,0,0
3604,2025-12,0,0,0,0
3605,2024-11,1,38,0,0
3605,2024-12,0,0,0,0
3605,2025-01,0,0,0,0
3606,2025-05,8,275,3,0
3606,2025-06,4,117,0,0
3606,2025-07,4,159,0,0
3606,2025-08,6,179,0,0
3606,2025-09,5,172,1,0
3606,2025-10,6,202,2,0
3606,2025-11,5,150,1,0
3606,2025-12,4,92,0,0
3607,2025-03,0,0,0,1
3608,2024-08,5,95,0,0
3608,2024-09,9,206,0,0
3608,2024-10,8,323,0,0
3608,2024-11,15,329,0,0
3608,2024-12,11,419,0,0
3608,2025-01,9,278,0,0
3608,2025-02,6,173,0,0
3608,2025-03,10,263,0,0
3608,2025-04,11,380,0,0
3608,2025-05,4,166,0,0
3608,2025-06,8,301,0,0
3608,2025-07,7,126,0,0
3608,2025-08,9,217,0,0
3608,2025-09,3,97,0,0
3608,2025-10,10,302,0,0
3608,2025-11,7,246,0,1
3608,2025-12,8,229,0,0
3609,2025-09,2,71,0,0
3609,2025-10,0,0,0,0
3609,2025-11,1,21,0,0
3609,2025-12,2,37,0,1
3610,2025-09,4,82,1,0
3610,2025-10,2,68,0,1
3610,2025-11,5,132,1,0
3610,2025-12,6,148,2,0
3611,2024-12,3,64,0,0
3611,2025-01,3,113,0,0
3611,2025-02,5,145,1,0
3611,2025-03,6,153,3,0
3611,2025-04,1,28,0,0
3611,2025-05,0,0,0,0
3611,2025-06,3,77,0,0
3611,2025-07,1,20,2,0
3611,2025-08,2,75,0,0
3611,2025-09,0,0,0,0
3611,2025-10,2,81,1,2
3611,2025-11,1,38,0,0
3612,2024-07,3,114,0,0
3612,2024-08,4,139,0,0
3612,2024-09,1,40,0,0
3612,2024-10,4,160,0,0
3612,2024-11,4,110,0,0
3612,2024-12,8,216,0,0
3612,2025-01,5,138,0,0
3612,2025-02,7,208,0,0
3612,2025-03,2,44,0,0
3612,2025-04,8,178,0,0
3612,2025-05,3,111,0,0
3612,2025-06,2,37,0,0
3612,2025-07,3,67,0,0
3612,2025-08,2,40,0,0
3612,2025-09,0,0,0,0
3612,2025-10,3,56,0,0
3612,2025-11,3,85,0,0
3612,2025-12,4,133,0,0
3613,2025-06,3,75,0,0
3613,2025-07,2,59,0,0
3613,2025-08,2,40,0,0
3613,2025-09,4,94,0,0
3613,2025-10,3,96,0,0
3613,2025-11,6,223,0,0
3613,2025-12,4,167,0,0
3614,2025-09,0,0,0,0
3614,2025-10,0,0,0,1
3614,2025-11,0,0,0,0
3614,2025-12,1,20,0,0
3615,2025-02,5,159,0,0
3615,2025-03,2,64,0,0
3615,2025-04,1,25,0,0
3615,2025-05,1,18,0,0
3615,2025-06,0,0,0,0
3615,2025-07,0,0,0,0
3615,2025-08,3,86,0,0
3615,2025-09,1,33,0,0
3615,2025-10,0,0,0,0
3616,2025-04,0,0,0,0
3616,2025-05,2,70,1,0
3617,2025-09,16,388,3,0
3617,2025-10,8,177,1,0
3617,2025-11,27,773,10,1
3617,2025-12,13,310,5,2
3618,2025-09,9,220,0,1
3618,2025-10,13,340,0,0
3618,2025-11,7,192,0,0
3618,2025-12,8,246,0,0
3619,2025-10,3,60,0,1
3619,2025-11,3,111,1,0
3619,2025-12,3,96,0,0
3620,2024-11,5,120,0,0
3620,2024-12,4,77,0,0
3620,2025-01,3,79,0,1
3620,2025-02,4,128,0,0
3620,2025-03,1,24,0,0
3620,2025-04,4,167,0,0
3621,2025-10,3,79,0,0
3621,2025-11,3,98,0,0
3621,2025-12,1,33,0,0
3622,2025-06,3,118,2,0
3622,2025-07,1,34,0,0
3622,2025-08,2,77,1,0
3622,2025-09,1,40,0,0
3622,2025-10,3,75,0,0
3622,2025-11,5,102,2,0
3622,2025-12,5,189,0,0
3623,2025-05,3,69,0,1
3623,2025-06,0,0,0,0
3623,2025-07,1,19,0,1
3623,2025-08,0,0,0,0
3623,2025-09,0,0,0,0
3623,2025-10,2,48,1,0
3623,2025-11,0,0,0,0
3623,2025-12,0,0,0,0
3624,2024-12,2,61,0,0
3624,2025-01,1,37,0,0
3624,2025-02,6,117,0,0
3624,2025-03,5,149,0,0
3625,2025-09,4,83,0,0
3625,2025-10,4,159,0,0
3625,2025-11,2,58,0,0
3625,2025-12,1,32,0,0
3626,2024-09,1,25,0,0
3626,2024-10,2,75,0,0
3626,2024-11,4,152,0,0
3626,2024-12,0,0,0,0
3626,2025-01,1,32,0,0
3626,2025-02,0,0,0,0
3626,2025-03,0,0,0,0
3626,2025-04,3,88,0,0
3626,2025-05,1,42,0,0
3626,2025-06,0,0,0,0
3626,2025-07,2,71,0,0
3626,2025-08,2,57,0,0
3627,2025-04,8,272,0,0
3627,2025-05,7,158,0,0
3627,2025-06,3,86,0,0
3628,2024-10,5,184,0,0
3628,2024-11,4,119,0,0
3628,2024-12,2,41,0,0
3628,2025-01,1,23,0,0
3628,2025-02,3,104,0,0
3628,2025-03,2,74,0,1
3628,2025-04,2,77,0,0
3628,2025-05,4,88,0,1
3628,2025-06,0,0,0,1
3628,2025-07,1,28,0,0
3628,2025-08,2,45,0,2
3628,2025-09,1,23,0,0
3629,2025-03,1,25,1,1
3629,2025-04,0,0,0,2
3629,2025-05,3,88,3,0
3629,2025-06,1,18,0,1
3629,2025-07,2,79,0,0
3629,2025-08,1,,0,0
3629,2025-09,0,0,0,1
3629,2025-10,2,56,0,0
3629,2025-11,2,40,0,0
3629,2025-12,2,65,0,1
3630,2024-09,2,63,0,0
3631,2024-11,9,231,6,0
3631,2024-12,2,68,3,0
3631,2025-01,1,31,0,0
3631,2025-02,0,0,0,0
3631,2025-03,2,69,1,0
3631,2025-04,2,72,1,0
3631,2025-05,2,46,2,0
3631,2025-06,1,33,0,0
3631,2025-07,1,34,0,1
3631,2025-08,0,0,0,1
3631,2025-09,0,0,0,1
3631,2025-10,0,0,0,0
3631,2025-11,0,0,0,0
3631,2025-12,0,,0,0
3632,2025-03,1,33,0,0
3632,2025-04,0,0,0,0
3632,2025-05,0,0,0,0
3632,2025-06,0,0,0,0
3632,2025-07,0,0,0,0
3632,2025-08,1,31,0,0
3632,2025-09,0,0,0,0
3632,2025-10,1,41,1,0
3632,2025-11,0,0,0,0
3632,2025-12,0,0,0,0
3633,2024-09,3,59,4,0
3633,2024-10,2,46,1,0
3633,2024-11,3,59,1,0
3633,2024-12,2,60,1,0
3633,2025-01,4,104,4,0
3633,2025-02,4,149,3,0
3633,2025-03,7,210,2,0
3633,2025-04,0,0,0,1
3633,2025-05,1,34,0,0
3633,2025-06,1,38,0,0
3633,2025-07,5,170,2,1
3633,2025-08,4,160,0,0
3633,2025-09,5,139,1,0
3633,2025-10,3,84,2,0
3633,2025-11,0,0,0,0
3633,2025-12,3,122,1,0
3634,2024-11,3,59,1,0
3634,2024-12,4,103,2,0
3634,2025-01,0,0,0,0
3634,2025-02,5,165,2,1
3635,2024-11,1,19,0,0
3635,2024-12,7,243,0,0
3636,2025-10,2,65,1,0
3636,2025-11,1,29,0,0
3636,2025-12,0,0,0,1
3637,2025-09,6,227,0,0
3637,2025-10,1,36,0,0
3638,2025-06,3,110,0,0
3638,2025-07,7,225,1,1
3638,2025-08,3,67,1,0
3638,2025-09,5,101,1,0
3638,2025-10,7,189,4,0
3638,2025-11,1,31,0,0
3638,2025-12,7,137,1,0
3639,2025-09,4,127,0,0
3639,2025-10,5,145,0,0
3639,2025-11,4,93,0,0
3639,2025-12,6,165,0,1
3640,2025-08,5,149,2,0
3641,2025-03,1,40,0,0
3641,2025-04,3,73,0,0
3641,2025-05,0,0,0,1
3641,2025-06,4,108,0,0
3641,2025-07,1,32,0,0
3641,2025-08,5,156,0,0
3641,2025-09,1,29,0,0
3641,2025-10,0,0,0,0
3641,2025-11,0,0,0,0
3641,2025-12,0,0,0,0
3642,2024-10,1,23,0,0
3642,2024-11,4,136,0,0
3642,2024-12,2,69,0,0
3642,2025-01,0,0,0,0
3643,2024-12,1,25,0,1
3643,2025-01,1,19,0,0
3643,2025-02,2,63,0,0
3643,2025-03,3,117,0,0
3643,2025-04,5,161,1,0
3643,2025-05,3,84,1,0
3643,2025-06,1,29,0,0
3643,2025-07,0,0,0,0
3643,2025-08,0,0,0,0
3643,2025-09,0,0,0,0
3644,2025-01,1,20,0,0
3644,2025-02,4,79,0,0
3644,2025-03,2,81,1,0
3644,2025-04,5,,2,0
3644,2025-05,2,72,1,0
3645,2024-09,10,384,0,0
3645,2024-10,8,166,0,0
3645,2024-11,7,246,0,1
3645,2024-12,12,421,0,0
3645,2025-01,5,136,0,0
3645,2025-02,11,316,0,0
3645,2025-03,16,651,0,0
3645,2025-04,13,521,0,0
3645,2025-05,11,265,0,0
3645,2025-06,11,277,0,0
3645,2025-07,13,361,0,0
3645,2025-08,7,209,0,0
3646,2025-02,1,42,0,0
3646,2025-03,2,37,1,0
3646,2025-04,3,120,0,0
3646,2025-05,0,0,0,0
3646,2025-06,0,0,0,1
3647,2025-08,3,114,0,0
3647,2025-09,6,151,0,0
3647,2025-10,0,0,0,0
3647,2025-11,0,0,0,0
3647,2025-12,1,19,0,0
3648,2024-12,4,152,0,0
3648,2025-01,3,112,0,0
3648,2025-02,0,0,0,0
3648,2025-03,1,40,0,0
3648,2025-04,1,26,0,0
3648,2025-05,2,80,0,0
3648,2025-06,1,42,0,0
3648,2025-07,1,31,0,0
3648,2025-08,2,78,0,0
3648,2025-09,1,35,0,0
3648,2025-10,0,0,0,0
3648,2025-11,2,75,0,0
3649,2025-10,0,0,0,0
3649,2025-11,6,137,1,0
3649,2025-12,4,141,1,0
3650,2025-05,1,38,0,0
3650,2025-06,0,0,0,0
3650,2025-07,2,70,1,1
3650,2025-08,1,41,0,0
3650,2025-09,1,39,0,0
3650,2025-10,1,37,0,0
3650,2025-11,0,0,0,0
3650,2025-12,3,125,0,0
3651,2025-08,0,0,0,0
3651,2025-09,1,22,0,0
3651,2025-10,0,0,0,0
3652,2024-10,13,496,0,0
3652,2024-11,22,759,0,0
3652,2024-12,11,341,0,0
3652,2025-01,14,308,0,0
3652,2025-02,16,625,0,0
3652,2025-03,15,333,0,0
3652,2025-04,16,514,0,0
3652,2025-05,16,465,0,0
3652,2025-06,15,526,0,0
3652,2025-07,19,730,0,0
3652,2025-08,12,434,0,0
3652,2025-09,17,595,0,0
3652,2025-10,12,269,0,0
3652,2025-11,15,567,0,1
3652,2025-12,23,928,0,0
3653,2025-09,5,,0,0
3653,2025-10,7,180,0,0
3653,2025-11,6,113,0,0
3654,2024-12,0,0,0,0
3655,2024-11,3,77,0,0
3655,2024-12,3,67,0,0
3655,2025-01,3,73,0,0
3655,2025-02,5,194,2,0
3655,2025-03,6,191,2,0
3655,2025-04,3,66,3,0
3655,2025-05,3,112,3,0
3655,2025-06,2,43,0,0
3655,2025-07,5,200,1,0
3655,2025-08,5,136,1,0
3655,2025-09,5,190,1,0
1780,2024-08,2,82,0,0
3655,2025-10,1,27,0,0
3655,2025-11,2,71,1,0
3655,2025-12,6,154,1,1
3656,2024-10,6,211,2,0
3656,2024-11,4,144,1,0
3656,2024-12,4,136,1,0
3656,2025-01,4,142,2,0
3656,2025-02,7,142,0,0
3656,2025-03,2,77,0,0
3656,2025-04,14,423,4,0
3656,2025-05,7,208,1,0
3656,2025-06,6,,3,0
3656,2025-07,3,119,2,0
3656,2025-08,8,276,1,0
3656,2025-09,2,84,1,0
3656,2025-10,10,402,4,0
3656,2025-11,8,,3,0
3656,2025-12,5,94,0,0
3657,2025-10,1,20,0,0
3657,2025-11,0,0,0,0
3657,2025-12,1,26,0,1
3658,2024-08,18,564,0,0
3658,2024-09,11,350,0,0
3658,2024-10,7,147,0,0
3658,2024-11,17,366,0,0
3658,2024-12,15,421,0,0
3658,2025-01,9,325,0,0
3658,2025-02,12,483,0,0
3658,2025-03,11,435,0,0
3658,2025-04,16,555,0,0
3658,2025-05,9,263,0,0
3658,2025-06,13,451,0,0
3658,2025-07,10,375,0,0
3658,2025-08,8,329,0,0
3658,2025-09,12,377,0,0
3658,2025-10,9,187,0,0
3658,2025-11,14,285,0,0
3658,2025-12,11,225,0,0
3659,2024-11,0,0,0,0
3660,2024-12,6,137,3,1
3660,2025-01,5,121,3,0
3660,2025-02,5,172,1,1
3660,2025-03,3,67,2,1
3660,2025-04,2,52,0,0
3660,2025-05,6,112,0,0
3660,2025-06,4,83,0,0
3660,2025-07,1,35,1,0
3660,2025-08,3,101,0,1
3660,2025-09,1,35,0,0
3660,2025-10,4,153,1,1
3660,2025-11,2,50,0,1
3661,2025-05,12,420,2,0
3661,2025-06,14,266,5,0
3661,2025-07,9,230,4,0
3661,2025-08,13,363,1,0
3661,2025-09,14,407,3,0
3661,2025-10,12,410,1,0
1505,2025-12,2,80,1,0
3661,2025-11,10,398,1,0
3661,2025-12,11,298,6,0
3662,2025-08,1,37,1,0
3662,2025-09,3,105,1,0
3662,2025-10,3,74,0,0
3662,2025-11,4,114,2,1
3662,2025-12,3,58,1,0
3663,2024-08,6,172,0,0
3663,2024-09,4,144,0,0
3663,2024-10,1,25,0,0
3663,2024-11,4,127,0,0
3663,2024-12,5,145,0,0
3663,2025-01,5,129,0,0
3663,2025-02,3,117,0,0
3663,2025-03,1,26,0,1
3663,2025-04,0,0,0,0
3663,2025-05,0,0,0,0
3663,2025-06,1,32,0,0
3663,2025-07,0,0,0,0
3663,2025-08,2,44,0,1
3663,2025-09,2,58,0,0
3663,2025-10,3,65,0,0
3663,2025-11,0,0,0,0
3663,2025-12,0,0,0,0
3664,2025-04,2,62,0,1
3664,2025-05,1,37,0,0
3664,2025-06,4,132,0,0
3664,2025-07,3,98,0,0
3664,2025-08,2,47,0,0
3664,2025-09,2,43,0,0
3664,2025-10,2,52,0,0
3664,2025-11,2,44,0,0
3664,2025-12,2,52,0,0
3665,2025-02,2,71,2,0
3665,2025-03,3,119,1,0
3665,2025-04,2,37,1,0
3665,2025-05,3,75,1,0
3665,2025-06,1,41,0,0
3665,2025-07,4,150,0,0
3665,2025-08,0,0,0,0
3665,2025-09,2,80,0,0
3665,2025-10,3,78,2,0
3665,2025-11,4,156,1,0
3665,2025-12,2,76,1,0
3666,2025-06,7,197,2,0
3666,2025-07,9,227,1,0
3666,2025-08,12,307,4,0
3666,2025-09,10,333,3,0
3666,2025-10,4,87,1,0
3666,2025-11,7,288,5,0
3666,2025-12,2,71,1,0
3667,2025-10,5,122,0,0
3667,2025-11,6,178,1,0
3667,2025-12,4,97,0,0
3668,2024-09,13,539,0,0
3668,2024-10,11,353,0,0
3668,2024-11,20,711,0,0
3668,2024-12,16,324,0,0
3668,2025-01,17,383,0,0
3668,2025-02,5,113,0,0
3668,2025-03,14,412,0,0
3668,2025-04,15,283,0,0
3668,2025-05,5,196,0,0
3668,2025-06,9,237,0,0
3668,2025-07,11,215,0,0
3668,2025-08,8,,0,0
3668,2025-09,13,427,0,0
3668,2025-10,9,221,0,0
3668,2025-11,11,407,0,0
3668,2025-12,13,468,0,0
3669,2025-10,10,344,0,0
3669,2025-11,4,131,0,0
3669,2025-12,8,248,0,1
3703,2025-12,10,375,0,0
3670,2025-05,3,117,0,0
3670,2025-06,4,108,0,0
3670,2025-07,3,81,0,0
3670,2025-08,4,152,0,0
3670,2025-09,1,24,0,0
3670,2025-10,1,36,0,0
3670,2025-11,3,66,0,1
3670,2025-12,0,0,0,0
3671,2025-07,4,94,0,0
3671,2025-08,4,157,0,0
3671,2025-09,4,163,0,0
3671,2025-10,4,147,0,0
3671,2025-11,1,35,0,0
3671,2025-12,4,79,0,0
3672,2024-10,2,40,0,0
3672,2024-11,8,173,0,0
3672,2024-12,3,92,0,0
3672,2025-01,5,116,0,0
3672,2025-02,6,147,1,0
3672,2025-03,6,158,0,0
3672,2025-04,6,226,1,0
3672,2025-05,3,104,0,0
3672,2025-06,5,189,2,0
3672,2025-07,5,106,2,0
3672,2025-08,2,83,0,0
3672,2025-09,3,92,3,0
3673,2024-07,1,27,2,0
3673,2024-08,5,150,4,0
3673,2024-09,4,93,0,1
3673,2024-10,11,371,6,0
3673,2024-11,5,119,3,0
3673,2024-12,9,168,2,0
3673,2025-01,5,197,6,0
3673,2025-02,8,184,4,0
3673,2025-03,4,131,2,0
3674,2024-09,17,521,0,0
3674,2024-10,15,383,0,0
3674,2024-11,22,461,0,0
3674,2024-12,22,528,0,0
3674,2025-01,23,883,0,0
3674,2025-02,23,,0,0
3674,2025-03,20,505,0,0
3674,2025-04,22,623,0,0
3674,2025-05,24,515,0,0
3674,2025-06,17,404,0,0
3674,2025-07,19,392,0,0
3674,2025-08,15,586,0,0
3674,2025-09,15,612,0,0
3674,2025-10,14,351,0,0
3674,2025-11,14,269,0,0
3674,2025-12,13,400,0,0
3675,2025-04,5,196,2,1
1229,2025-01,6,153,3,0
3675,2025-05,3,78,0,0
3675,2025-06,6,129,4,0
3675,2025-07,0,0,0,0
3675,2025-08,3,93,1,0
3675,2025-09,1,31,1,0
3675,2025-10,0,0,0,0
3675,2025-11,0,0,0,0
3675,2025-12,1,24,2,1
3676,2024-12,2,72,0,0
3676,2025-01,4,86,0,0
3676,2025-02,4,151,0,0
3676,2025-03,1,38,0,0
3676,2025-04,2,58,0,0
3676,2025-05,2,42,0,0
3676,2025-06,7,160,0,0
3676,2025-07,6,247,0,0
3676,2025-08,5,197,0,0
3676,2025-09,4,119,0,0
3676,2025-10,2,69,0,0
3676,2025-11,5,187,0,0
3677,2025-08,16,602,4,0
3677,2025-09,16,572,2,1
3677,2025-10,7,179,1,1
3677,2025-11,7,277,3,0
3677,2025-12,17,405,5,0
3678,2025-01,4,146,0,0
3678,2025-02,5,115,0,0
3678,2025-03,7,144,0,0
3678,2025-04,7,170,0,0
3678,2025-05,7,240,0,0
3678,2025-06,6,191,0,0
3678,2025-07,4,131,0,1
3678,2025-08,14,257,0,0
3678,2025-09,5,195,0,0
3678,2025-10,3,70,0,0
3678,2025-11,6,220,0,1
3678,2025-12,3,58,0,1
3679,2024-11,5,161,0,0
3679,2024-12,6,196,0,0
3679,2025-01,10,347,0,0
3679,2025-02,4,141,0,0
3679,2025-03,6,222,0,0
3679,2025-04,4,129,0,0
3679,2025-05,1,30,0,0
3679,2025-06,4,94,0,0
3679,2025-07,5,103,0,0
3679,2025-08,3,101,0,0
3679,2025-09,4,166,0,0
3679,2025-10,6,144,0,0
1804,2025-05,3,115,0,0
3679,2025-11,3,114,0,0
3679,2025-12,0,0,0,0
3680,2024-09,3,123,0,0
3680,2024-10,4,79,0,0
3681,2025-04,1,28,1,0
3681,2025-05,3,126,0,0
3681,2025-06,3,110,1,0
3681,2025-07,1,30,0,0
3681,2025-08,5,150,2,0
3681,2025-09,3,79,1,0
3681,2025-10,1,25,1,0
3681,2025-11,3,,1,0
3681,2025-12,2,39,1,0
3682,2024-08,2,48,0,0
3682,2024-09,2,46,0,0
3683,2025-07,8,283,0,0
3683,2025-08,10,266,0,0
3683,2025-09,8,271,0,0
3683,2025-10,13,238,0,1
3683,2025-11,10,275,0,0
3683,2025-12,7,239,0,0
4062,2025-06,3,124,0,0
3684,2024-10,6,225,0,0
3684,2024-11,1,25,0,0
3684,2024-12,0,0,0,0
3684,2025-01,2,50,0,0
3684,2025-02,3,93,0,0
3684,2025-03,0,0,0,0
3684,2025-04,1,31,0,0
3684,2025-05,2,77,0,0
3684,2025-06,2,73,0,1
3684,2025-07,0,0,0,1
3684,2025-08,0,0,0,0
3684,2025-09,1,36,0,0
3685,2024-12,3,79,0,0
3685,2025-01,0,0,0,0
3685,2025-02,1,33,0,1
3685,2025-03,4,166,0,1
3685,2025-04,2,48,1,1
3685,2025-05,0,0,0,0
3685,2025-06,1,24,0,0
3685,2025-07,3,,0,1
3685,2025-08,1,25,0,0
3685,2025-09,0,0,0,0
3685,2025-10,3,78,1,0
3685,2025-11,2,73,0,1
3686,2025-06,0,0,0,0
3687,2024-10,3,98,1,0
3687,2024-11,0,0,0,0
3687,2024-12,1,26,0,0
3687,2025-01,1,38,0,0
3688,2025-02,2,79,0,0
3688,2025-03,3,74,1,0
3688,2025-04,3,105,0,0
3688,2025-05,8,227,2,0
3688,2025-06,9,250,3,0
3688,2025-07,2,68,1,0
3688,2025-08,4,77,1,0
3688,2025-09,3,85,0,0
3688,2025-10,4,131,1,0
3688,2025-11,5,204,0,0
3688,2025-12,7,192,0,0
3689,2025-04,0,0,0,0
3690,2025-09,11,270,3,0
3690,2025-10,9,234,3,0
3690,2025-11,15,460,6,0
3690,2025-12,7,161,2,0
3691,2025-01,6,164,0,1
3691,2025-02,7,285,0,0
3691,2025-03,9,199,0,0
3691,2025-04,6,212,0,0
3691,2025-05,7,216,0,0
3691,2025-06,7,154,0,0
3691,2025-07,5,192,0,1
3691,2025-08,5,178,0,1
3129,2025-09,6,151,1,0
3691,2025-09,8,202,0,0
3691,2025-10,6,224,0,1
3692,2025-10,1,35,0,1
3692,2025-11,0,0,0,0
3692,2025-12,1,20,0,0
3693,2025-02,2,74,0,0
3693,2025-03,3,109,0,0
3693,2025-04,5,141,0,0
3693,2025-05,4,86,0,0
3693,2025-06,5,187,0,0
3693,2025-07,5,208,0,0
3693,2025-08,4,160,0,0
3693,2025-09,1,27,0,0
3693,2025-10,5,159,0,0
3693,2025-11,6,177,0,1
3694,2025-03,2,58,2,1
3694,2025-04,10,254,2,0
3694,2025-05,9,200,3,1
3694,2025-06,6,197,2,2
3694,2025-07,5,101,2,1
3694,2025-08,5,177,2,0
3694,2025-09,12,308,4,2
3694,2025-10,8,203,3,0
3694,2025-11,10,249,3,0
3694,2025-12,10,278,3,0
3695,2024-12,1,38,1,0
3695,2025-01,4,157,1,0
3695,2025-02,0,0,0,0
3695,2025-03,0,0,0,0
3695,2025-04,3,90,4,0
3695,2025-05,0,0,0,0
3695,2025-06,1,23,0,0
3695,2025-07,1,33,0,0
3695,2025-08,1,33,0,0
3695,2025-09,1,22,0,0
3695,2025-10,1,21,1,0
3695,2025-11,1,29,0,1
3696,2025-08,4,133,1,1
3696,2025-09,4,149,1,0
3696,2025-10,3,104,0,0
3696,2025-11,1,20,0,0
3696,2025-12,0,0,0,0
3697,2025-07,5,110,0,0
3697,2025-08,3,74,0,1
3697,2025-09,0,0,0,0
3697,2025-10,3,81,0,0
3697,2025-11,1,24,0,0
3698,2025-03,6,206,2,0
3698,2025-04,9,340,4,0
3698,2025-05,5,210,2,0
3698,2025-06,10,395,3,0
3698,2025-07,8,176,5,1
3698,2025-08,6,194,2,0
3698,2025-09,3,85,3,0
3698,2025-10,4,138,0,0
3698,2025-11,8,198,0,0
3698,2025-12,5,128,3,0
3699,2024-11,9,213,6,0
3699,2024-12,5,100,3,0
3699,2025-01,15,544,6,0
3699,2025-02,13,312,10,0
3699,2025-03,6,190,5,0
3699,2025-04,6,143,2,0
3699,2025-05,6,214,0,0
3699,2025-06,7,131,2,0
3699,2025-07,9,251,6,0
3699,2025-08,9,350,6,0
3699,2025-09,12,232,5,0
3699,2025-10,8,285,8,0
3699,2025-11,11,389,7,0
3699,2025-12,15,564,7,0
3700,2025-02,3,62,0,1
3700,2025-03,5,112,1,0
3700,2025-04,4,97,4,0
3700,2025-05,0,0,0,0
3700,2025-06,5,103,0,1
3700,2025-07,2,71,0,0
3700,2025-08,6,165,5,0
3700,2025-09,4,156,3,0
3700,2025-10,6,196,3,2
3700,2025-11,3,109,1,1
3700,2025-12,6,235,2,1
3701,2025-05,3,78,0,0
3701,2025-06,1,,0,0
3702,2025-01,5,167,0,0
3702,2025-02,4,103,0,0
3702,2025-03,2,55,0,0
3702,2025-04,3,90,0,0
3702,2025-05,4,135,0,0
3702,2025-06,1,33,0,1
3703,2025-09,7,206,0,0
3703,2025-10,7,128,0,0
3703,2025-11,5,185,0,0
3703,2025-12,10,375,0,0
3704,2025-03,1,26,0,0
3704,2025-04,3,107,0,0
3704,2025-05,3,108,0,1
3705,2024-11,5,156,0,0
3705,2024-12,1,37,0,0
3705,2025-01,4,86,0,0
3705,2025-02,1,36,0,1
3705,2025-03,2,45,0,2
3705,2025-04,0,0,0,0
3705,2025-05,2,49,0,1
3705,2025-06,0,0,0,0
3705,2025-07,3,71,0,2
3705,2025-08,1,39,0,0
3705,2025-09,0,0,0,0
3705,2025-10,0,0,0,0
3705,2025-11,1,42,0,0
3705,2025-12,1,42,0,0
3706,2025-08,1,22,0,0
3707,2025-09,16,574,0,0
3707,2025-10,7,287,0,0
3707,2025-11,7,197,0,0
3707,2025-12,14,296,0,0
3708,2025-06,4,77,0,0
3708,2025-07,2,69,0,1
1643,2025-09,3,110,1,0
3708,2025-08,4,121,0,0
3708,2025-09,6,197,0,0
3708,2025-10,8,289,0,0
3708,2025-11,3,94,0,0
3708,2025-12,3,124,0,1
3709,2024-12,3,76,1,0
3709,2025-01,0,0,0,0
3709,2025-02,5,107,3,0
3709,2025-03,1,19,0,0
3709,2025-04,1,38,1,0
3709,2025-05,2,57,2,0
3709,2025-06,1,24,0,0
3709,2025-07,2,47,1,0
3709,2025-08,1,19,0,1
3709,2025-09,2,52,0,0
3709,2025-10,1,41,0,0
3709,2025-11,0,0,0,1
3710,2025-01,3,79,0,0
3710,2025-02,6,240,0,0
3710,2025-03,4,80,1,1
3710,2025-04,5,141,3,0
3710,2025-05,3,84,2,0
3710,2025-06,3,95,2,0
3710,2025-07,9,212,6,0
3710,2025-08,3,107,3,0
3710,2025-09,2,53,0,0
3710,2025-10,7,249,5,0
3710,2025-11,3,81,4,1
3710,2025-12,4,88,0,1
3711,2025-09,5,102,0,0
3711,2025-10,3,90,0,0
3711,2025-11,3,115,0,0
3711,2025-12,0,0,0,0
3712,2024-12,2,64,1,0
3712,2025-01,2,53,1,0
3712,2025-02,2,56,1,0
3712,2025-03,7,139,0,0
3712,2025-04,3,94,0,0
3712,2025-05,1,33,0,0
3712,2025-06,4,137,0,0
3712,2025-07,4,83,1,1
3712,2025-08,6,169,1,1
3712,2025-09,6,225,1,0
3712,2025-10,3,86,2,0
3712,2025-11,2,59,0,0
3712,2025-12,3,78,0,0
3713,2025-02,2,82,0,0
3713,2025-03,0,0,0,0
3713,2025-04,1,41,0,0
3714,2025-07,5,112,2,0
3714,2025-08,3,119,2,0
3714,2025-09,2,51,2,0
3715,2025-06,1,42,0,0
3716,2025-05,4,110,1,0
3716,2025-06,7,175,0,1
3716,2025-07,2,82,0,1
3716,2025-08,5,152,1,0
3716,2025-09,4,139,0,1
3716,2025-10,5,94,0,0
3716,2025-11,3,93,1,0
3716,2025-12,5,110,1,1
3717,2025-01,2,70,0,0
3717,2025-02,4,126,0,1
3717,2025-03,5,184,0,1
3717,2025-04,7,168,4,0
3717,2025-05,10,343,6,0
3717,2025-06,4,73,0,0
3717,2025-07,6,228,3,0
3717,2025-08,6,175,2,0
3717,2025-09,8,277,2,0
3717,2025-10,2,80,0,0
3717,2025-11,4,144,1,0
3717,2025-12,3,57,1,0
3718,2025-10,2,65,0,0
3718,2025-11,1,21,0,0
3718,2025-12,3,118,0,0
3719,2025-04,1,41,0,0
3720,2024-11,4,91,0,0
3720,2024-12,5,148,0,0
3720,2025-01,3,121,0,0
3720,2025-02,4,109,0,0
3720,2025-03,8,231,0,0
3720,2025-04,5,200,0,0
3720,2025-05,9,344,0,1
3721,2025-09,1,35,0,0
3721,2025-10,4,157,0,0
3721,2025-11,1,32,0,0
3722,2025-01,2,66,0,0
3722,2025-02,5,126,0,0
3722,2025-03,6,109,1,0
3722,2025-04,2,42,1,0
3722,2025-05,7,140,3,0
3722,2025-06,8,202,3,0
3722,2025-07,5,140,2,0
3722,2025-08,5,204,1,0
3722,2025-09,8,251,1,0
3722,2025-10,7,221,2,0
3722,2025-11,3,64,1,0
3722,2025-12,2,70,0,0
3723,2025-02,3,66,0,1
3723,2025-03,7,180,0,0
3723,2025-04,6,116,0,0
3723,2025-05,6,149,0,0
3723,2025-06,7,237,0,0
3723,2025-07,8,307,0,0
3723,2025-08,6,171,0,0
3723,2025-09,8,222,0,0
3723,2025-10,2,54,0,0
3723,2025-11,7,247,0,0
3723,2025-12,10,276,0,0
3724,2024-11,5,197,1,0
3724,2024-12,7,154,0,0
3724,2025-01,9,367,3,0
3724,2025-02,2,52,1,0
3724,2025-03,8,283,4,0
3724,2025-04,3,107,1,0
3724,2025-05,8,248,3,0
3724,2025-06,5,112,1,0
3724,2025-07,1,37,1,0
3724,2025-08,4,156,2,0
3724,2025-09,6,215,1,0
3724,2025-10,2,67,0,0
3725,2025-04,3,68,1,0
3725,2025-05,3,76,0,0
3725,2025-06,5,126,1,0
3725,2025-07,4,96,0,0
3725,2025-08,5,183,2,0
3725,2025-09,7,178,4,0
3725,2025-10,4,93,0,1
3725,2025-11,4,148,2,1
3725,2025-12,5,121,3,0
3726,2025-05,8,306,0,0
3726,2025-06,11,329,0,0
3726,2025-07,10,375,0,0
3726,2025-08,7,146,0,0
3726,2025-09,12,262,0,0
3726,2025-10,1,37,0,0
3726,2025-11,7,254,0,1
3726,2025-12,8,319,0,0
3727,2024-12,4,76,0,0
3727,2025-01,2,78,0,0
3727,2025-02,3,54,0,0
3727,2025-03,2,79,0,0
3727,2025-04,5,189,0,0
3727,2025-05,5,111,0,0
3727,2025-06,6,251,0,0
3727,2025-07,3,75,0,0
3727,2025-08,6,224,0,0
3727,2025-09,3,64,0,0
3727,2025-10,2,37,0,0
3727,2025-11,2,76,0,0
3727,2025-12,2,66,0,0
3728,2024-12,1,29,0,0
3728,2025-01,1,19,0,0
3728,2025-02,1,32,0,0
3728,2025-03,2,45,0,0
3728,2025-04,5,172,0,0
3728,2025-05,2,38,0,0
3728,2025-06,2,50,0,0
3728,2025-07,3,91,0,1
3728,2025-08,1,34,0,0
3728,2025-09,0,0,0,1
3728,2025-10,2,42,0,1
3728,2025-11,0,0,0,0
3728,2025-12,1,22,0,2
3729,2025-09,4,79,0,1
3729,2025-10,5,194,0,1
3729,2025-11,6,239,0,0
3729,2025-12,2,48,0,1
3730,2024-10,0,0,0,0
3730,2024-11,2,45,0,0
3730,2024-12,2,,0,0
3731,2025-10,7,128,2,0
3731,2025-11,5,160,2,0
3731,2025-12,5,113,3,1
3732,2024-07,9,331,0,0
3732,2024-08,6,232,0,0
3732,2024-09,1,21,0,0
3733,2024-12,7,163,3,0
3733,2025-01,11,396,4,0
3733,2025-02,4,94,3,0
3733,2025-03,11,318,2,0
3733,2025-04,7,217,2,1
3733,2025-05,5,115,3,1
3733,2025-06,6,140,4,2
3733,2025-07,9,295,5,0
3733,2025-08,5,168,1,1
3733,2025-09,7,234,4,1
3733,2025-10,8,182,2,0
3733,2025-11,11,335,5,0
3733,2025-12,4,123,1,0
3734,2025-05,2,,0,0
3734,2025-06,2,40,0,0
3734,2025-07,5,108,0,0
3734,2025-08,0,0,0,0
3734,2025-09,0,0,0,0
3734,2025-10,3,77,0,1
3734,2025-11,1,23,0,0
3734,2025-12,0,0,0,0
3735,2024-07,0,0,0,0
3736,2024-12,5,160,0,0
3736,2025-01,6,171,0,0
3736,2025-02,11,263,0,0
3736,2025-03,5,123,0,0
3736,2025-04,7,197,0,0
3736,2025-05,5,133,0,0
3736,2025-06,6,208,0,0
3736,2025-07,9,229,0,0
3736,2025-08,10,211,0,0
3736,2025-09,6,178,0,0
3736,2025-10,3,105,0,0
3736,2025-11,5,107,0,0
3737,2025-10,6,244,0,0
3737,2025-11,4,143,0,0
3737,2025-12,1,35,0,0
3738,2024-11,3,65,2,0
3738,2024-12,2,44,0,0
3738,2025-01,0,0,0,0
3738,2025-02,0,0,0,0
3738,2025-03,0,0,0,0
3738,2025-04,2,71,0,0
3738,2025-05,1,28,0,0
3738,2025-06,0,0,0,1
3738,2025-07,0,0,0,0
3738,2025-08,0,0,0,1
3738,2025-09,0,0,0,0
3739,2025-03,6,204,0,0
3739,2025-04,2,75,0,0
3739,2025-05,3,126,1,0
3739,2025-06,2,79,0,2
3739,2025-07,6,192,1,0
3739,2025-08,2,56,0,1
3739,2025-09,5,145,0,0
3739,2025-10,2,58,1,0
3739,2025-11,2,68,0,1
3739,2025-12,3,100,0,0
3740,2025-03,4,123,3,0
3740,2025-04,12,317,4,0
3740,2025-05,1,34,0,0
3740,2025-06,7,284,2,0
3740,2025-07,0,0,0,0
3740,2025-08,5,111,0,0
3740,2025-09,6,166,1,0
3740,2025-10,4,121,0,0
3740,2025-11,9,227,0,0
3740,2025-12,4,101,1,0
3741,2024-09,1,33,0,0
3741,2024-10,4,79,0,0
655,2025-10,5,119,2,0
3741,2024-11,0,0,0,0
3741,2024-12,3,81,0,0
3741,2025-01,1,26,0,0
3741,2025-02,3,110,0,0
3741,2025-03,2,57,0,0
3741,2025-04,1,29,0,0
3741,2025-05,2,57,0,0
3741,2025-06,1,41,0,0
3741,2025-07,1,39,0,0
3741,2025-08,0,0,0,1
3741,2025-09,2,38,0,0
3741,2025-10,1,19,0,0
3741,2025-11,2,67,0,0
3741,2025-12,0,0,0,0
3742,2025-04,7,137,0,0
3742,2025-05,9,179,0,0
3742,2025-06,9,176,0,0
3742,2025-07,11,391,0,0
3742,2025-08,8,234,0,0
3742,2025-09,10,303,0,0
3742,2025-10,12,359,0,0
3742,2025-11,8,330,0,0
3742,2025-12,8,249,0,0
3743,2025-05,0,0,0,0
3743,2025-06,3,103,0,0
3743,2025-07,2,48,0,0
3743,2025-08,0,0,0,0
3743,2025-09,0,0,0,1
3744,2025-03,2,77,0,0
3744,2025-04,4,118,0,0
3744,2025-05,6,227,0,0
3744,2025-06,4,73,0,0
3744,2025-07,3,62,0,0
3744,2025-08,1,25,0,0
3744,2025-09,2,59,0,0
3744,2025-10,3,100,0,0
3744,2025-11,1,22,0,0
3744,2025-12,0,,0,0
3745,2025-03,6,239,0,0
3745,2025-04,6,214,0,0
3745,2025-05,6,217,0,0
3745,2025-06,5,113,0,0
3745,2025-07,8,324,0,0
3746,2024-10,4,74,1,0
3746,2024-11,4,148,0,0
3746,2024-12,4,153,2,0
3746,2025-01,2,80,0,0
3746,2025-02,3,89,0,0
3746,2025-03,1,22,0,0
3746,2025-04,2,79,1,0
3746,2025-05,0,0,0,0
3746,2025-06,5,112,1,0
3746,2025-07,0,0,0,0
3746,2025-08,2,81,2,0
3746,2025-09,0,0,0,1
3747,2024-11,2,77,0,0
3747,2024-12,1,36,0,0
3747,2025-01,1,25,0,0
3747,2025-02,2,48,1,0
3747,2025-03,8,284,2,0
3747,2025-04,5,109,1,0
3747,2025-05,6,120,1,0
3747,2025-06,2,79,0,0
3747,2025-07,8,266,2,0
3747,2025-08,5,123,1,0
3747,2025-09,7,206,2,0
3747,2025-10,2,81,1,0
3747,2025-11,3,76,2,0
3747,2025-12,3,90,0,0
3748,2025-01,0,0,0,1
3748,2025-02,7,251,0,2
3748,2025-03,3,76,0,0
3749,2024-09,1,22,0,0
3749,2024-10,2,81,1,0
3749,2024-11,2,58,0,0
3749,2024-12,0,0,0,0
3749,2025-01,1,37,0,0
3750,2025-06,2,57,1,0
3750,2025-07,0,0,0,1
3751,2024-12,3,94,0,0
3751,2025-01,2,79,0,0
3751,2025-02,0,0,0,0
3752,2025-03,6,116,1,0
3752,2025-04,4,106,3,0
3752,2025-05,10,230,10,0
3752,2025-06,8,234,5,0
3752,2025-07,7,212,2,0
3752,2025-08,10,326,4,0
3752,2025-09,7,250,6,0
3752,2025-10,5,118,2,0
3752,2025-11,5,153,2,0
3752,2025-12,5,115,1,0
3753,2025-07,3,77,0,0
3753,2025-08,3,81,1,0
3753,2025-09,6,206,4,0
3753,2025-10,4,108,0,0
3753,2025-11,1,39,0,0
3753,2025-12,2,41,0,0
3754,2025-09,2,79,0,0
3754,2025-10,2,72,0,0
3754,2025-11,5,111,0,0
3754,2025-12,3,100,0,0
3755,2025-10,4,95,3,0
3755,2025-11,6,135,1,0
3755,2025-12,3,79,3,0
3756,2025-02,1,31,0,0
3756,2025-03,4,88,2,0
3756,2025-04,2,43,0,0
3756,2025-05,3,121,1,0
3756,2025-06,0,0,0,0
3756,2025-07,1,19,1,0
3756,2025-08,0,0,0,0
3757,2025-01,5,100,1,0
3757,2025-02,7,199,2,0
3757,2025-03,3,111,1,0
3757,2025-04,6,196,2,0
3757,2025-05,5,208,2,0
3758,2025-04,1,26,0,0
3758,2025-05,1,30,0,0
3758,2025-06,1,32,0,0
3758,2025-07,1,25,0,0
3758,2025-08,0,0,0,0
3758,2025-09,2,46,0,0
3758,2025-10,1,26,0,0
3758,2025-11,3,98,0,0
3758,2025-12,0,0,0,0
3759,2024-12,13,361,0,0
3759,2025-01,23,428,0,0
3759,2025-02,16,560,0,0
3759,2025-03,9,263,0,0
3759,2025-04,13,407,0,0
3759,2025-05,13,503,0,0
3759,2025-06,14,536,0,1
3759,2025-07,21,849,0,0
3759,2025-08,7,208,0,0
3759,2025-09,8,172,0,1
3759,2025-10,5,179,0,0
3759,2025-11,13,393,0,1
3759,2025-12,17,418,0,0
3760,2025-07,0,0,0,1
3761,2024-07,7,178,0,0
3761,2024-08,7,176,0,0
3761,2024-09,14,488,0,1
3761,2024-10,8,271,0,1
3761,2024-11,8,242,0,1
3761,2024-12,14,307,0,0
3761,2025-01,10,407,0,0
3761,2025-02,5,199,0,0
3761,2025-03,5,166,0,0
3761,2025-04,10,410,0,0
3761,2025-05,6,145,0,0
3761,2025-06,9,186,0,3
3761,2025-07,7,230,0,0
3761,2025-08,6,224,0,0
3761,2025-09,9,252,0,0
3761,2025-10,7,140,0,0
3761,2025-11,13,411,0,0
3761,2025-12,5,137,0,0
3762,2025-01,4,125,2,0
3762,2025-02,7,246,0,0
3762,2025-03,4,125,0,0
3762,2025-04,3,120,1,0
3762,2025-05,2,82,0,0
3762,2025-06,5,145,1,0
3762,2025-07,2,65,0,0
3762,2025-08,3,95,0,0
3762,2025-09,5,200,2,1
3762,2025-10,4,121,0,2
3762,2025-11,3,116,1,1
3762,2025-12,0,0,0,0
3763,2025-10,5,145,1,0
3763,2025-11,7,216,4,1
3763,2025-12,4,92,1,0
3764,2025-10,1,22,0,0
3764,2025-11,5,199,0,0
3764,2025-12,2,,0,0
3765,2024-08,4,125,3,0
3765,2024-09,4,128,2,0
3765,2024-10,0,0,0,0
3765,2024-11,4,142,1,0
3765,2024-12,2,44,2,0
3766,2025-03,3,104,0,1
3766,2025-04,2,76,0,0
3766,2025-05,3,101,0,0
3766,2025-06,4,157,0,0
3766,2025-07,3,108,0,0
3766,2025-08,3,101,0,0
3766,2025-09,2,44,0,0
3766,2025-10,1,30,0,0
3766,2025-11,0,0,0,0
3767,2025-03,1,32,0,0
3767,2025-04,0,0,0,0
3767,2025-05,3,64,0,2
3767,2025-06,1,38,0,0
3767,2025-07,1,,0,0
3767,2025-08,2,40,0,0
3767,2025-09,3,112,0,0
3767,2025-10,1,20,0,0
3767,2025-11,2,79,0,0
3768,2025-10,1,34,0,0
3768,2025-11,2,44,0,0
3768,2025-12,2,61,0,0
3769,2025-10,6,146,3,0
3769,2025-11,4,,2,0
3769,2025-12,1,39,0,0
3770,2025-09,2,65,1,0
3770,2025-10,0,0,0,0
3770,2025-11,3,57,0,0
3770,2025-12,1,38,0,0
3771,2025-06,1,26,0,0
3771,2025-07,1,31,0,0
3771,2025-08,3,83,0,1
3772,2025-08,12,276,5,0
3772,2025-09,2,50,0,0
3772,2025-10,8,162,0,0
3772,2025-11,5,177,4,0
3772,2025-12,6,223,0,1
3773,2025-06,2,37,0,0
3773,2025-07,6,136,0,0
3773,2025-08,1,29,0,0
3773,2025-09,4,146,0,1
3773,2025-10,2,51,0,0
3773,2025-11,2,69,0,1
3774,2025-04,5,188,1,0
3774,2025-05,5,184,2,0
3775,2025-02,0,0,0,0
3775,2025-03,1,19,0,0
3775,2025-04,2,76,0,0
3775,2025-05,2,59,0,0
3775,2025-06,1,37,0,0
3775,2025-07,1,27,0,0
3775,2025-08,2,60,0,0
3775,2025-09,1,26,0,0
3775,2025-10,2,62,0,0
3775,2025-11,1,38,0,0
3775,2025-12,1,37,0,0
3776,2025-09,2,63,0,0
3777,2024-09,5,178,0,0
3777,2024-10,6,129,0,0
3777,2024-11,4,108,0,0
3777,2024-12,7,210,0,0
3777,2025-01,4,105,0,0
3777,2025-02,7,265,0,0
3777,2025-03,8,189,0,0
3777,2025-04,5,101,0,0
3777,2025-05,5,125,0,0
3777,2025-06,5,166,0,0
3777,2025-07,6,126,0,1
3777,2025-08,3,109,0,0
3777,2025-09,2,44,0,0
3777,2025-10,6,158,0,0
3777,2025-11,7,158,0,0
3777,2025-12,8,229,0,0
3778,2025-07,2,77,1,0
3778,2025-08,2,63,0,0
3778,2025-09,2,62,0,0
3778,2025-10,1,42,0,0
3778,2025-11,2,41,0,0
3778,2025-12,2,71,0,0
3779,2025-02,8,261,0,0
3779,2025-03,7,238,0,0
3779,2025-04,9,309,0,0
3779,2025-05,7,218,0,0
3779,2025-06,10,229,0,0
3779,2025-07,8,296,0,0
3779,2025-08,10,408,0,0
3779,2025-09,10,363,0,0
3779,2025-10,7,245,0,0
3779,2025-11,6,250,0,0
3779,2025-12,4,103,0,0
3780,2025-10,3,84,0,0
3780,2025-11,6,229,0,0
3780,2025-12,1,36,0,0
3781,2024-11,0,0,0,0
3782,2025-05,2,73,0,0
3782,2025-06,5,114,0,1
3783,2025-09,0,0,0,0
3783,2025-10,1,33,0,0
3784,2025-06,2,,0,0
3784,2025-07,3,117,0,0
3784,2025-08,0,0,0,0
3784,2025-09,1,28,0,0
3784,2025-10,2,73,0,0
3784,2025-11,1,33,0,0
3784,2025-12,2,48,0,0
3785,2025-07,4,90,0,0
3785,2025-08,3,92,0,0
3785,2025-09,2,50,0,0
3785,2025-10,3,102,0,0
3785,2025-11,3,113,0,0
3785,2025-12,2,55,0,0
3786,2024-12,4,106,0,0
3786,2025-01,0,0,0,0
3786,2025-02,2,77,0,0
3786,2025-03,0,0,0,0
3786,2025-04,4,108,3,0
3786,2025-05,5,144,5,0
3786,2025-06,2,38,2,1
3786,2025-07,1,22,1,0
3786,2025-08,2,59,1,0
3787,2025-08,5,142,5,0
3788,2025-10,6,236,0,0
3788,2025-11,2,76,0,0
3788,2025-12,6,248,0,0
3789,2025-09,9,266,1,0
3789,2025-10,7,139,1,0
3789,2025-11,15,501,11,0
3789,2025-12,10,300,4,0
3790,2025-05,1,19,0,0
3790,2025-06,0,0,0,0
3790,2025-07,2,68,0,0
3790,2025-08,0,0,0,0
3790,2025-09,1,20,0,0
3790,2025-10,0,0,0,0
3790,2025-11,1,41,0,0
3790,2025-12,0,0,0,0
3791,2024-08,7,150,0,0
3791,2024-09,7,270,0,0
3791,2024-10,6,194,0,0
3791,2024-11,7,198,0,0
3791,2024-12,8,271,0,0
3791,2025-01,4,112,0,0
3791,2025-02,9,280,0,0
3791,2025-03,6,140,0,0
3791,2025-04,6,150,0,0
3791,2025-05,9,365,0,0
3791,2025-06,6,143,0,0
3791,2025-07,4,151,0,0
3791,2025-08,5,183,0,0
3791,2025-09,7,213,0,0
3791,2025-10,7,156,0,0
3791,2025-11,3,126,0,0
3791,2025-12,5,110,0,0
3792,2025-07,1,35,2,0
3792,2025-08,1,30,0,0
3792,2025-09,1,35,0,0
3793,2025-08,5,172,0,0
3793,2025-09,9,377,0,0
3793,2025-10,9,352,0,0
3793,2025-11,7,217,0,0
3793,2025-12,5,147,0,0
3794,2025-05,1,34,0,0
3794,2025-06,3,124,0,0
3794,2025-07,0,0,0,0
3794,2025-08,1,34,1,0
3794,2025-09,0,0,0,0
3794,2025-10,0,0,0,0
3794,2025-11,0,0,0,0
3795,2025-09,0,0,0,0
3795,2025-10,1,22,1,0
3795,2025-11,3,117,2,0
3795,2025-12,1,25,0,0
3796,2025-09,3,56,0,0
3796,2025-10,4,137,0,0
3796,2025-11,7,131,0,0
3796,2025-12,4,144,0,0
3797,2024-08,3,67,0,0
3797,2024-09,5,158,1,0
3797,2024-10,6,,4,0
3797,2024-11,3,71,2,0
3797,2024-12,4,118,1,0
3797,2025-01,2,57,0,0
3797,2025-02,1,34,0,0
3797,2025-03,4,,0,0
3797,2025-04,5,90,2,0
3797,2025-05,4,88,1,0
3797,2025-06,5,189,0,0
3797,2025-07,3,113,0,0
3797,2025-08,5,175,1,0
3797,2025-09,3,85,0,0
3797,2025-10,5,159,2,0
3797,2025-11,5,137,1,0
3798,2024-09,2,83,3,0
3798,2024-10,0,0,0,0
3798,2024-11,3,71,2,1
3798,2024-12,2,57,0,0
3798,2025-01,0,0,0,0
3798,2025-02,2,40,2,0
3798,2025-03,3,93,1,0
3798,2025-04,1,20,0,0
3798,2025-05,2,75,2,0
3798,2025-06,0,0,0,0
3799,2024-07,4,87,0,1
3799,2024-08,1,28,0,0
3799,2024-09,2,40,0,1
3799,2024-10,1,37,1,0
3799,2024-11,2,39,1,0
3799,2024-12,0,0,0,0
3799,2025-01,0,0,0,0
3799,2025-02,4,96,4,0
3799,2025-03,3,68,1,0
3799,2025-04,0,0,0,1
3799,2025-05,0,0,0,0
3799,2025-06,1,21,1,2
3799,2025-07,2,71,1,0
3799,2025-08,0,0,0,0
3799,2025-09,0,0,0,0
3799,2025-10,0,0,0,2
3799,2025-11,0,0,0,1
3799,2025-12,1,29,0,1
3800,2024-11,10,323,5,0
3800,2024-12,11,244,7,0
3800,2025-01,9,371,3,0
3800,2025-02,4,76,0,0
3800,2025-03,7,183,1,0
3800,2025-04,5,163,1,0
3800,2025-05,1,41,0,0
3800,2025-06,9,305,3,0
3800,2025-07,5,165,3,0
3800,2025-08,6,191,3,0
3800,2025-09,7,167,1,0
3800,2025-10,8,281,9,0
3800,2025-11,3,57,1,0
3800,2025-12,8,268,5,0
3801,2025-02,0,0,0,1
3802,2025-09,4,82,2,0
3802,2025-10,7,155,2,0
3802,2025-11,7,167,1,0
3802,2025-12,4,144,1,0
3803,2024-10,4,146,1,0
3803,2024-11,5,112,0,0
3803,2024-12,2,60,0,0
3803,2025-01,3,93,0,0
3803,2025-02,3,72,0,1
3803,2025-03,4,151,1,0
719,2025-07,7,224,0,0
3803,2025-04,5,117,2,0
3803,2025-05,8,238,2,0
3803,2025-06,6,162,3,0
3803,2025-07,3,83,1,0
3803,2025-08,5,202,0,0
3803,2025-09,4,163,0,0
3803,2025-10,3,87,1,0
3803,2025-11,4,136,1,0
3803,2025-12,3,77,0,0
3804,2025-03,2,41,0,0
3804,2025-04,7,243,0,0
3804,2025-05,9,294,0,0
3804,2025-06,7,176,0,1
3804,2025-07,5,119,0,0
3804,2025-08,4,154,0,0
3804,2025-09,4,122,0,0
3804,2025-10,6,157,0,0
3804,2025-11,4,118,0,0
3804,2025-12,6,133,0,0
3805,2024-08,0,0,0,0
3805,2024-09,3,75,0,0
3805,2024-10,1,27,0,0
3805,2024-11,0,0,0,0
3805,2024-12,0,0,0,0
3805,2025-01,4,86,0,0
3805,2025-02,1,21,0,0
3806,2025-03,3,68,0,0
3806,2025-04,3,108,0,0
3806,2025-05,4,140,0,0
3806,2025-06,2,50,0,0
3806,2025-07,1,23,0,0
3806,2025-08,5,109,0,0
3806,2025-09,2,40,0,0
3806,2025-10,1,23,0,0
3806,2025-11,1,39,0,0
3806,2025-12,2,60,0,0
3807,2025-08,2,48,0,1
3808,2025-04,1,29,0,0
3808,2025-05,4,104,0,0
3808,2025-06,1,20,1,1
3809,2025-08,8,273,0,0
3809,2025-09,3,89,0,0
3809,2025-10,4,96,0,0
3809,2025-11,5,156,0,0
3809,2025-12,6,129,0,0
3810,2025-04,1,35,0,0
3811,2024-12,0,0,0,0
3811,2025-01,3,106,0,0
3811,2025-02,4,107,2,1
3811,2025-03,2,57,0,1
3812,2024-07,3,105,1,0
3812,2024-08,4,164,1,1
3812,2024-09,7,170,2,0
3812,2024-10,4,90,2,0
3812,2024-11,6,218,1,0
3812,2024-12,9,222,2,0
3812,2025-01,3,94,1,0
3812,2025-02,5,130,2,0
3812,2025-03,4,129,3,0
3812,2025-04,8,209,2,0
3812,2025-05,7,146,1,0
3812,2025-06,7,196,1,0
3812,2025-07,7,128,1,0
3812,2025-08,7,172,7,0
3812,2025-09,11,392,2,0
3812,2025-10,5,189,1,0
3812,2025-11,6,141,0,0
3812,2025-12,1,21,0,0
3813,2024-09,1,23,0,0
3813,2024-10,2,47,0,0
3813,2024-11,0,0,0,0
3813,2024-12,6,140,0,0
3813,2025-01,0,0,0,0
3813,2025-02,1,39,0,1
3813,2025-03,2,59,0,0
3813,2025-04,1,34,0,0
3813,2025-05,0,0,0,0
3813,2025-06,0,0,0,0
3813,2025-07,1,29,0,0
3813,2025-08,1,21,0,0
3813,2025-09,2,47,0,0
3813,2025-10,0,0,0,0
3813,2025-11,1,36,0,0
3813,2025-12,0,0,0,0
3814,2025-10,2,81,0,0
3814,2025-11,4,120,1,0
3815,2025-09,5,121,0,0
3815,2025-10,1,34,0,0
3815,2025-11,5,197,0,0
3815,2025-12,4,159,0,0
3816,2024-12,1,27,0,0
3816,2025-01,4,165,0,0
3816,2025-02,4,141,0,1
3816,2025-03,4,136,0,0
3816,2025-04,3,85,0,0
3816,2025-05,1,35,0,0
3816,2025-06,3,88,0,0
3816,2025-07,6,221,0,0
3816,2025-08,6,228,0,0
3816,2025-09,3,101,0,0
3816,2025-10,0,0,0,0
3816,2025-11,5,205,0,0
3816,2025-12,3,59,0,0
3817,2025-02,0,0,0,0
3817,2025-03,0,0,0,0
3818,2025-10,4,98,1,0
3818,2025-11,5,150,2,0
3818,2025-12,6,125,0,0
3819,2024-07,6,215,0,0
3819,2024-08,6,185,0,0
3819,2024-09,9,227,0,0
3819,2024-10,4,121,0,0
3819,2024-11,7,153,0,0
3819,2024-12,13,470,0,0
3819,2025-01,5,181,0,0
3819,2025-02,4,119,0,0
3819,2025-03,2,62,0,0
3819,2025-04,7,273,0,0
3819,2025-05,9,367,0,0
3819,2025-06,7,133,0,0
3819,2025-07,4,142,0,0
3819,2025-08,3,67,0,0
3819,2025-09,7,216,0,0
3819,2025-10,10,373,0,0
3819,2025-11,5,196,0,0
3819,2025-12,6,130,0,0
3820,2024-11,7,162,0,0
3820,2024-12,9,230,0,0
3820,2025-01,6,238,0,0
3820,2025-02,10,278,0,0
3820,2025-03,8,321,0,0
3820,2025-04,6,230,0,0
3820,2025-05,7,206,0,0
3820,2025-06,4,145,0,0
3820,2025-07,3,60,0,0
3820,2025-08,2,84,0,0
3820,2025-09,9,170,0,0
3820,2025-10,4,124,0,0
3820,2025-11,4,102,0,0
3820,2025-12,1,41,0,0
3821,2025-10,2,42,3,0
3821,2025-11,5,173,2,0
3821,2025-12,2,37,2,0
3822,2025-09,1,22,0,0
3822,2025-10,1,33,0,0
3822,2025-11,4,139,0,0
3822,2025-12,2,41,3,1
3823,2025-08,2,63,0,0
3823,2025-09,4,94,1,0
3823,2025-10,0,0,0,0
3823,2025-11,5,101,2,1
3823,2025-12,1,24,0,0
3824,2024-09,1,38,0,0
3824,2024-10,1,38,0,0
3824,2024-11,6,,0,0
3824,2024-12,2,49,0,0
3824,2025-01,1,19,0,0
3824,2025-02,1,37,0,0
3824,2025-03,0,0,0,0
3824,2025-04,0,0,0,0
3824,2025-05,2,40,0,1
3824,2025-06,0,0,0,0
3825,2025-07,7,207,4,0
3825,2025-08,24,767,9,0
3825,2025-09,13,519,8,0
3825,2025-10,9,172,7,0
3825,2025-11,17,677,7,0
3825,2025-12,11,285,8,0
3826,2025-10,1,34,0,0
3826,2025-11,4,139,0,0
3826,2025-12,5,203,0,0
3827,2025-03,3,83,0,0
3827,2025-04,4,137,1,0
3827,2025-05,0,0,0,0
3827,2025-06,3,76,0,0
3827,2025-07,1,23,0,0
3827,2025-08,1,40,0,0
3827,2025-09,2,74,2,0
3827,2025-10,2,63,0,0
3827,2025-11,3,64,0,0
3827,2025-12,1,19,0,0
3828,2025-04,3,103,0,0
3828,2025-05,3,78,0,0
3829,2025-09,9,343,0,0
3829,2025-10,14,266,0,1
3829,2025-11,6,236,0,0
3829,2025-12,3,100,0,0
3830,2024-07,2,56,0,0
3831,2025-07,1,20,0,0
3831,2025-08,9,240,0,0
3831,2025-09,3,62,0,0
3831,2025-10,4,134,0,0
3831,2025-11,2,75,0,0
3831,2025-12,0,0,0,0
3832,2025-06,1,22,0,0
3832,2025-07,1,35,0,0
3832,2025-08,0,0,0,0
3833,2025-03,0,0,0,0
3834,2025-02,1,22,2,0
3834,2025-03,1,33,0,0
3834,2025-04,2,75,0,0
3834,2025-05,3,85,1,0
3834,2025-06,1,25,1,0
3835,2025-07,1,39,1,0
3835,2025-08,0,0,0,1
3835,2025-09,1,32,0,0
3835,2025-10,2,41,0,0
3835,2025-11,0,0,0,0
3835,2025-12,3,123,1,0
3836,2025-07,14,528,3,0
3836,2025-08,14,374,5,1
3836,2025-09,14,448,6,0
3836,2025-10,7,189,2,0
3836,2025-11,14,573,2,0
3836,2025-12,13,300,5,0
3837,2025-10,2,75,1,0
3837,2025-11,3,82,2,0
3837,2025-12,1,36,0,0
3838,2025-05,1,22,2,0
3838,2025-06,4,89,0,0
3838,2025-07,4,111,1,0
3838,2025-08,4,167,2,1
3838,2025-09,3,113,0,0
3838,2025-10,4,137,3,0
3838,2025-11,5,164,0,0
3838,2025-12,4,114,0,1
3839,2025-10,11,442,2,0
3839,2025-11,17,537,7,0
3839,2025-12,18,362,10,0
3840,2025-09,4,115,2,0
3840,2025-10,5,149,2,0
3840,2025-11,8,251,2,0
3840,2025-12,2,58,1,0
3841,2025-01,2,57,1,1
3841,2025-02,6,244,2,0
3841,2025-03,2,52,0,0
3841,2025-04,0,0,0,0
3841,2025-05,0,0,0,0
3841,2025-06,4,146,1,0
3841,2025-07,1,32,0,1
3841,2025-08,1,21,0,0
3841,2025-09,3,77,1,0
3841,2025-10,0,0,0,0
3841,2025-11,1,29,0,1
3842,2025-05,0,0,0,0
3843,2024-08,6,175,0,0
3843,2024-09,6,152,1,0
3843,2024-10,6,127,1,0
3843,2024-11,5,204,0,0
3843,2024-12,5,101,5,0
3843,2025-01,7,262,2,0
3843,2025-02,11,406,1,0
3843,2025-03,6,240,0,0
3843,2025-04,11,344,2,0
3843,2025-05,2,44,1,0
3843,2025-06,6,247,1,0
3843,2025-07,10,310,2,0
3843,2025-08,4,160,0,0
3843,2025-09,4,86,1,0
3843,2025-10,7,138,1,0
3843,2025-11,4,158,2,0
3843,2025-12,11,273,3,0
3844,2025-06,7,266,0,0
3844,2025-07,3,111,0,0
3844,2025-08,12,279,0,0
3844,2025-09,7,194,0,0
3844,2025-10,14,301,0,0
3844,2025-11,14,341,0,0
3844,2025-12,7,150,0,0
3845,2025-03,7,142,1,0
3845,2025-04,7,146,3,1
3845,2025-05,4,155,1,0
3845,2025-06,4,114,1,0
3845,2025-07,13,345,6,0
3845,2025-08,4,97,4,1
3845,2025-09,3,92,2,1
3845,2025-10,3,74,1,1
3845,2025-11,4,129,1,1
3845,2025-12,3,64,2,0
3846,2025-05,3,95,0,0
3846,2025-06,1,39,0,0
3846,2025-07,4,103,0,0
3846,2025-08,2,56,0,0
3846,2025-09,3,77,0,0
3846,2025-10,2,55,0,0
3846,2025-11,1,32,0,0
3846,2025-12,0,0,0,0
3847,2025-01,5,146,0,0
3847,2025-02,3,77,2,0
3847,2025-03,5,186,1,0
3847,2025-04,4,82,1,0
3847,2025-05,1,41,0,0
3847,2025-06,4,160,0,0
3847,2025-07,3,68,0,0
3847,2025-08,7,270,3,0
3847,2025-09,6,209,0,0
3847,2025-10,2,64,0,0
3847,2025-11,3,113,0,0
3847,2025-12,2,54,1,1
3848,2025-09,4,94,1,0
3848,2025-10,9,305,2,0
3848,2025-11,9,374,0,0
3848,2025-12,2,59,0,0
3849,2025-09,2,72,0,0
3849,2025-10,1,22,0,0
3849,2025-11,4,142,0,0
3849,2025-12,0,0,0,0
3850,2025-06,2,47,1,0
3850,2025-07,2,63,1,0
3850,2025-08,0,0,0,0
3851,2025-03,8,292,0,0
3851,2025-04,7,181,5,1
3851,2025-05,7,183,2,0
3851,2025-06,5,151,1,0
3851,2025-07,7,135,2,2
3851,2025-08,5,143,3,0
3851,2025-09,3,73,1,0
3851,2025-10,4,108,1,0
3851,2025-11,1,23,0,0
3851,2025-12,4,150,1,1
3852,2025-07,0,0,0,0
3852,2025-08,1,35,0,0
3853,2024-08,9,370,0,0
3853,2024-09,7,217,0,0
3854,2025-04,7,248,3,0
3854,2025-05,7,248,2,1
3854,2025-06,3,70,1,0
3854,2025-07,3,70,2,0
3854,2025-08,6,249,4,0
3854,2025-09,6,239,5,0
3854,2025-10,6,163,4,0
3854,2025-11,8,220,5,0
3854,2025-12,1,35,1,0
3855,2025-07,3,97,0,0
3855,2025-08,3,59,0,0
3855,2025-09,4,134,0,1
3855,2025-10,4,143,0,2
3855,2025-11,4,92,0,0
3855,2025-12,3,85,0,0
3856,2024-11,8,158,0,0
3856,2024-12,11,420,0,0
3856,2025-01,11,398,0,0
3856,2025-02,10,400,0,0
3856,2025-03,11,352,0,0
3856,2025-04,8,180,0,1
3857,2025-08,3,87,0,1
3857,2025-09,1,19,0,1
3857,2025-10,5,135,0,0
3857,2025-11,1,24,0,0
3857,2025-12,1,33,0,0
3858,2024-07,3,96,1,0
3858,2024-08,4,147,1,0
3858,2024-09,2,58,1,0
3858,2024-10,3,114,0,0
3858,2024-11,4,126,0,1
3858,2024-12,2,49,0,0
3858,2025-01,1,31,0,0
3858,2025-02,1,25,0,0
3858,2025-03,1,29,0,0
3829,2025-10,14,266,0,1
3858,2025-04,3,90,1,0
3858,2025-05,1,27,0,0
3858,2025-06,2,62,1,0
3859,2025-10,7,268,0,0
3859,2025-11,7,231,0,0
3859,2025-12,5,118,0,1
3860,2025-02,0,0,0,0
3861,2025-06,3,81,1,0
3861,2025-07,2,,1,0
3861,2025-08,2,63,0,0
3861,2025-09,5,139,2,0
3861,2025-10,0,0,0,0
3862,2025-09,4,98,0,0
3862,2025-10,2,71,2,0
3862,2025-11,1,19,0,0
3862,2025-12,6,183,2,1
3863,2025-10,0,0,0,0
3863,2025-11,2,56,0,0
3863,2025-12,1,39,0,0
3864,2025-06,1,39,0,1
3865,2024-10,2,84,0,0
3865,2024-11,3,94,1,0
3865,2024-12,5,169,1,0
3865,2025-01,5,142,2,0
3866,2025-07,6,160,0,0
3866,2025-08,6,181,0,0
3866,2025-09,9,226,0,0
3866,2025-10,3,74,0,0
3866,2025-11,3,107,0,0
3866,2025-12,10,293,0,0
3867,2024-10,2,56,0,0
3867,2024-11,3,80,0,1
3867,2024-12,3,107,0,0
3867,2025-01,7,172,3,0
3867,2025-02,1,35,3,0
3868,2025-05,1,25,0,0
3868,2025-06,3,69,0,0
3868,2025-07,1,31,1,0
3868,2025-08,3,90,0,0
3868,2025-09,1,33,0,0
3868,2025-10,2,71,1,0
3868,2025-11,1,40,0,1
3868,2025-12,0,0,0,1
3869,2024-11,2,71,0,1
3870,2025-05,4,76,0,0
3870,2025-06,2,61,1,0
3870,2025-07,8,243,3,0
3870,2025-08,9,194,5,0
3870,2025-09,2,70,1,0
3870,2025-10,5,198,0,1
3870,2025-11,5,103,0,0
3870,2025-12,10,377,3,0
3871,2024-08,1,33,0,0
3871,2024-09,2,64,0,0
3872,2025-08,4,87,0,0
3872,2025-09,7,174,0,0
3872,2025-10,2,55,0,0
3872,2025-11,10,303,0,0
3872,2025-12,6,117,0,0
3873,2025-05,1,35,2,1
3873,2025-06,3,114,0,0
3873,2025-07,4,124,0,0
3873,2025-08,5,159,3,0
3873,2025-09,1,36,0,0
3873,2025-10,2,60,1,0
3873,2025-11,6,146,1,0
3873,2025-12,3,68,0,0
3874,2025-05,11,392,5,0
3874,2025-06,9,336,3,1
3874,2025-07,10,251,3,0
3874,2025-08,9,342,0,1
3874,2025-09,10,,1,0
3874,2025-10,7,186,0,0
3874,2025-11,7,191,2,0
3874,2025-12,7,165,4,0
3875,2025-06,3,89,0,0
3875,2025-07,5,175,1,0
3875,2025-08,6,223,0,0
3875,2025-09,7,243,3,0
3875,2025-10,5,201,0,0
3875,2025-11,9,337,2,1
3875,2025-12,10,205,5,0
3876,2025-08,4,88,3,1
3876,2025-09,7,204,2,0
3876,2025-10,4,126,4,0
3876,2025-11,10,408,4,0
3876,2025-12,1,24,0,0
3877,2025-01,2,80,1,0
3877,2025-02,3,61,1,0
3877,2025-03,2,72,0,0
3877,2025-04,1,41,0,0
3877,2025-05,0,0,0,0
3877,2025-06,0,0,0,0
3877,2025-07,0,0,0,0
3877,2025-08,1,41,1,0
3877,2025-09,1,34,0,0
3877,2025-10,0,0,0,0
3877,2025-11,0,0,0,0
3877,2025-12,0,0,0,0
3878,2024-12,4,129,0,0
3878,2025-01,5,147,0,0
3878,2025-02,5,139,0,1
3878,2025-03,4,96,0,0
3878,2025-04,3,92,0,0
3878,2025-05,5,187,0,1
3878,2025-06,3,70,0,0
3878,2025-07,7,152,0,1
3878,2025-08,5,151,0,0
3878,2025-09,7,134,0,0
3878,2025-10,9,186,0,0
3878,2025-11,3,102,0,0
3879,2025-01,8,300,4,1
3879,2025-02,6,252,2,0
3879,2025-03,14,511,6,0
3879,2025-04,2,47,1,0
3879,2025-05,7,256,4,0
3879,2025-06,5,173,2,0
3879,2025-07,3,69,0,2
3879,2025-08,5,130,2,0
3879,2025-09,6,250,2,1
3879,2025-10,4,149,1,0
3879,2025-11,4,76,1,0
3879,2025-12,2,55,0,0
3880,2024-10,10,232,2,1
3880,2024-11,6,,6,0
3880,2024-12,3,97,2,0
3880,2025-01,4,139,2,0
3881,2025-05,0,0,0,0
3881,2025-06,2,75,1,0
3881,2025-07,1,26,0,0
3881,2025-08,2,53,2,0
3881,2025-09,0,0,0,0
3881,2025-10,1,34,1,0
3881,2025-11,0,0,0,0
3881,2025-12,2,80,1,0
3882,2025-07,0,0,0,0
3882,2025-08,2,61,1,0
3882,2025-09,3,86,1,0
3882,2025-10,4,99,1,0
3882,2025-11,3,109,2,0
3882,2025-12,1,32,2,0
3883,2025-02,1,28,0,0
3883,2025-03,0,0,0,0
3883,2025-04,2,83,0,0
3883,2025-05,3,56,2,0
3883,2025-06,1,38,0,0
3883,2025-07,2,51,0,0
3883,2025-08,2,43,2,0
3883,2025-09,0,0,0,0
3883,2025-10,3,104,0,0
3883,2025-11,1,34,0,0
3883,2025-12,2,72,0,0
3884,2025-03,0,0,0,0
3884,2025-04,1,32,0,0
3885,2024-11,4,136,2,0
3885,2024-12,1,40,0,0
3885,2025-01,1,,1,0
3885,2025-02,2,59,0,0
3885,2025-03,1,41,0,0
3885,2025-04,2,80,0,0
3885,2025-05,1,20,0,0
3885,2025-06,0,0,0,0
3885,2025-07,0,0,0,0
3885,2025-08,1,25,1,0
3885,2025-09,0,0,0,1
3886,2025-10,1,30,0,0
3886,2025-11,1,33,1,0
3886,2025-12,0,0,0,0
3887,2025-03,2,62,0,1
3887,2025-04,1,25,0,0
3887,2025-05,1,21,0,0
3887,2025-06,0,0,0,0
3887,2025-07,0,0,0,0
3888,2025-10,4,109,3,0
3888,2025-11,3,65,0,0
3888,2025-12,3,66,0,0
3889,2025-08,4,158,0,0
3889,2025-09,3,73,0,0
3889,2025-10,1,32,0,0
3889,2025-11,2,36,0,1
3889,2025-12,6,148,0,2
3890,2025-06,4,114,0,0
3890,2025-07,3,110,0,1
3891,2024-10,3,100,1,0
3891,2024-11,3,118,0,0
3891,2024-12,3,65,1,0
3891,2025-01,1,24,0,0
3891,2025-02,2,46,2,0
3891,2025-03,1,36,1,0
3891,2025-04,2,43,1,0
3891,2025-05,1,39,0,0
3891,2025-06,0,0,0,0
3891,2025-07,2,37,6,0
3891,2025-08,2,60,1,0
3891,2025-09,1,35,3,1
3892,2025-08,6,160,1,0
3892,2025-09,4,89,2,0
3893,2025-02,14,386,0,0
3893,2025-03,16,610,0,0
3893,2025-04,9,359,0,0
3893,2025-05,7,162,0,0
3893,2025-06,5,167,0,0
3893,2025-07,16,401,0,0
3893,2025-08,10,355,0,0
3893,2025-09,9,321,0,0
3893,2025-10,11,299,0,0
3893,2025-11,11,429,0,0
3893,2025-12,7,263,0,0
3894,2025-05,10,264,2,0
3894,2025-06,6,112,3,0
3894,2025-07,13,242,2,0
3894,2025-08,4,99,5,0
3894,2025-09,10,331,3,0
3894,2025-10,8,148,3,0
3894,2025-11,12,288,3,1
3894,2025-12,14,395,3,0
3895,2025-02,5,156,0,0
3895,2025-03,2,38,0,0
3895,2025-04,2,37,0,0
3895,2025-05,8,161,0,0
3895,2025-06,8,315,0,0
3895,2025-07,5,141,0,0
3895,2025-08,4,143,0,0
3895,2025-09,4,96,0,0
3895,2025-10,3,125,0,0
3895,2025-11,5,162,0,0
3895,2025-12,2,65,0,0
3896,2025-01,3,54,1,0
3896,2025-02,5,147,1,0
3896,2025-03,8,317,3,0
3896,2025-04,5,176,2,0
3896,2025-05,5,94,0,0
3896,2025-06,8,219,2,0
3896,2025-07,6,148,3,0
3896,2025-08,5,201,3,0
3896,2025-09,6,189,3,0
3896,2025-10,7,180,5,0
3896,2025-11,4,157,2,0
3896,2025-12,2,77,2,0
3897,2025-02,4,87,0,0
3897,2025-03,2,61,0,1
3897,2025-04,2,56,0,1
3897,2025-05,3,108,0,1
3897,2025-06,1,40,0,0
3897,2025-07,3,112,0,0
3897,2025-08,1,22,0,0
3897,2025-09,1,29,0,0
3897,2025-10,0,0,0,1
3897,2025-11,3,126,0,1
3897,2025-12,0,0,0,0
3898,2025-01,4,137,1,0
3898,2025-02,3,104,0,0
3898,2025-03,2,55,1,0
3898,2025-04,5,169,0,0
3898,2025-05,7,154,0,0
3898,2025-06,3,97,2,0
3898,2025-07,3,77,1,0
3898,2025-08,5,106,0,0
3898,2025-09,5,152,2,0
3898,2025-10,5,129,3,0
3898,2025-11,5,161,1,0
3898,2025-12,8,192,0,0
3899,2025-02,1,26,0,0
3899,2025-03,1,27,0,0
3899,2025-04,1,35,0,1
3900,2024-10,5,195,0,0
3900,2024-11,5,104,0,0
3900,2024-12,9,358,0,0
3900,2025-01,3,63,0,0
3900,2025-02,3,62,0,0
3900,2025-03,1,34,0,0
3900,2025-04,3,64,0,0
3900,2025-05,3,125,0,0
3900,2025-06,3,86,0,0
3900,2025-07,3,102,0,0
3900,2025-08,1,27,0,0
3900,2025-09,5,131,0,0
3900,2025-10,3,94,0,0
3900,2025-11,2,,0,0
3900,2025-12,2,49,0,0
3901,2025-03,3,108,2,0
901,2025-12,1,20,0,0
3901,2025-04,3,108,0,0
3901,2025-05,5,200,4,0
3901,2025-06,8,166,1,0
3901,2025-07,2,77,3,0
3901,2025-08,3,121,0,0
3901,2025-09,4,138,1,0
3901,2025-10,10,332,5,0
3901,2025-11,2,45,1,0
3901,2025-12,9,345,3,0
3902,2025-07,2,74,0,0
3902,2025-08,6,118,0,0
3903,2025-09,6,117,1,1
3903,2025-10,9,234,3,0
3903,2025-11,6,130,2,1
3904,2025-09,5,156,0,0
3904,2025-10,5,101,0,0
3904,2025-11,3,106,0,0
3904,2025-12,6,200,0,0
3905,2025-09,4,166,0,0
3905,2025-10,3,59,0,0
3905,2025-11,1,28,0,0
3905,2025-12,2,79,1,0
3906,2025-05,2,59,0,0
3906,2025-06,3,97,0,0
3906,2025-07,1,36,0,0
3906,2025-08,4,101,0,0
3906,2025-09,3,72,0,0
3906,2025-10,4,129,0,1
3907,2025-06,8,225,4,0
3907,2025-07,8,286,2,0
3907,2025-08,2,44,0,0
3907,2025-09,6,124,1,0
3907,2025-10,1,34,0,0
3907,2025-11,5,109,0,0
3907,2025-12,4,109,0,0
3908,2024-12,1,34,0,0
3908,2025-01,0,0,0,0
3908,2025-02,3,78,1,0
3908,2025-03,0,0,0,1
3909,2025-10,10,293,4,0
3909,2025-11,15,575,10,0
3910,2025-07,1,27,1,0
3910,2025-08,5,178,3,0
3910,2025-09,2,41,0,0
3910,2025-10,3,100,0,0
3910,2025-11,7,275,0,0
3910,2025-12,5,125,2,0
3911,2025-04,24,741,0,0
3911,2025-05,26,1050,0,1
3911,2025-06,9,234,0,0
3911,2025-07,21,755,0,0
3911,2025-08,13,421,0,0
3911,2025-09,33,849,0,0
3911,2025-10,18,653,0,0
3911,2025-11,20,727,0,0
3911,2025-12,22,630,0,0
3912,2025-05,6,116,0,0
3912,2025-06,7,160,0,0
3912,2025-07,9,194,0,0
3912,2025-08,8,202,0,0
3912,2025-09,6,148,0,0
3912,2025-10,7,182,0,0
3912,2025-11,5,137,0,0
3912,2025-12,4,155,0,0
3913,2025-08,3,71,0,0
3913,2025-09,3,90,0,0
3913,2025-10,3,66,0,0
3913,2025-11,2,75,0,0
3913,2025-12,0,0,0,0
3914,2024-10,4,99,0,0
3914,2024-11,3,76,1,0
3914,2024-12,9,351,1,0
3914,2025-01,4,116,3,0
3914,2025-02,7,283,4,0
3914,2025-03,7,255,1,0
3914,2025-04,4,99,2,0
3914,2025-05,4,74,2,0
3914,2025-06,2,59,0,0
3914,2025-07,4,152,0,0
3914,2025-08,6,166,0,0
3914,2025-09,9,211,1,0
3914,2025-10,3,76,0,0
3914,2025-11,9,321,2,0
3914,2025-12,5,147,2,0
3915,2025-07,0,0,0,0
3915,2025-08,0,0,0,0
3916,2024-07,1,22,1,1
3916,2024-08,5,108,3,0
3916,2024-09,1,28,1,0
3916,2024-10,2,72,1,0
3916,2024-11,2,70,0,0
3916,2024-12,3,116,1,1
3916,2025-01,0,0,0,0
3916,2025-02,1,21,0,1
3916,2025-03,4,120,1,0
3916,2025-04,0,0,0,1
3916,2025-05,1,34,0,0
2708,2025-09,3,62,0,0
3916,2025-06,1,32,0,1
3917,2025-03,8,160,0,0
3917,2025-04,7,261,0,0
3917,2025-05,9,355,0,0
3917,2025-06,2,76,0,0
3917,2025-07,6,137,0,2
3917,2025-08,8,187,0,0
3917,2025-09,13,312,0,0
3917,2025-10,8,,0,0
3917,2025-11,7,159,0,0
3917,2025-12,12,252,0,1
3918,2025-06,3,105,0,0
3918,2025-07,6,192,0,0
3918,2025-08,4,85,0,0
3918,2025-09,7,190,0,0
3918,2025-10,1,23,0,0
3918,2025-11,3,106,0,0
3918,2025-12,5,119,0,0
3919,2025-06,4,150,0,0
3919,2025-07,3,105,0,0
3919,2025-08,5,152,0,0
3919,2025-09,2,83,0,0
3919,2025-10,0,0,0,0
3919,2025-11,2,44,0,0
3919,2025-12,1,18,0,0
3920,2025-10,2,74,0,0
3920,2025-11,3,94,0,0
3920,2025-12,1,24,0,0
3921,2025-02,3,65,0,0
3921,2025-03,4,92,0,0
3921,2025-04,3,71,0,0
3921,2025-05,6,110,0,0
3921,2025-06,3,93,0,0
3921,2025-07,1,22,0,1
3921,2025-08,5,199,0,0
3921,2025-09,2,77,0,0
3921,2025-10,6,139,0,0
3921,2025-11,4,85,0,0
3921,2025-12,2,77,0,0
3922,2025-04,1,26,0,0
3922,2025-05,0,0,0,1
3922,2025-06,2,52,0,0
3922,2025-07,1,31,0,0
3922,2025-08,1,21,0,0
3922,2025-09,1,23,0,1
3922,2025-10,2,51,0,0
3922,2025-11,1,26,0,0
3922,2025-12,0,0,0,0
3923,2025-03,5,170,2,0
3923,2025-04,7,289,1,0
3923,2025-05,6,114,3,0
3923,2025-06,12,380,3,0
3923,2025-07,8,174,4,0
3923,2025-08,6,109,0,0
3923,2025-09,15,428,4,0
3923,2025-10,2,72,1,0
3923,2025-11,6,210,1,0
3923,2025-12,9,323,4,0
3924,2024-09,1,35,0,0
3924,2024-10,0,0,0,0
3924,2024-11,0,0,0,0
3924,2024-12,4,86,0,0
3924,2025-01,2,58,0,0
3924,2025-02,0,0,0,0
3924,2025-03,2,61,0,0
3924,2025-04,1,31,0,0
3924,2025-05,5,95,0,0
3924,2025-06,1,35,0,0
3924,2025-07,2,51,0,0
3924,2025-08,3,90,0,0
3924,2025-09,1,25,0,0
3924,2025-10,0,0,0,0
3924,2025-11,0,0,0,0
3924,2025-12,0,0,0,0
3925,2024-11,3,104,2,0
3925,2024-12,2,41,1,0
3925,2025-01,1,36,1,0
3925,2025-02,3,72,2,1
3925,2025-03,3,81,3,0
3925,2025-04,1,24,0,0
3925,2025-05,2,46,1,1
3925,2025-06,1,29,1,0
3925,2025-07,1,34,0,1
3926,2025-06,3,124,0,0
3926,2025-07,0,0,0,0
3926,2025-08,2,74,0,1
3926,2025-09,0,0,0,0
3927,2025-08,7,172,0,0
3927,2025-09,12,278,0,0
3927,2025-10,9,224,0,0
3927,2025-11,10,211,0,0
3927,2025-12,10,197,0,0
3928,2025-06,1,24,1,0
3929,2024-07,0,0,0,0
3929,2024-08,3,123,0,0
3929,2024-09,1,19,0,0
3929,2024-10,2,43,0,0
3929,2024-11,0,0,0,0
3929,2024-12,2,70,0,0
3929,2025-01,0,0,0,0
3929,2025-02,1,,0,0
3929,2025-03,0,0,0,0
3929,2025-04,1,27,0,0
3929,2025-05,1,33,0,0
3930,2024-09,2,61,0,0
3930,2024-10,1,21,0,0
3930,2024-11,0,0,0,0
3930,2024-12,1,22,0,0
635,2025-11,8,328,0,1
3930,2025-01,0,0,0,0
3930,2025-02,2,74,0,0
3930,2025-03,0,0,0,0
3930,2025-04,1,39,0,0
3930,2025-05,0,0,0,1
3930,2025-06,2,69,0,0
3930,2025-07,0,0,0,0
3930,2025-08,0,0,0,0
3931,2025-06,5,137,0,0
3931,2025-07,7,150,0,0
3931,2025-08,7,214,0,0
3931,2025-09,9,373,0,0
3931,2025-10,3,97,0,0
3931,2025-11,3,92,0,0
3931,2025-12,9,340,0,0
3932,2024-10,0,0,0,0
3932,2024-11,2,65,0,1
3932,2024-12,3,95,0,1
3932,2025-01,2,38,0,1
3932,2025-02,1,24,0,1
3932,2025-03,2,62,0,1
3932,2025-04,2,61,0,0
3932,2025-05,2,52,0,0
3932,2025-06,1,26,0,0
3932,2025-07,1,21,0,0
3932,2025-08,1,29,0,0
3932,2025-09,2,67,0,0
3933,2025-07,2,48,0,0
3933,2025-08,1,24,0,0
3933,2025-09,0,0,0,0
3933,2025-10,0,0,0,0
3933,2025-11,1,29,0,0
3933,2025-12,2,66,0,0
3934,2024-07,0,0,0,0
3934,2024-08,1,30,0,0
3934,2024-09,2,73,0,0
3934,2024-10,0,0,0,0
3934,2024-11,0,0,0,0
3934,2024-12,2,75,0,0
3934,2025-01,3,66,0,0
3934,2025-02,0,0,0,0
3934,2025-03,0,0,0,0
3934,2025-04,0,0,0,0
3934,2025-05,1,35,0,0
3934,2025-06,0,0,0,0
3934,2025-07,1,41,0,0
3934,2025-08,0,0,0,0
3934,2025-09,0,0,0,0
3934,2025-10,1,25,0,1
3935,2024-07,1,32,0,0
3935,2024-08,5,201,0,0
3935,2024-09,2,46,0,0
3935,2024-10,3,61,1,0
3935,2024-11,3,59,0,0
3935,2024-12,1,24,0,1
3935,2025-01,2,55,1,0
3935,2025-02,1,19,1,0
3935,2025-03,3,98,3,0
3935,2025-04,0,0,0,0
3935,2025-05,0,0,0,0
3935,2025-06,3,113,1,0
3935,2025-07,2,79,0,0
3935,2025-08,1,28,0,0
3935,2025-09,2,49,2,0
3935,2025-10,1,42,0,0
3935,2025-11,0,0,0,0
3935,2025-12,1,27,0,0
3936,2024-08,3,121,0,0
3936,2024-09,3,63,0,0
3936,2024-10,1,28,0,0
3936,2024-11,0,0,0,0
3936,2024-12,2,83,0,0
3936,2025-01,0,0,0,1
3937,2024-07,6,221,0,0
3937,2024-08,6,240,0,0
3937,2024-09,6,214,0,0
3937,2024-10,6,196,0,0
3937,2024-11,3,124,0,0
3937,2024-12,5,180,0,0
3937,2025-01,4,88,0,0
3937,2025-02,7,282,0,1
3937,2025-03,7,292,0,1
3937,2025-04,6,207,0,0
3937,2025-05,3,99,0,1
3937,2025-06,3,75,0,1
3938,2025-07,10,374,4,0
3938,2025-08,9,363,3,0
3938,2025-09,4,112,1,0
3938,2025-10,13,358,6,0
3938,2025-11,5,206,2,0
3938,2025-12,11,339,7,0
3939,2025-07,5,117,0,0
3939,2025-08,5,117,0,0
3939,2025-09,7,222,0,0
3939,2025-10,6,169,0,0
3939,2025-11,5,168,0,0
3939,2025-12,3,65,0,0
3940,2025-04,5,164,0,0
3940,2025-05,2,48,0,1
3940,2025-06,3,102,0,0
3940,2025-07,5,148,0,1
3940,2025-08,5,181,0,1
3940,2025-09,2,42,0,0
3940,2025-10,0,0,0,0
3940,2025-11,1,28,0,0
3940,2025-12,1,23,0,1
3941,2025-06,3,97,0,0
3941,2025-07,4,163,2,1
3941,2025-08,2,55,0,0
3941,2025-09,4,149,3,0
3941,2025-10,3,,1,1
3942,2025-06,5,173,2,0
3942,2025-07,3,106,0,0
3942,2025-08,2,63,1,0
3942,2025-09,2,84,0,0
3942,2025-10,2,42,0,0
3942,2025-11,3,113,1,0
3942,2025-12,3,97,0,0
3943,2025-09,8,296,0,0
3943,2025-10,11,283,6,2
3943,2025-11,6,184,4,0
3943,2025-12,10,351,5,0
3944,2025-03,3,71,0,0
3944,2025-04,3,108,0,0
3944,2025-05,4,152,0,1
3944,2025-06,1,32,0,0
3944,2025-07,0,0,0,0
3944,2025-08,1,34,0,0
3944,2025-09,0,0,0,0
3944,2025-10,1,28,0,0
3944,2025-11,0,0,0,0
3944,2025-12,1,21,0,0
3945,2025-05,9,234,0,0
3945,2025-06,11,349,0,0
3945,2025-07,6,199,0,0
858,2025-08,1,38,0,0
3945,2025-08,12,263,0,0
3945,2025-09,8,184,0,0
3945,2025-10,11,389,0,0
3945,2025-11,7,191,0,0
3945,2025-12,8,205,0,0
3946,2024-07,6,235,2,0
3946,2024-08,10,363,1,1
3946,2024-09,5,190,1,0
3946,2024-10,7,129,0,0
3946,2024-11,9,203,2,0
3946,2024-12,5,129,1,0
3946,2025-01,9,358,2,0
3946,2025-02,10,277,4,0
3946,2025-03,9,172,1,0
3946,2025-04,10,328,1,0
3946,2025-05,7,157,2,0
3946,2025-06,12,450,6,0
3946,2025-07,7,157,2,0
3946,2025-08,6,114,0,0
3946,2025-09,3,100,0,0
3946,2025-10,3,66,1,0
3946,2025-11,12,305,3,0
3946,2025-12,6,,1,0
3947,2025-09,6,153,1,0
3947,2025-10,5,159,3,0
3947,2025-11,3,64,4,0
3947,2025-12,9,306,6,0
3948,2025-02,0,0,0,0
3948,2025-03,7,264,0,0
3948,2025-04,5,159,0,0
3948,2025-05,0,0,0,0
3948,2025-06,2,54,0,0
3948,2025-07,1,29,0,0
3948,2025-08,0,0,0,0
3948,2025-09,0,0,0,0
3948,2025-10,1,18,0,0
3948,2025-11,1,29,0,0
3948,2025-12,1,42,0,0
3949,2025-06,1,22,0,0
3949,2025-07,3,121,0,1
3949,2025-08,2,46,0,0
3949,2025-09,2,57,0,0
3950,2025-02,2,65,2,0
3950,2025-03,0,0,0,0
3950,2025-04,2,73,1,0
3950,2025-05,3,85,0,0
3950,2025-06,2,59,1,0
3950,2025-07,1,20,0,0
3950,2025-08,2,38,1,1
3950,2025-09,2,56,0,0
3950,2025-10,1,33,0,0
3950,2025-11,0,0,0,0
3950,2025-12,0,0,0,0
3951,2025-09,2,44,1,0
3951,2025-10,2,58,0,1
3951,2025-11,2,56,0,0
3951,2025-12,3,114,1,2
3952,2025-03,8,203,5,0
3952,2025-04,7,201,1,0
3952,2025-05,4,152,0,0
3952,2025-06,2,,0,0
3952,2025-07,5,205,3,0
3952,2025-08,2,59,0,0
3952,2025-09,6,139,3,1
3952,2025-10,6,136,1,0
3952,2025-11,6,170,2,0
3952,2025-12,4,117,3,0
3953,2025-09,7,165,0,0
3953,2025-10,7,150,0,0
3953,2025-11,9,240,0,0
3953,2025-12,11,373,0,0
3954,2024-07,6,141,1,0
3954,2024-08,5,127,2,0
3954,2024-09,9,339,5,0
3954,2024-10,4,,0,1
3954,2024-11,8,274,7,0
1096,2024-11,4,136,1,0
3954,2024-12,7,262,4,0
3954,2025-01,10,363,3,0
3954,2025-02,7,201,2,0
3954,2025-03,9,221,6,0
3954,2025-04,8,320,5,0
3954,2025-05,5,160,4,0
3954,2025-06,12,339,7,0
3954,2025-07,13,498,6,0
3954,2025-08,8,189,3,0
3954,2025-09,9,269,8,1
3954,2025-10,9,270,4,0
3954,2025-11,5,125,1,0
3954,2025-12,3,92,2,0
3955,2025-05,4,161,0,0
3955,2025-06,3,97,0,0
3955,2025-07,5,196,0,0
3955,2025-08,6,114,0,1
3955,2025-09,1,34,0,0
3955,2025-10,0,0,0,0
3955,2025-11,1,20,0,0
3955,2025-12,1,40,0,0
3956,2025-10,7,182,0,0
3956,2025-11,7,135,0,0
3956,2025-12,9,198,0,0
3957,2025-06,7,150,0,0
3957,2025-07,6,239,0,1
3957,2025-08,9,186,0,0
3957,2025-09,4,159,0,0
3957,2025-10,4,149,0,1
3957,2025-11,3,64,0,0
3957,2025-12,6,123,0,0
3958,2025-10,0,0,0,0
3958,2025-11,6,201,1,0
3958,2025-12,3,123,0,0
3959,2025-01,11,424,0,0
3959,2025-02,7,140,0,1
3959,2025-03,7,128,0,0
3959,2025-04,8,207,0,0
3959,2025-05,6,163,0,1
3959,2025-06,7,260,0,0
3959,2025-07,5,107,0,0
3959,2025-08,4,164,0,0
3959,2025-09,3,92,0,0
3959,2025-10,7,289,0,0
3959,2025-11,7,,0,0
3959,2025-12,3,93,0,0
3960,2025-06,2,84,0,0
3960,2025-07,1,26,0,0
3960,2025-08,2,42,0,0
3960,2025-09,2,49,0,1
3960,2025-10,0,0,0,0
3961,2025-01,4,76,0,0
3962,2025-07,4,99,0,0
3962,2025-08,2,55,0,0
3962,2025-09,1,30,0,1
3962,2025-10,3,106,0,0
3962,2025-11,3,67,0,0
3962,2025-12,2,48,0,0
3963,2025-08,1,23,0,0
3963,2025-09,1,38,0,0
3963,2025-10,2,45,0,0
3963,2025-11,4,128,0,0
3963,2025-12,5,161,0,1
3964,2025-05,1,39,0,0
3964,2025-06,0,0,0,0
3965,2025-05,1,41,0,0
3966,2025-03,1,35,0,0
3966,2025-04,3,106,0,0
3966,2025-05,3,84,2,0
3966,2025-06,2,75,1,0
3966,2025-07,1,22,0,0
3966,2025-08,1,22,2,0
3966,2025-09,0,0,0,0
3966,2025-10,1,22,1,0
3966,2025-11,1,25,1,0
3966,2025-12,1,30,0,0
3967,2024-12,3,73,2,0
3967,2025-01,1,35,0,0
3967,2025-02,5,95,3,0
3967,2025-03,0,0,0,0
3967,2025-04,0,0,0,0
3967,2025-05,1,35,1,0
3968,2024-07,4,156,1,0
3968,2024-08,3,118,0,1
3968,2024-09,3,89,0,0
3968,2024-10,6,167,2,0
3968,2024-11,1,24,1,0
3968,2024-12,2,64,0,0
3968,2025-01,5,118,6,0
3969,2024-10,3,54,1,0
3969,2024-11,2,79,0,0
3969,2024-12,2,58,0,0
3969,2025-01,3,106,1,0
3969,2025-02,1,19,0,0
3969,2025-03,2,64,0,0
3969,2025-04,0,0,0,0
3969,2025-05,2,64,1,0
3969,2025-06,1,,1,1
3969,2025-07,1,37,0,1
3969,2025-08,1,25,0,0
3969,2025-09,2,54,0,1
3969,2025-10,1,40,1,0
3969,2025-11,1,24,0,1
3969,2025-12,0,0,0,2
3970,2024-12,3,82,1,0
3970,2025-01,3,69,2,0
3970,2025-02,4,94,2,0
3970,2025-03,4,106,2,0
3970,2025-04,3,99,1,0
3970,2025-05,4,96,2,0
3970,2025-06,6,149,2,0
3970,2025-07,5,90,4,0
3970,2025-08,7,205,4,0
3970,2025-09,6,134,2,0
3970,2025-10,2,51,0,0
3970,2025-11,6,147,3,0
3970,2025-12,2,41,2,0
3971,2025-01,6,115,0,0
3971,2025-02,4,146,0,0
3971,2025-03,7,276,0,0
3971,2025-04,3,111,0,0
3971,2025-05,1,38,0,0
3971,2025-06,5,143,0,0
3971,2025-07,4,82,0,0
3971,2025-08,5,149,0,0
3971,2025-09,0,0,0,0
3971,2025-10,1,21,0,0
3971,2025-11,6,213,0,0
3971,2025-12,5,92,0,0
3972,2025-07,1,32,0,0
3973,2024-10,9,256,7,0
3973,2024-11,6,242,1,0
3973,2024-12,6,141,0,0
3973,2025-01,3,117,0,0
3973,2025-02,7,227,2,0
3973,2025-03,2,61,0,0
3973,2025-04,2,65,0,0
3973,2025-05,2,67,0,0
3973,2025-06,6,226,0,0
3973,2025-07,4,107,1,0
3973,2025-08,4,140,2,0
3973,2025-09,2,70,0,0
3974,2024-10,1,19,0,0
3975,2025-10,1,22,0,0
3975,2025-11,1,24,0,0
3975,2025-12,1,19,0,0
3976,2024-08,0,0,0,0
3976,2024-09,1,31,0,0
3976,2024-10,5,201,2,0
3976,2024-11,2,43,3,0
3976,2024-12,5,176,3,0
3976,2025-01,9,235,4,0
3976,2025-02,6,120,6,0
3976,2025-03,5,112,6,0
3976,2025-04,1,27,0,0
3976,2025-05,3,101,0,0
3976,2025-06,4,137,3,0
3976,2025-07,3,113,2,0
3976,2025-08,3,104,2,0
3976,2025-09,4,72,2,0
3976,2025-10,6,226,3,1
3976,2025-11,4,149,1,0
3976,2025-12,4,114,1,0
3977,2025-02,4,124,0,0
3977,2025-03,3,104,0,0
3977,2025-04,6,239,3,0
3977,2025-05,4,98,0,0
3977,2025-06,4,96,1,0
3977,2025-07,2,62,0,0
3977,2025-08,3,120,3,0
3977,2025-09,3,69,1,0
3977,2025-10,4,117,1,0
3977,2025-11,5,186,1,0
3977,2025-12,6,221,1,0
3978,2024-09,6,110,0,0
3978,2024-10,5,137,0,0
3978,2024-11,3,58,0,0
3978,2024-12,8,322,0,0
3978,2025-01,6,196,0,0
3978,2025-02,5,128,0,0
3978,2025-03,1,41,0,0
3978,2025-04,6,118,0,0
3978,2025-05,5,162,0,0
3978,2025-06,5,117,0,0
3978,2025-07,2,50,0,0
3978,2025-08,2,37,0,0
3978,2025-09,1,40,0,0
3978,2025-10,3,105,0,0
3978,2025-11,2,64,0,0
3978,2025-12,1,29,0,0
3979,2025-07,6,193,4,0
3979,2025-08,6,226,4,0
3979,2025-09,6,199,7,0
3979,2025-10,7,204,3,1
3979,2025-11,9,267,8,0
3979,2025-12,7,241,7,0
3980,2024-08,1,27,0,0
3980,2024-09,0,0,0,0
3980,2024-10,1,31,0,1
3980,2024-11,0,0,0,0
3980,2024-12,1,21,0,1
3981,2025-06,5,208,1,0
3981,2025-07,3,107,2,0
3981,2025-08,9,250,4,0
3981,2025-09,5,179,0,0
3981,2025-10,3,62,0,0
3981,2025-11,7,274,3,0
3981,2025-12,9,370,1,0
3982,2025-04,2,79,0,0
3982,2025-05,2,70,0,0
3982,2025-06,1,26,2,0
3982,2025-07,2,52,0,0
3982,2025-08,1,25,0,0
3983,2025-08,1,30,0,0
3983,2025-09,4,133,0,1
3983,2025-10,0,0,0,0
3983,2025-11,4,144,0,0
3983,2025-12,2,69,0,0
3984,2024-11,4,91,0,0
3984,2024-12,2,73,2,1
3984,2025-01,2,61,0,0
3984,2025-02,3,110,1,0
3984,2025-03,3,98,0,0
3984,2025-04,2,71,1,0
3984,2025-05,1,32,0,0
3984,2025-06,1,39,0,0
3984,2025-07,2,69,1,1
3984,2025-08,3,122,0,0
3984,2025-09,0,0,0,0
3985,2025-09,1,27,0,0
3986,2025-09,2,79,0,0
3986,2025-10,4,152,0,0
3986,2025-11,7,132,0,0
3986,2025-12,4,166,0,0
3987,2024-11,2,60,2,0
3987,2024-12,1,40,0,0
3987,2025-01,1,27,1,0
3987,2025-02,2,38,1,0
3987,2025-03,0,0,0,0
3987,2025-04,1,21,2,0
3987,2025-05,3,81,0,0
3987,2025-06,0,0,0,0
3987,2025-07,2,39,5,0
3987,2025-08,2,61,0,0
3987,2025-09,0,0,0,0
3987,2025-10,0,0,0,0
3987,2025-11,0,0,0,1
3988,2025-10,2,65,0,0
3988,2025-11,5,178,0,0
3988,2025-12,1,30,0,0
3989,2025-03,1,40,0,0
3990,2024-11,1,41,2,0
3990,2024-12,2,77,1,0
3990,2025-01,4,118,5,0
3990,2025-02,1,24,0,0
3990,2025-03,1,25,0,0
3990,2025-04,2,39,1,0
3990,2025-05,1,19,0,0
3990,2025-06,4,155,0,0
3990,2025-07,2,47,0,0
3990,2025-08,3,80,1,0
3990,2025-09,0,0,0,0
3990,2025-10,0,0,0,1
3991,2025-08,5,100,1,0
3991,2025-09,2,78,2,0
3991,2025-10,0,0,0,0
3991,2025-11,4,87,0,0
3991,2025-12,2,58,0,0
3992,2025-04,3,113,1,1
3992,2025-05,1,34,1,0
3992,2025-06,0,0,0,0
3992,2025-07,3,64,1,0
3992,2025-08,1,35,0,0
3992,2025-09,0,0,0,0
3992,2025-10,0,0,0,0
3993,2024-11,3,115,3,0
3993,2024-12,5,100,1,0
3993,2025-01,3,97,2,0
3993,2025-02,5,184,1,0
3993,2025-03,4,118,1,0
3994,2025-07,3,123,0,0
3994,2025-08,2,48,0,0
3994,2025-09,2,76,0,0
3994,2025-10,2,80,0,0
3994,2025-11,4,125,0,0
3994,2025-12,6,207,0,0
3995,2024-09,4,112,0,0
3995,2024-10,4,89,0,0
3995,2024-11,0,0,0,0
3995,2024-12,1,24,0,1
3995,2025-01,0,0,0,0
3995,2025-02,1,39,0,0
3995,2025-03,1,20,0,0
3995,2025-04,0,0,0,1
3995,2025-05,0,0,0,0
3995,2025-06,1,41,0,0
3995,2025-07,0,0,0,0
3995,2025-08,0,0,0,0
3996,2025-05,2,72,0,0
3997,2025-02,2,60,1,0
3997,2025-03,10,257,6,0
3997,2025-04,9,224,4,0
3997,2025-05,12,397,7,1
3997,2025-06,7,279,1,0
3997,2025-07,7,136,1,1
3997,2025-08,9,165,0,0
3997,2025-09,10,359,4,1
3997,2025-10,11,448,12,0
3997,2025-11,7,290,3,0
3997,2025-12,8,222,2,1
3998,2025-09,4,156,1,0
3998,2025-10,6,118,2,0
3998,2025-11,2,40,0,0
3999,2024-09,3,81,0,0
3999,2024-10,0,0,0,0
4000,2024-12,2,48,1,0
4000,2025-01,1,35,0,0
4001,2025-04,7,154,3,1
4001,2025-05,10,322,1,0
4001,2025-06,7,232,1,2
4001,2025-07,5,100,2,0
4001,2025-08,11,329,2,2
4001,2025-09,5,176,1,1
4001,2025-10,7,187,0,1
4001,2025-11,11,415,6,0
4001,2025-12,8,326,2,0
4002,2025-05,4,109,0,0
4002,2025-06,2,76,0,0
4002,2025-07,3,78,0,0
4002,2025-08,1,31,0,0
4003,2025-08,2,51,0,0
4003,2025-09,3,125,0,0
4003,2025-10,2,51,0,0
4003,2025-11,3,70,0,0
4003,2025-12,1,33,0,0
4004,2025-04,2,54,0,0
4005,2024-07,11,273,0,0
4005,2024-08,8,197,0,0
4005,2024-09,15,601,0,0
4005,2024-10,9,277,0,0
4005,2024-11,6,250,0,0
4005,2024-12,9,233,0,0
4005,2025-01,10,238,0,0
4005,2025-02,10,185,0,0
4005,2025-03,8,145,0,0
4005,2025-04,7,244,0,0
4005,2025-05,7,249,0,0
4005,2025-06,11,458,0,0
4005,2025-07,12,243,0,0
4005,2025-08,4,116,0,0
4005,2025-09,8,190,0,0
4005,2025-10,9,293,0,0
4006,2025-10,13,262,1,0
4006,2025-11,23,900,7,0
4006,2025-12,16,411,7,0
4007,2025-04,9,353,0,0
4007,2025-05,3,80,0,0
4007,2025-06,7,136,0,0
4007,2025-07,4,116,0,0
4007,2025-08,4,103,0,0
4007,2025-09,5,202,0,0
4007,2025-10,7,264,0,0
4007,2025-11,4,149,0,0
4007,2025-12,5,139,0,1
4008,2025-09,2,82,0,0
4008,2025-10,2,75,1,0
4008,2025-11,0,0,0,0
4008,2025-12,3,87,1,0
4009,2025-03,3,117,1,1
4009,2025-04,5,117,3,0
4009,2025-05,6,205,2,0
4009,2025-06,7,137,1,0
4009,2025-07,5,94,0,0
4009,2025-08,4,121,0,0
4009,2025-09,6,183,1,0
4009,2025-10,6,208,2,0
4009,2025-11,2,68,1,0
4009,2025-12,12,294,2,0
4010,2025-01,3,88,0,0
4010,2025-02,6,169,0,0
4010,2025-03,0,0,0,0
4010,2025-04,4,106,0,0
4010,2025-05,4,94,0,0
4010,2025-06,8,223,0,1
4010,2025-07,3,104,0,1
4010,2025-08,1,33,0,0
4010,2025-09,5,144,0,0
4010,2025-10,8,152,0,1
4010,2025-11,1,27,0,0
4010,2025-12,7,279,0,0
4011,2025-08,0,0,0,0
4011,2025-09,2,54,0,0
4011,2025-10,2,40,0,0
4011,2025-11,0,0,0,0
4012,2024-09,5,133,0,0
4012,2024-10,6,172,0,0
4013,2024-11,5,99,1,0
4013,2024-12,8,217,3,0
4013,2025-01,4,109,1,0
4013,2025-02,6,123,1,1
4013,2025-03,7,199,2,0
4013,2025-04,15,601,4,0
4013,2025-05,4,160,1,0
4014,2025-04,2,52,0,0
4014,2025-05,1,37,0,0
4014,2025-06,2,58,2,1
4014,2025-07,4,137,3,0
4014,2025-08,2,63,0,0
4014,2025-09,2,37,1,0
4014,2025-10,1,34,0,0
4014,2025-11,1,23,0,0
4014,2025-12,1,23,0,0
4015,2024-09,6,243,0,0
4015,2024-10,4,109,0,0
4015,2024-11,3,102,0,0
4015,2024-12,3,122,0,0
4015,2025-01,4,88,0,0
4015,2025-02,5,114,0,0
4015,2025-03,2,51,0,1
4015,2025-04,5,152,0,0
4015,2025-05,4,115,0,0
4015,2025-06,4,81,0,0
4015,2025-07,3,126,0,0
4015,2025-08,3,57,0,0
4016,2024-07,4,155,0,0
4016,2024-08,5,130,0,0
4016,2024-09,7,175,0,0
4016,2024-10,3,77,0,0
4017,2025-09,7,208,0,1
4017,2025-10,4,74,0,0
4017,2025-11,6,228,0,0
4017,2025-12,11,237,0,0
4018,2025-06,0,0,0,0
4019,2025-03,1,39,0,0
4019,2025-04,3,83,0,0
4019,2025-05,4,125,0,0
4019,2025-06,6,172,0,0
4019,2025-07,1,32,0,0
4019,2025-08,4,114,0,0
4019,2025-09,5,153,0,0
4019,2025-10,3,112,0,0
4019,2025-11,2,51,0,0
4019,2025-12,3,91,0,0
4020,2025-06,0,0,0,0
4020,2025-07,3,62,0,0
4020,2025-08,3,73,0,0
4020,2025-09,5,165,0,0
4020,2025-10,2,79,0,0
4020,2025-11,2,51,0,0
4020,2025-12,3,115,0,0
4021,2024-12,1,35,1,0
4021,2025-01,0,0,0,0
4021,2025-02,10,287,2,0
4021,2025-03,7,213,5,0
4021,2025-04,5,195,0,0
4021,2025-05,7,294,1,0
4022,2025-02,2,61,0,0
4022,2025-03,7,255,0,0
4022,2025-04,4,91,0,0
4022,2025-05,1,31,0,0
4022,2025-06,4,110,0,0
4022,2025-07,4,100,0,0
4022,2025-08,0,0,0,0
4022,2025-09,1,37,0,0
4022,2025-10,1,26,0,0
4022,2025-11,1,22,0,0
4022,2025-12,3,95,0,0
4023,2025-10,6,199,0,0
4023,2025-11,5,187,0,0
4023,2025-12,8,163,0,0
4024,2024-11,1,28,1,0
4025,2025-10,8,295,0,0
4025,2025-11,8,203,0,0
4025,2025-12,8,175,0,0
4026,2025-04,0,0,0,0
4026,2025-05,1,25,0,0
4026,2025-06,1,22,0,0
4026,2025-07,1,38,0,0
4027,2025-04,8,212,0,0
4027,2025-05,7,150,0,0
4027,2025-06,12,352,0,0
4027,2025-07,9,259,0,1
4028,2024-10,4,144,0,0
4028,2024-11,4,117,0,0
4028,2024-12,2,41,0,0
4028,2025-01,6,184,0,0
4028,2025-02,3,123,0,0
4028,2025-03,7,232,0,0
4028,2025-04,9,265,0,0
4028,2025-05,13,414,0,0
4029,2025-02,5,161,0,1
4029,2025-03,3,74,0,1
4029,2025-04,7,183,0,0
4029,2025-05,4,155,0,1
4029,2025-06,7,224,0,0
4029,2025-07,3,108,0,0
4029,2025-08,4,137,0,1
4029,2025-09,5,101,0,0
4029,2025-10,6,182,0,1
4029,2025-11,5,184,0,0
4029,2025-12,5,183,0,0
4030,2024-11,4,148,0,0
4030,2024-12,1,36,0,1
4030,2025-01,3,67,0,0
4030,2025-02,2,59,0,0
4030,2025-03,0,0,0,0
4030,2025-04,0,0,0,0
4030,2025-05,2,51,0,0
4030,2025-06,2,44,0,0
4030,2025-07,0,0,0,0
4030,2025-08,2,63,0,1
4030,2025-09,1,41,0,0
4030,2025-10,1,21,0,0
4031,2025-06,4,121,1,0
4031,2025-07,5,103,0,1
4031,2025-08,2,72,0,0
4031,2025-09,4,154,1,0
4031,2025-10,2,81,1,0
4031,2025-11,5,143,1,1
4031,2025-12,3,55,1,0
4032,2025-03,8,293,1,0
4032,2025-04,13,340,5,0
4032,2025-05,15,612,5,0
4032,2025-06,12,231,5,0
4032,2025-07,10,394,2,0
4032,2025-08,9,317,2,0
4032,2025-09,10,407,1,0
4032,2025-10,12,501,2,0
4032,2025-11,11,332,4,0
4033,2024-11,3,56,1,0
4033,2024-12,4,115,2,0
4033,2025-01,4,134,2,0
4033,2025-02,1,19,0,0
4034,2025-09,1,30,1,1
4035,2025-07,6,182,0,0
4035,2025-08,15,471,5,0
4035,2025-09,6,227,3,0
4036,2025-05,3,111,0,0
4036,2025-06,2,57,0,1
4036,2025-07,1,20,0,0
4036,2025-08,2,69,0,0
4036,2025-09,2,83,0,0
4036,2025-10,4,87,0,0
4036,2025-11,1,30,0,0
4036,2025-12,2,69,0,0
4037,2025-05,8,223,0,0
4037,2025-06,6,243,0,1
4037,2025-07,4,87,0,0
4037,2025-08,5,189,0,0
4037,2025-09,8,164,0,0
4037,2025-10,12,414,0,0
4037,2025-11,6,152,0,0
4037,2025-12,5,106,0,0
4038,2025-09,2,56,1,0
4038,2025-10,2,54,0,1
4038,2025-11,1,36,0,0
4038,2025-12,3,96,0,0
4039,2025-03,7,198,1,0
4039,2025-04,1,23,0,0
4039,2025-05,3,77,1,1
4039,2025-06,10,350,2,0
4039,2025-07,3,78,0,0
4039,2025-08,4,113,0,1
4039,2025-09,3,77,1,0
4039,2025-10,5,124,2,0
4039,2025-11,2,64,0,1
4039,2025-12,3,56,1,2
4040,2024-09,0,0,0,0
4041,2025-02,5,148,0,0
4041,2025-03,4,132,1,0
4041,2025-04,4,143,3,0
4041,2025-05,8,170,2,0
4041,2025-06,15,403,5,0
4041,2025-07,7,187,3,0
4041,2025-08,8,254,1,0
4041,2025-09,5,178,0,0
4041,2025-10,2,68,0,0
4041,2025-11,6,207,0,0
4041,2025-12,5,206,2,0
4042,2025-02,1,36,1,0
4043,2024-10,2,50,0,0
4043,2024-11,0,0,0,0
4043,2024-12,3,102,0,0
4043,2025-01,4,119,0,0
4043,2025-02,2,58,0,0
4043,2025-03,0,0,0,0
4043,2025-04,2,64,0,0
4043,2025-05,2,74,0,0
4043,2025-06,0,0,0,0
4043,2025-07,0,0,0,0
4043,2025-08,3,,0,0
4043,2025-09,1,30,0,0
4044,2025-01,4,136,1,0
4044,2025-02,1,21,1,0
4044,2025-03,0,0,0,0
4044,2025-04,1,28,1,0
4044,2025-05,3,63,1,0
4044,2025-06,0,0,0,0
4044,2025-07,0,0,0,0
4044,2025-08,0,0,0,0
4044,2025-09,0,0,0,1
4044,2025-10,2,79,0,0
4044,2025-11,1,25,1,0
4044,2025-12,0,0,0,0
4045,2024-08,3,118,2,0
4045,2024-09,3,,2,0
4045,2024-10,7,135,3,0
4045,2024-11,5,139,1,0
4046,2025-01,1,34,0,0
4047,2025-07,1,29,0,0
4048,2025-05,8,205,0,1
4048,2025-06,15,365,0,0
4048,2025-07,15,588,0,0
4048,2025-08,10,330,0,0
4049,2025-04,6,,5,0
4049,2025-05,14,507,7,0
4049,2025-06,9,171,1,0
4049,2025-07,9,269,8,0
4049,2025-08,5,141,2,0
4049,2025-09,8,268,6,0
4049,2025-10,7,248,2,0
4049,2025-11,9,177,3,0
4049,2025-12,7,273,2,0
4050,2024-07,7,173,1,0
4050,2024-08,13,531,1,1
4050,2024-09,5,195,1,0
4050,2024-10,9,284,1,0
4050,2024-11,11,417,2,0
4050,2024-12,7,184,0,1
4050,2025-01,4,146,2,1
4050,2025-02,3,107,1,0
4050,2025-03,7,136,2,0
4050,2025-04,8,325,5,1
4050,2025-05,3,75,0,0
4050,2025-06,7,130,1,0
4050,2025-07,4,168,2,1
4050,2025-08,8,318,2,1
4050,2025-09,4,94,2,1
4050,2025-10,6,152,3,0
4050,2025-11,6,196,1,1
4050,2025-12,6,227,2,1
4051,2024-11,6,111,4,0
4051,2024-12,6,160,3,0
4051,2025-01,3,122,0,0
4051,2025-02,1,37,0,0
4051,2025-03,11,458,2,0
4051,2025-04,5,117,1,0
4051,2025-05,4,139,2,0
4051,2025-06,8,244,5,1
4051,2025-07,6,110,1,0
4051,2025-08,6,214,1,0
4051,2025-09,4,74,1,2
4051,2025-10,7,137,2,1
4051,2025-11,7,222,5,1
4051,2025-12,4,103,6,0
4052,2025-04,2,77,0,1
4052,2025-05,5,107,0,0
4052,2025-06,5,,0,1
4052,2025-07,3,83,0,2
4052,2025-08,4,80,0,1
4052,2025-09,4,121,0,0
4052,2025-10,7,233,0,1
4052,2025-11,5,137,0,0
4052,2025-12,7,162,0,1
4053,2025-03,5,154,0,0
4053,2025-04,0,0,0,0
4053,2025-05,5,160,0,0
4053,2025-06,5,152,0,0
4053,2025-07,2,67,0,0
4053,2025-08,2,65,0,0
4053,2025-09,6,110,0,0
4053,2025-10,2,46,0,1
4053,2025-11,2,68,0,0
4053,2025-12,2,46,0,0
4054,2025-02,17,337,0,0
4054,2025-03,10,255,0,0
4054,2025-04,13,340,0,0
4054,2025-05,11,291,0,0
4054,2025-06,8,207,0,1
4054,2025-07,13,485,0,0
4054,2025-08,15,431,0,0
4054,2025-09,11,292,0,0
4054,2025-10,14,,0,1
4054,2025-11,10,331,0,0
4054,2025-12,17,486,0,1
4055,2025-09,2,81,0,0
4055,2025-10,5,101,1,0
4055,2025-11,3,119,1,0
4055,2025-12,4,131,1,0
4056,2024-10,0,0,0,0
4057,2025-05,2,72,1,1
1101,2024-10,3,55,0,0
4057,2025-06,1,41,0,0
4057,2025-07,1,37,0,0
4057,2025-08,0,0,0,1
4057,2025-09,2,76,3,0
4057,2025-10,0,0,0,0
4057,2025-11,1,28,0,1
4057,2025-12,1,26,0,1
4058,2025-10,5,173,0,0
4058,2025-11,1,38,0,0
4058,2025-12,1,35,1,0
4059,2025-06,0,0,0,0
4059,2025-07,1,26,1,0
4059,2025-08,1,35,0,0
4060,2025-08,1,,2,0
4060,2025-09,1,,0,0
4061,2025-03,2,60,0,0
4061,2025-04,2,58,0,0
4061,2025-05,1,32,0,0
4061,2025-06,2,50,0,0
4061,2025-07,4,103,0,0
4061,2025-08,0,0,0,0
4061,2025-09,1,36,0,0
4061,2025-10,2,43,0,0
4061,2025-11,5,170,0,0
4062,2025-06,3,124,0,0
4062,2025-07,4,88,1,0
4062,2025-08,1,32,1,1
4063,2024-07,4,105,0,0
4063,2024-08,2,65,0,1
4063,2024-09,2,37,1,0
4063,2024-10,3,101,1,0
4063,2024-11,5,176,2,0
4063,2024-12,4,113,1,1
4063,2025-01,1,33,0,0
4063,2025-02,0,0,0,0
4063,2025-03,0,0,0,0
4063,2025-04,1,32,0,0
4063,2025-05,0,0,0,1
4064,2025-05,1,36,0,0
4064,2025-06,3,120,0,0
4064,2025-07,4,145,0,0
4064,2025-08,5,181,0,0
4064,2025-09,3,91,0,0
2307,2025-05,1,25,0,0
4064,2025-10,1,21,0,0
4064,2025-11,2,69,0,0
4064,2025-12,2,79,0,0
4065,2024-10,3,109,0,0
4065,2024-11,1,24,0,0
4066,2025-06,3,123,0,0
4066,2025-07,5,138,0,0
4066,2025-08,9,226,1,0
4066,2025-09,9,163,4,1
4066,2025-10,7,151,6,0
4066,2025-11,7,216,4,0
4066,2025-12,6,110,2,0
4067,2025-06,1,31,0,0
4067,2025-07,0,0,0,0
4067,2025-08,2,75,2,0
4067,2025-09,1,37,0,1
4068,2025-08,0,0,0,0
4068,2025-09,2,44,0,0
4069,2025-08,1,37,0,0
4069,2025-09,6,242,0,0
4069,2025-10,1,20,0,0
4069,2025-11,6,204,0,2
4069,2025-12,3,92,0,0
4070,2024-11,0,0,0,0
4070,2024-12,2,79,0,0
4070,2025-01,1,21,0,0
4070,2025-02,1,27,0,0
4070,2025-03,0,0,0,0
4070,2025-04,0,0,0,0
4070,2025-05,0,0,0,1
4070,2025-06,0,0,0,0
4070,2025-07,0,0,0,0
4070,2025-08,2,43,0,1
4070,2025-09,1,22,0,0
4070,2025-10,0,0,0,0
4071,2024-10,4,73,4,0
4071,2024-11,5,157,0,0
4071,2024-12,6,155,0,0
4071,2025-01,2,79,1,0
4071,2025-02,1,28,0,0
4071,2025-03,4,121,2,0
4071,2025-04,2,42,1,0
4071,2025-05,1,37,0,0
4071,2025-06,3,106,1,0
4071,2025-07,3,82,0,0
4071,2025-08,3,66,2,0
4071,2025-09,0,0,0,0
4071,2025-10,0,0,0,0
4071,2025-11,1,26,0,1
4072,2025-01,2,60,0,0
4072,2025-02,6,177,0,0
4072,2025-03,4,93,0,0
4072,2025-04,4,,0,0
4072,2025-05,4,85,0,0
4072,2025-06,7,189,0,0
4072,2025-07,6,187,0,0
4072,2025-08,7,282,0,0
4072,2025-09,5,206,0,0
4072,2025-10,6,169,0,0
4072,2025-11,2,71,0,0
4072,2025-12,5,163,0,0
4073,2025-09,15,424,0,0
4073,2025-10,17,377,0,0
4073,2025-11,12,358,0,0
4073,2025-12,11,301,0,0
4074,2025-07,7,182,0,0
4074,2025-08,7,286,1,1
4074,2025-09,9,266,1,0
4074,2025-10,7,272,1,0
4074,2025-11,10,320,2,0
4074,2025-12,7,220,3,0
4075,2025-02,0,0,0,0
4075,2025-03,3,71,0,0
4075,2025-04,3,91,0,0
4075,2025-05,5,157,0,0
4075,2025-06,7,194,0,1
4076,2025-04,4,161,1,0
4076,2025-05,7,179,2,0
4076,2025-06,3,72,1,0
4076,2025-07,1,35,1,0
4076,2025-08,4,122,0,0
4076,2025-09,2,46,1,0
4076,2025-10,3,109,2,0
4076,2025-11,4,140,2,1
4076,2025-12,4,108,1,0
4077,2025-08,9,307,3,0
4077,2025-09,7,210,2,0
4077,2025-10,8,201,3,0
4077,2025-11,7,207,4,0
4077,2025-12,7,192,0,0
4078,2025-04,4,157,0,0
4078,2025-05,9,217,0,0
4078,2025-06,3,67,0,0
4078,2025-07,9,,0,0
4078,2025-08,8,181,0,0
4078,2025-09,17,313,0,0
4078,2025-10,11,307,0,0
4078,2025-11,12,401,0,0
4078,2025-12,6,172,0,1
4079,2025-06,1,37,0,0
4079,2025-07,3,110,0,0
4079,2025-08,6,128,1,0
4079,2025-09,4,116,0,0
4079,2025-10,7,266,1,0
4079,2025-11,4,85,0,0
4079,2025-12,5,148,0,0
4080,2025-08,10,318,2,0
4080,2025-09,17,550,3,0
4080,2025-10,7,254,1,0
4080,2025-11,10,204,0,2
4080,2025-12,12,242,1,0
4081,2024-08,22,420,8,0
4081,2024-09,28,1145,13,0
4081,2024-10,27,489,7,0
4081,2024-11,15,488,7,0
4081,2024-12,24,923,7,0
4081,2025-01,19,664,3,1
4081,2025-02,20,828,4,1
4081,2025-03,19,637,7,1
4081,2025-04,24,860,5,0
4081,2025-05,19,702,2,2
4081,2025-06,14,578,4,0
4081,2025-07,20,504,5,0
4081,2025-08,25,884,6,0
4081,2025-09,21,695,2,0
4081,2025-10,19,413,4,0
4081,2025-11,22,420,6,0
4081,2025-12,18,709,3,0
4082,2025-04,6,169,1,0
4082,2025-05,3,59,1,0
4082,2025-06,3,56,0,0
4082,2025-07,7,253,1,0
4082,2025-08,4,130,2,0
4082,2025-09,4,80,2,0
4082,2025-10,4,144,4,0
4082,2025-11,2,53,0,1
4082,2025-12,4,80,1,1
4083,2025-10,0,0,0,0
4084,2025-02,0,0,0,0
4084,2025-03,3,103,0,1
4084,2025-04,3,74,1,0
4084,2025-05,0,0,0,0
4084,2025-06,1,22,0,0
4085,2024-07,1,30,0,0
4085,2024-08,4,136,0,0
4085,2024-09,4,141,0,0
4085,2024-10,2,51,0,0
4085,2024-11,0,0,0,0
4085,2024-12,2,55,0,0
4085,2025-01,1,38,0,0
4085,2025-02,4,116,0,0
4085,2025-03,1,23,0,0
4085,2025-04,2,43,0,1
4085,2025-05,1,21,0,0
4085,2025-06,0,0,0,0
4086,2025-09,1,22,0,0
4086,2025-10,1,41,0,0
4086,2025-11,5,206,1,0
4086,2025-12,3,108,0,1
4087,2024-07,4,141,1,0
4087,2024-08,3,,1,1
4087,2024-09,1,36,0,0
4087,2024-10,1,34,0,1
4087,2024-11,2,72,1,0
4087,2024-12,3,109,2,0
4087,2025-01,0,0,0,0
4087,2025-02,0,0,0,0
4087,2025-03,0,0,0,0
2174,2024-12,8,300,2,0
4087,2025-04,2,42,0,0
4087,2025-05,1,31,0,0
4087,2025-06,1,40,0,0
4088,2025-08,2,53,0,0
4088,2025-09,5,182,1,0
4088,2025-10,3,121,0,0
4088,2025-11,11,247,0,0
4088,2025-12,5,131,2,0
4089,2024-08,1,22,0,1
4089,2024-09,2,82,0,1
4089,2024-10,2,72,0,0
4089,2024-11,2,69,0,0
4089,2024-12,6,141,1,0
4089,2025-01,1,,0,0
4089,2025-02,2,80,0,1
4089,2025-03,1,42,0,0
4089,2025-04,3,66,0,0
4089,2025-05,0,0,0,0
4089,2025-06,0,0,0,0
4089,2025-07,0,0,0,1
4090,2024-09,3,70,0,0
4090,2024-10,2,54,0,0
4091,2024-08,2,79,0,0
4091,2024-09,9,371,0,0
4091,2024-10,5,198,0,0
4091,2024-11,8,258,0,0
4091,2024-12,7,228,0,0
4091,2025-01,3,117,0,0
4091,2025-02,8,178,0,0
4091,2025-03,7,249,0,0
4091,2025-04,3,107,0,0
4091,2025-05,6,167,0,1
4091,2025-06,6,228,0,0
4091,2025-07,4,147,0,0
4092,2024-10,6,219,2,0
4092,2024-11,5,145,1,0
4092,2024-12,5,152,1,0
4092,2025-01,6,234,2,0
4092,2025-02,7,262,6,0
4092,2025-03,10,182,4,0
4092,2025-04,4,128,0,0
4092,2025-05,6,196,2,0
4092,2025-06,10,265,1,0
4092,2025-07,8,192,1,0
4092,2025-08,6,201,3,0
4093,2024-08,8,212,0,0
4093,2024-09,9,293,0,0
4093,2024-10,7,189,0,0
4093,2024-11,9,245,0,0
4093,2024-12,3,112,0,0
4093,2025-01,6,176,0,0
4093,2025-02,9,251,0,0
4093,2025-03,7,173,0,1
4093,2025-04,5,176,0,0
4093,2025-05,4,164,0,0
4093,2025-06,5,134,0,0
4093,2025-07,13,531,0,0
4094,2025-06,5,139,1,1
4094,2025-07,6,225,1,0
4094,2025-08,6,179,2,0
4094,2025-09,10,268,0,1
4094,2025-10,7,153,3,0
4094,2025-11,10,384,3,0
4094,2025-12,11,211,2,1
4095,2025-02,1,21,0,0
4095,2025-03,0,0,0,0
4095,2025-04,4,96,1,0
4095,2025-05,3,100,0,0
4095,2025-06,0,0,0,0
4095,2025-07,1,18,0,0
4095,2025-08,2,36,1,0
4095,2025-09,1,20,0,0
4095,2025-10,1,19,0,0
4095,2025-11,1,36,0,0
4095,2025-12,0,0,0,0
4096,2025-07,7,283,0,0
4096,2025-08,5,102,0,0
4096,2025-09,11,340,0,0
4096,2025-10,5,127,0,0
4096,2025-11,8,302,0,0
4096,2025-12,7,212,0,0
4097,2025-04,5,133,0,0
4097,2025-05,0,0,0,0
4097,2025-06,2,51,0,0
4097,2025-07,2,58,0,0
4097,2025-08,4,105,0,1
4097,2025-09,2,71,0,0
4097,2025-10,2,66,0,0
4097,2025-11,1,30,0,0
4097,2025-12,0,0,0,1
4098,2025-09,2,64,2,0
4098,2025-10,1,28,2,0
4098,2025-11,1,32,0,0
4098,2025-12,4,120,1,0
4099,2025-01,3,114,1,0
4099,2025-02,1,36,0,0
4099,2025-03,1,19,0,0
4099,2025-04,5,176,2,0
4099,2025-05,4,76,0,0
4099,2025-06,5,197,0,0
4099,2025-07,2,65,3,0
4099,2025-08,1,28,1,0
3368,2025-10,1,28,0,0
4099,2025-09,0,0,0,0
4099,2025-10,0,0,0,0
4099,2025-11,0,0,0,0
4099,2025-12,1,40,0,0
4100,2024-09,3,83,0,1
4100,2024-10,4,165,0,0
4100,2024-11,9,195,0,0
4100,2024-12,6,202,0,1
4100,2025-01,7,145,0,0
4101,2025-04,3,57,0,0
4101,2025-05,5,142,0,0
4101,2025-06,7,272,0,0
4101,2025-07,2,67,0,1
4101,2025-08,2,68,0,0
4101,2025-09,1,26,0,0
4101,2025-10,6,206,0,2
4101,2025-11,5,137,0,1
4101,2025-12,2,62,0,0
4102,2024-10,1,24,0,0
4102,2024-11,3,75,0,0
4102,2024-12,0,0,0,0
4103,2025-10,4,110,3,0
4103,2025-11,6,184,2,0
4103,2025-12,10,219,8,0
4104,2025-05,3,113,0,0
4104,2025-06,9,164,3,0
4104,2025-07,7,202,0,0
4104,2025-08,7,149,4,0
4104,2025-09,2,38,0,0
4104,2025-10,5,93,0,0
4104,2025-11,6,132,1,0
4104,2025-12,3,63,0,0
4105,2025-06,3,94,0,0
4105,2025-07,10,411,0,0
4105,2025-08,4,166,0,1
4105,2025-09,8,247,0,0
4105,2025-10,15,327,0,2
4105,2025-11,12,406,0,0
4105,2025-12,12,366,0,1
4106,2025-02,3,64,0,0
4106,2025-03,1,38,0,0
4106,2025-04,6,164,0,0
4106,2025-05,2,38,0,0
4106,2025-06,5,102,0,0
4106,2025-07,3,77,0,0
4106,2025-08,3,124,0,0
4106,2025-09,3,,0,0
4106,2025-10,0,0,0,0
4106,2025-11,1,41,0,1
4107,2025-10,5,112,0,0
4107,2025-11,6,248,0,0
4107,2025-12,2,64,0,0
4108,2025-06,8,279,0,0
4108,2025-07,10,287,0,0
4108,2025-08,18,554,0,0
4108,2025-09,10,203,0,1
4108,2025-10,9,283,0,0
4108,2025-11,12,347,0,0
4108,2025-12,14,284,0,0
4109,2025-01,1,22,1,0
4109,2025-02,3,71,1,0
4109,2025-03,2,,0,0
4109,2025-04,0,0,0,1
4109,2025-05,2,60,1,0
4109,2025-06,1,39,0,0
4109,2025-07,0,0,0,0
4109,2025-08,1,41,0,0
4109,2025-09,0,0,0,0
4109,2025-10,1,19,2,0
4109,2025-11,0,0,0,0
4109,2025-12,0,0,0,1
4110,2025-10,1,31,0,0
4110,2025-11,0,,0,0
4110,2025-12,6,190,0,1
4111,2025-05,1,,0,0
4111,2025-06,3,81,1,0
4111,2025-07,3,113,1,0
4112,2024-11,5,121,0,0
4112,2024-12,6,215,0,0
4112,2025-01,10,343,0,0
4112,2025-02,4,141,0,0
4112,2025-03,4,138,0,0
4112,2025-04,6,247,0,0
4112,2025-05,3,56,0,0
4112,2025-06,3,70,0,0
4112,2025-07,9,249,0,0
4112,2025-08,7,247,0,0
4112,2025-09,6,198,0,0
4112,2025-10,5,101,0,0
4112,2025-11,6,231,0,0
4113,2025-05,5,195,0,0
4113,2025-06,7,213,0,0
4113,2025-07,7,196,4,0
4113,2025-08,9,228,5,0
4113,2025-09,3,124,1,0
4113,2025-10,4,93,2,0
4113,2025-11,13,424,2,0
4113,2025-12,5,149,2,0
4114,2024-11,2,55,0,0
4114,2024-12,1,34,0,1
4114,2025-01,1,18,0,0
4114,2025-02,1,37,0,0
4114,2025-03,3,93,0,0
4114,2025-04,1,30,0,0
4115,2025-09,6,198,0,0
4115,2025-10,4,84,0,1
4115,2025-11,3,95,0,0
4115,2025-12,9,201,0,0
4116,2024-10,1,29,0,0
4116,2024-11,4,93,0,0
4116,2024-12,4,117,0,0
4116,2025-01,3,81,0,0
4116,2025-02,4,144,0,0
4116,2025-03,3,85,0,0
4116,2025-04,3,94,0,0
4116,2025-05,1,31,0,0
4116,2025-06,2,73,0,0
4116,2025-07,2,51,0,0
4116,2025-08,1,22,0,1
4116,2025-09,0,0,0,1
4117,2025-09,1,27,1,0
4117,2025-10,1,18,0,0
4117,2025-11,0,0,0,0
4118,2025-10,7,135,0,0
4118,2025-11,4,132,0,0
4118,2025-12,4,144,0,0
4119,2025-08,2,56,0,0
4119,2025-09,5,123,0,0
4119,2025-10,7,256,0,0
4119,2025-11,6,173,0,0
4119,2025-12,4,126,0,0
4120,2024-11,9,224,1,0
4120,2024-12,8,268,4,0
4120,2025-01,14,316,3,0
4120,2025-02,10,319,0,0
4120,2025-03,14,294,3,0
4120,2025-04,11,318,4,0
4120,2025-05,6,222,3,1
4120,2025-06,12,487,2,0
4120,2025-07,14,456,3,0
4120,2025-08,4,163,0,0
4120,2025-09,10,311,1,0
4120,2025-10,5,166,2,0
4120,2025-11,12,,1,0
4120,2025-12,6,147,2,0
4121,2025-09,5,196,0,0
4121,2025-10,3,74,0,0
4121,2025-11,1,21,0,0
4121,2025-12,4,125,0,0
4122,2025-01,2,50,0,0
4122,2025-02,0,0,0,0
4122,2025-03,1,31,0,0
4123,2024-08,1,27,0,0
4123,2024-09,2,36,0,0
4123,2024-10,3,66,0,0
4123,2024-11,4,142,0,0
4123,2024-12,1,24,0,0
4123,2025-01,1,26,0,0
4123,2025-02,1,22,0,0
4123,2025-03,1,37,0,0
4123,2025-04,0,0,0,0
4123,2025-05,2,72,0,0
4123,2025-06,1,23,0,0
4123,2025-07,0,0,0,0
1237,2025-09,3,62,0,0
4123,2025-08,0,0,0,0
4123,2025-09,1,40,0,0
4123,2025-10,0,0,0,0
4123,2025-11,1,22,0,0
4123,2025-12,1,26,0,0
4124,2024-08,3,100,2,0
4124,2024-09,3,107,0,0
4125,2025-08,4,94,0,0
4125,2025-09,3,91,0,0
4125,2025-10,9,368,0,0
4125,2025-11,3,96,0,0
4125,2025-12,4,154,0,0
4126,2025-08,8,203,0,0
4126,2025-09,9,191,2,0
4126,2025-10,13,241,3,2
4126,2025-11,16,384,5,0
4126,2025-12,6,128,2,0
4127,2024-10,6,116,4,0
4127,2024-11,6,125,1,0
4127,2024-12,4,147,2,1
4127,2025-01,6,186,1,0
4127,2025-02,5,201,1,0
4127,2025-03,4,106,3,0
4127,2025-04,5,142,3,0
4127,2025-05,3,105,0,0
4127,2025-06,3,111,1,1
4128,2025-07,2,54,0,0
4128,2025-08,3,82,0,1
4128,2025-09,5,145,0,0
4128,2025-10,1,21,0,1
4128,2025-11,1,25,0,0
4128,2025-12,0,0,0,0
4129,2024-09,2,63,0,0
4129,2024-10,4,76,0,0
4129,2024-11,4,104,0,0
4129,2024-12,4,166,0,0
4129,2025-01,2,52,0,0
4129,2025-02,9,222,0,0
4129,2025-03,2,83,0,0
4129,2025-04,1,22,0,0
4129,2025-05,7,150,0,0
4129,2025-06,4,141,0,0
4129,2025-07,8,245,0,0
4129,2025-08,3,68,0,0
4129,2025-09,2,41,0,0
4129,2025-10,2,55,0,1
4129,2025-11,2,65,0,0
4129,2025-12,5,119,0,0
4130,2025-08,1,32,0,0
790,2025-02,6,238,0,0
4130,2025-09,2,51,1,0
4130,2025-10,1,39,0,0
4131,2024-09,1,22,0,0
4131,2024-10,2,59,1,0
4131,2024-11,5,207,1,0
4132,2025-03,8,183,2,0
4132,2025-04,6,131,2,0
4132,2025-05,7,171,0,0
4132,2025-06,10,235,1,0
4132,2025-07,5,157,3,0
4132,2025-08,4,123,1,0
4132,2025-09,5,207,2,0
4132,2025-10,7,210,3,0
4132,2025-11,10,185,5,0
4132,2025-12,0,0,0,0
4133,2025-03,6,157,0,0
4133,2025-04,15,347,4,0
4133,2025-05,11,255,2,0
4133,2025-06,4,81,0,0
4133,2025-07,6,204,4,0
4133,2025-08,11,211,3,0
4133,2025-09,10,372,1,0
4133,2025-10,11,229,2,0
4133,2025-11,8,167,4,0
4133,2025-12,15,295,3,0
4134,2025-05,6,151,0,0
4134,2025-06,15,618,0,0
4134,2025-07,14,289,0,0
4134,2025-08,15,556,0,0
4134,2025-09,10,322,0,0
4134,2025-10,10,329,0,0
4134,2025-11,16,390,0,0
4134,2025-12,8,,0,0
4135,2025-03,0,0,0,0
4136,2024-08,4,143,0,1
4136,2024-09,4,85,2,0
4136,2024-10,2,38,1,0
4136,2024-11,2,72,0,0
4136,2024-12,8,281,5,0
4136,2025-01,9,183,2,0
4136,2025-02,3,111,4,0
4136,2025-03,2,46,0,0
4136,2025-04,4,149,2,0
4136,2025-05,5,138,2,0
4136,2025-06,5,185,2,0
4136,2025-07,8,232,8,0
4136,2025-08,5,119,1,0
4136,2025-09,4,106,4,0
4136,2025-10,7,271,3,0
4136,2025-11,5,144,1,0
4136,2025-12,1,23,1,0
4137,2024-08,1,26,0,0
4137,2024-09,1,32,0,0
4137,2024-10,3,69,0,0
4137,2024-11,1,29,0,0
4138,2024-12,1,37,0,0
4138,2025-01,6,195,0,0
4138,2025-02,2,59,0,1
4138,2025-03,3,101,0,1
4138,2025-04,5,188,0,1
4138,2025-05,3,59,0,1
4138,2025-06,3,,0,0
4138,2025-07,5,131,0,0
4138,2025-08,0,0,0,0
4138,2025-09,0,0,0,0
4138,2025-10,2,46,0,2
4138,2025-11,0,0,0,0
4139,2024-12,2,70,1,0
4139,2025-01,2,47,1,0
4139,2025-02,1,39,0,1
4139,2025-03,0,0,0,0
4140,2024-10,3,64,0,0
4140,2024-11,8,311,0,0
4140,2024-12,6,156,0,0
4140,2025-01,6,179,0,0
4140,2025-02,7,,0,0
4140,2025-03,3,64,0,0
4140,2025-04,1,18,0,0
4140,2025-05,6,129,0,0
4140,2025-06,10,197,0,0
4140,2025-07,0,0,0,0
4140,2025-08,6,211,0,0
4141,2025-03,6,165,0,0
4141,2025-04,2,74,0,0
4141,2025-05,0,0,0,0
4142,2024-08,0,0,0,0
4142,2024-09,8,222,0,0
4142,2024-10,3,103,0,0
4142,2024-11,4,75,0,1
4142,2024-12,2,61,0,0
4142,2025-01,0,0,0,0
4142,2025-02,2,64,0,0
4142,2025-03,1,20,0,0
4142,2025-04,3,106,0,1
4142,2025-05,0,0,0,0
4142,2025-06,1,22,0,0
4142,2025-07,1,34,0,0
4142,2025-08,0,0,0,0
4142,2025-09,0,0,0,1
4143,2024-10,1,40,0,0
4143,2024-11,6,133,2,1
4143,2024-12,1,18,1,0
4144,2024-07,4,164,0,0
4144,2024-08,13,476,0,0
4144,2024-09,9,180,0,0
4144,2024-10,7,156,0,0
4144,2024-11,10,,0,2
4144,2024-12,6,181,0,0
4144,2025-01,5,178,0,0
4144,2025-02,9,326,0,0
4144,2025-03,6,193,0,0
4144,2025-04,6,151,0,0
4144,2025-05,9,374,0,0
4144,2025-06,5,158,0,0
4144,2025-07,7,202,0,0
4144,2025-08,7,131,0,0
4144,2025-09,4,146,0,0
4144,2025-10,9,375,0,0
4144,2025-11,7,243,0,0
4144,2025-12,7,179,0,0
4145,2025-08,2,74,0,0
4145,2025-09,2,48,1,1
4145,2025-10,2,45,1,1
4145,2025-11,2,72,0,3
4146,2025-10,3,,0,0
4146,2025-11,2,54,0,0
4146,2025-12,0,0,0,0
4147,2025-04,13,327,0,0
4147,2025-05,12,291,0,0
4147,2025-06,17,675,0,0
4147,2025-07,17,573,0,0
4147,2025-08,8,220,0,0
4147,2025-09,14,442,0,0
4147,2025-10,12,279,0,0
4147,2025-11,14,253,0,0
4147,2025-12,7,160,0,0
4148,2025-07,4,111,0,0
4148,2025-08,5,133,0,0
4148,2025-09,4,108,0,0
4148,2025-10,4,106,0,0
4148,2025-11,0,0,0,0
4148,2025-12,7,210,0,0
4149,2024-10,5,195,0,0
4149,2024-11,3,97,0,0
4149,2024-12,0,0,0,0
4149,2025-01,2,51,0,0
4149,2025-02,0,0,0,0
4149,2025-03,1,22,0,1
4150,2025-08,0,0,0,0
4150,2025-09,0,0,0,0
4150,2025-10,0,0,0,0
4151,2025-06,8,158,0,0
4151,2025-07,0,0,0,0
4151,2025-08,2,61,0,0
4152,2025-07,4,161,0,0
4152,2025-08,5,124,0,1
4152,2025-09,3,99,0,0
4152,2025-10,4,96,0,0
4152,2025-11,6,228,0,0
4152,2025-12,0,0,0,0
4153,2024-12,2,45,2,0
4153,2025-01,4,120,0,0
4153,2025-02,9,343,3,0
4153,2025-03,4,134,0,0
4153,2025-04,3,84,0,1
4153,2025-05,6,148,4,0
4153,2025-06,0,0,0,0
4153,2025-07,5,177,4,0
4153,2025-08,1,19,0,0
4153,2025-09,2,47,0,0
4153,2025-10,3,96,0,1
4153,2025-11,3,56,0,1
4153,2025-12,4,114,0,0
4154,2025-09,2,43,1,0
4154,2025-10,3,101,0,0
4154,2025-11,2,50,3,0
4155,2024-08,1,25,0,0
4155,2024-09,2,43,0,0
4155,2024-10,6,151,0,0
4155,2024-11,2,56,0,1
4155,2024-12,7,146,0,1
4155,2025-01,1,33,0,0
4155,2025-02,0,0,0,0
4155,2025-03,0,0,0,0
4155,2025-04,3,122,0,2
4155,2025-05,4,158,0,0
4155,2025-06,2,78,0,0
4155,2025-07,1,28,0,0
4155,2025-08,0,0,0,1
4155,2025-09,0,0,0,1
4156,2025-09,3,71,0,0
4156,2025-10,2,70,0,0
4156,2025-11,0,0,0,0
4156,2025-12,0,0,0,0
4157,2025-07,3,89,0,0
4157,2025-08,8,156,0,0
4157,2025-09,4,143,0,0
4157,2025-10,9,314,0,0
4158,2025-07,0,0,0,0
4159,2024-10,3,74,1,0
4159,2024-11,3,87,1,0
4159,2024-12,4,81,3,0
4159,2025-01,7,220,2,0
4159,2025-02,7,289,5,0
4159,2025-03,3,92,0,0
4159,2025-04,6,119,3,0
4159,2025-05,4,164,1,0
4159,2025-06,4,97,2,0
4159,2025-07,3,99,0,0
4159,2025-08,3,109,5,0
4159,2025-09,1,39,0,0
4160,2025-01,1,35,0,0
4160,2025-02,0,0,0,0
4161,2024-12,0,0,0,0
4161,2025-01,1,22,0,0
4161,2025-02,2,76,0,0
4161,2025-03,1,39,0,0
4161,2025-04,2,38,0,0
4161,2025-05,2,50,0,0
4161,2025-06,0,0,0,0
4161,2025-07,2,49,0,0
4161,2025-08,0,0,0,0
4161,2025-09,0,0,0,0
4161,2025-10,0,0,0,0
3971,2025-09,0,0,0,0
4161,2025-11,3,110,0,0
4161,2025-12,1,23,0,0
4162,2024-09,4,115,0,0
4162,2024-10,3,81,0,0
4162,2024-11,3,78,0,0
4162,2024-12,5,210,0,0
4162,2025-01,5,180,0,0
4162,2025-02,8,209,0,0
4162,2025-03,4,92,0,0
4162,2025-04,5,191,0,0
4162,2025-05,3,117,0,0
4162,2025-06,5,160,0,0
4162,2025-07,6,194,0,0
4162,2025-08,4,144,0,0
4162,2025-09,5,95,0,0
4162,2025-10,8,272,0,0
4162,2025-11,5,125,0,0
4162,2025-12,5,158,0,0
4163,2024-08,1,24,0,0
4163,2024-09,0,0,0,0
4163,2024-10,1,39,0,0
4163,2024-11,3,91,0,0
4163,2024-12,1,26,0,0
4163,2025-01,2,59,0,0
4163,2025-02,5,125,0,0
4163,2025-03,1,36,0,0
4163,2025-04,1,38,0,1
4163,2025-05,2,54,0,0
4163,2025-06,1,33,0,0
4163,2025-07,3,111,0,0
4164,2025-05,5,147,3,0
4164,2025-06,5,142,2,0
4164,2025-07,5,202,1,0
4164,2025-08,7,163,2,0
4164,2025-09,2,47,1,0
4164,2025-10,5,109,1,0
4164,2025-11,5,157,2,0
4164,2025-12,4,161,0,0
4165,2025-01,3,56,3,0
4165,2025-02,4,85,0,1
4165,2025-03,0,0,0,0
4165,2025-04,2,54,1,1
4166,2025-09,1,40,0,0
4166,2025-10,2,50,0,0
4167,2024-11,4,79,0,0
4167,2024-12,5,120,0,0
4167,2025-01,2,59,0,0
4167,2025-02,2,54,0,0
4167,2025-03,2,83,0,0
4167,2025-04,3,101,0,0
4167,2025-05,1,38,0,0
4167,2025-06,3,123,0,0
4167,2025-07,1,19,0,0
4167,2025-08,2,49,0,0
4167,2025-09,4,85,0,0
4167,2025-10,1,20,0,0
4167,2025-11,0,0,0,0
4167,2025-12,1,41,0,0
4168,2025-09,5,122,0,0
4168,2025-10,4,106,0,0
4168,2025-11,2,69,0,0
4168,2025-12,2,79,0,0
4169,2025-05,10,196,2,0
4169,2025-06,9,215,3,0
4169,2025-07,12,440,4,0
4169,2025-08,9,316,0,1
4169,2025-09,7,166,2,0
4169,2025-10,13,489,4,0
4169,2025-11,13,316,1,0
4169,2025-12,8,296,1,0
4170,2025-08,3,121,0,0
4170,2025-09,3,70,0,1
4170,2025-10,4,82,0,0
4170,2025-11,8,211,0,1
4170,2025-12,8,254,0,0
4171,2024-08,1,36,0,0
4171,2024-09,2,50,0,0
4171,2024-10,4,84,0,0
4171,2024-11,1,34,0,0
4171,2024-12,5,182,0,0
4171,2025-01,3,116,0,0
4171,2025-02,1,40,0,0
4171,2025-03,3,114,0,0
4171,2025-04,0,0,0,1
4171,2025-05,1,29,0,0
4171,2025-06,1,25,0,0
4171,2025-07,1,19,0,0
4172,2024-12,8,272,3,0
4172,2025-01,4,99,0,0
4172,2025-02,6,229,0,0
4172,2025-03,8,203,1,1
4172,2025-04,1,20,1,0
4172,2025-05,3,59,0,0
4172,2025-06,7,224,3,0
4172,2025-07,5,173,1,0
4172,2025-08,6,138,3,0
4173,2025-07,0,0,0,0
4173,2025-08,2,61,0,0
4173,2025-09,0,0,0,0
4173,2025-10,4,99,0,0
4173,2025-11,3,102,0,0
4173,2025-12,0,0,0,0
4174,2025-08,1,25,0,1
4174,2025-09,0,0,0,0
4174,2025-10,1,25,0,0
4174,2025-11,2,63,0,0
4174,2025-12,3,89,0,0
4175,2024-11,0,0,0,0
4175,2024-12,3,66,0,0
4175,2025-01,0,0,0,0
4176,2025-07,1,22,0,0
4176,2025-08,1,21,0,0
4176,2025-09,0,0,0,0
4177,2025-09,9,292,3,0
4177,2025-10,14,525,4,0
4177,2025-11,14,362,6,0
4177,2025-12,12,448,5,0
4178,2025-10,0,0,0,0
4178,2025-11,1,18,0,0
4178,2025-12,0,0,0,0
4179,2025-08,6,209,1,0
4179,2025-09,3,108,0,0
4179,2025-10,6,203,5,0
4179,2025-11,0,0,0,0
4179,2025-12,5,132,0,0
4180,2025-06,1,39,0,0
4180,2025-07,2,52,0,0
4181,2024-11,5,188,2,0
4181,2024-12,3,114,3,1
4181,2025-01,7,154,3,0
4181,2025-02,6,236,1,0
4181,2025-03,6,202,2,0
4181,2025-04,3,118,1,0
4181,2025-05,7,151,3,0
4181,2025-06,12,222,7,1
4181,2025-07,9,364,3,0
4181,2025-08,1,38,0,1
4181,2025-09,4,114,1,0
4181,2025-10,6,203,2,1
4181,2025-11,5,180,1,0
4181,2025-12,1,19,0,0
4182,2025-04,5,129,0,0
4182,2025-05,3,98,0,1
4182,2025-06,1,26,0,0
4182,2025-07,3,84,0,0
4182,2025-08,1,38,0,0
4182,2025-09,2,66,0,0
4182,2025-10,4,83,0,0
4182,2025-11,1,21,0,0
4182,2025-12,4,108,0,0
4183,2024-10,1,20,0,0
4183,2024-11,3,117,0,0
4183,2024-12,0,0,0,0
4184,2024-11,5,145,4,0
4184,2024-12,10,222,6,0
4184,2025-01,9,245,2,0
4184,2025-02,8,242,7,0
4184,2025-03,10,277,6,0
743,2025-01,0,0,0,0
4184,2025-04,8,306,0,0
4184,2025-05,13,317,5,0
4184,2025-06,6,150,5,0
4184,2025-07,8,325,4,0
4184,2025-08,11,433,1,1
4184,2025-09,9,375,3,0
4184,2025-10,15,281,5,0
4184,2025-11,5,175,1,0
4184,2025-12,1,23,2,0
4185,2024-10,4,110,0,0
4185,2024-11,8,268,0,0
4185,2024-12,6,130,0,0
4185,2025-01,14,315,0,0
4185,2025-02,5,116,0,0
4185,2025-03,8,331,0,0
4185,2025-04,6,165,0,0
4185,2025-05,5,174,0,0
4186,2025-02,0,0,0,0
4186,2025-03,1,38,0,1
4186,2025-04,0,0,0,0
4187,2025-08,1,38,0,0
4187,2025-09,1,30,0,0
4187,2025-10,1,20,0,0
4187,2025-11,1,31,0,0
4187,2025-12,1,20,0,0
4188,2024-08,2,,0,1
4189,2025-07,4,113,0,0
4189,2025-08,11,274,0,0
4189,2025-09,6,237,0,0
4189,2025-10,11,241,0,0
4189,2025-11,9,368,0,0
4189,2025-12,10,358,0,0
4190,2025-02,5,123,2,0
4191,2024-09,4,157,1,0
4191,2024-10,3,93,0,0
4191,2024-11,1,38,2,0
4192,2025-06,10,365,0,0
4192,2025-07,6,244,0,0
4192,2025-08,6,212,0,0
4192,2025-09,5,201,0,0
4192,2025-10,4,126,0,0
4192,2025-11,6,222,0,0
4192,2025-12,4,133,0,0
4193,2024-10,0,0,0,0
4193,2024-11,3,80,0,0
4193,2024-12,2,57,0,0
4193,2025-01,8,285,0,0
4193,2025-02,2,63,0,0
4193,2025-03,2,55,0,0
4193,2025-04,2,63,0,0
4193,2025-05,1,22,0,0
4193,2025-06,0,0,0,0
4193,2025-07,0,0,0,0
4193,2025-08,2,39,0,1
4193,2025-09,0,0,0,0
4193,2025-10,1,38,0,0
4194,2025-01,1,23,1,0
4194,2025-02,7,195,1,0
4194,2025-03,4,162,1,0
4194,2025-04,5,183,2,0
4194,2025-05,5,122,4,1
4194,2025-06,3,96,2,0
4194,2025-07,4,79,3,0
4194,2025-08,4,115,1,0
4194,2025-09,4,165,3,0
4194,2025-10,2,82,2,2
4194,2025-11,0,0,0,0
4194,2025-12,2,57,0,1
4195,2025-10,5,184,0,0
4195,2025-11,7,245,0,0
4195,2025-12,8,250,2,0
4196,2025-03,8,203,0,0
4196,2025-04,11,455,0,0
4196,2025-05,11,343,0,0
4196,2025-06,18,424,0,0
4196,2025-07,10,182,0,0
4196,2025-08,14,278,0,0
4196,2025-09,7,131,0,0
4196,2025-10,9,201,0,0
4196,2025-11,16,294,0,0
4196,2025-12,12,336,0,0
4197,2025-03,4,144,0,0
4197,2025-04,2,64,0,0
4197,2025-05,2,63,0,0
4197,2025-06,2,38,0,0
4197,2025-07,2,77,0,0
4197,2025-08,6,,0,0
4197,2025-09,4,114,0,0
4197,2025-10,7,147,0,0
4197,2025-11,6,213,0,0
4197,2025-12,10,254,0,0
4198,2024-12,6,225,2,0
4198,2025-01,5,91,2,1
4198,2025-02,2,45,1,0
4198,2025-03,1,33,0,0
4198,2025-04,3,59,2,0
4198,2025-05,2,63,0,0
4198,2025-06,6,142,2,0
4198,2025-07,8,218,1,0
4198,2025-08,3,99,0,0
4198,2025-09,4,117,1,0
4198,2025-10,4,159,1,0
4198,2025-11,4,86,1,0
4198,2025-12,4,130,1,0
4199,2024-09,8,312,3,0
4199,2024-10,1,19,1,0
4199,2024-11,8,292,1,0
4199,2024-12,5,144,2,0
4199,2025-01,8,287,1,0
4199,2025-02,5,195,2,0
4199,2025-03,8,,2,0
4199,2025-04,5,133,0,0
4199,2025-05,5,122,0,0
4199,2025-06,11,269,4,0
4199,2025-07,6,181,1,0
4199,2025-08,4,154,2,0
4199,2025-09,4,121,2,0
4199,2025-10,5,155,1,0
4199,2025-11,15,292,3,0
4199,2025-12,7,132,1,0
4200,2025-01,15,281,0,0
4200,2025-02,18,461,0,0
4200,2025-03,15,524,0,0
4200,2025-04,12,408,0,0
4200,2025-05,10,186,0,0
4200,2025-06,16,342,0,0
4200,2025-07,10,386,0,2
4200,2025-08,9,314,0,2
4200,2025-09,13,487,0,0
4200,2025-10,14,521,0,0
4200,2025-11,10,207,0,1
4200,2025-12,9,266,0,0
